timestamp,zone,type,temp_mC,critical_mC
2026-08-28T22:04:48+05:30,thermal_zone0,acpitz,48000,128000
2026-08-28T22:04:48+05:30,thermal_zone1,pch_cannonlake,53000,120000
2026-08-28T22:04:48+05:30,thermal_zone2,INT3400 Thermal,20000,0
2026-08-28T22:04:48+05:30,thermal_zone3,SEN1,1050,103050
2026-08-28T22:04:48+05:30,thermal_zone4,SEN2,41050,80050
2026-08-28T22:04:48+05:30,thermal_zone5,B0D4,48050,110050
2026-08-28T22:04:48+05:30,thermal_zone6,iwlwifi_1,55000,0
2026-08-28T22:04:48+05:30,thermal_zone7,x86_pkg_temp,87000,0
2026-08-28T22:04:49+05:30,thermal_zone0,acpitz,48000,128000
2026-08-28T22:04:49+05:30,thermal_zone1,pch_cannonlake,53000,120000
2026-08-28T22:04:49+05:30,thermal_zone2,INT3400 Thermal,20000,0
2026-08-28T22:04:49+05:30,thermal_zone3,SEN1,1050,103050
2026-08-28T22:04:49+05:30,thermal_zone4,SEN2,41050,80050
2026-08-28T22:04:49+05:30,thermal_zone5,B0D4,48050,110050
2026-08-28T22:04:49+05:30,thermal_zone6,iwlwifi_1,56000,0
2026-08-28T22:04:49+05:30,thermal_zone7,x86_pkg_temp,83000,0
2026-08-28T22:04:50+05:30,thermal_zone0,acpitz,48000,128000
2026-08-28T22:04:50+05:30,thermal_zone1,pch_cannonlake,55000,120000
2026-08-28T22:04:50+05:30,thermal_zone2,INT3400 Thermal,20000,0
2026-08-28T22:04:50+05:30,thermal_zone3,SEN1,1050,103050
2026-08-28T22:04:50+05:30,thermal_zone4,SEN2,41050,80050
2026-08-28T22:04:50+05:30,thermal_zone5,B0D4,48050,110050
2026-08-28T22:04:50+05:30,thermal_zone6,iwlwifi_1,55000,0
2026-08-28T22:04:50+05:30,thermal_zone7,x86_pkg_temp,83000,0
2026-08-28T22:04:51+05:30,thermal_zone0,acpitz,48000,128000
2026-08-28T22:04:51+05:30,thermal_zone1,pch_cannonlake,53000,120000
2026-08-28T22:04:51+05:30,thermal_zone2,INT3400 Thermal,20000,0
2026-08-28T22:04:51+05:30,thermal_zone3,SEN1,1050,103050
2026-08-28T22:04:51+05:30,thermal_zone4,SEN2,41050,80050
2026-08-28T22:04:51+05:30,thermal_zone5,B0D4,48050,110050
2026-08-28T22:04:51+05:30,thermal_zone6,iwlwifi_1,55000,0
2026-08-28T22:04:51+05:30,thermal_zone7,x86_pkg_temp,84000,0
2026-08-28T22:04:52+05:30,thermal_zone0,acpitz,48000,128000
2026-08-28T22:04:52+05:30,thermal_zone1,pch_cannonlake,55000,120000
2026-08-28T22:04:52+05:30,thermal_zone2,INT3400 Thermal,20000,0
2026-08-28T22:04:52+05:30,thermal_zone3,SEN1,1050,103050
2026-08-28T22:04:52+05:30,thermal_zone4,SEN2,41050,80050
2026-08-28T22:04:52+05:30,thermal_zone5,B0D4,48050,110050
2026-08-28T22:04:52+05:30,thermal_zone6,iwlwifi_1,54000,0
2026-08-28T22:04:52+05:30,thermal_zone7,x86_pkg_temp,84000,0
2026-08-28T22:04:54+05:30,thermal_zone0,acpitz,48000,128000
2026-08-28T22:04:54+05:30,thermal_zone1,pch_cannonlake,54000,120000
2026-08-28T22:04:54+05:30,thermal_zone2,INT3400 Thermal,20000,0
2026-08-28T22:04:54+05:30,thermal_zone3,SEN1,1050,103050
2026-08-28T22:04:54+05:30,thermal_zone4,SEN2,41050,80050
2026-08-28T22:04:54+05:30,thermal_zone5,B0D4,48050,110050
2026-08-28T22:04:54+05:30,thermal_zone6,iwlwifi_1,54000,0
2026-08-28T22:04:54+05:30,thermal_zone7,x86_pkg_temp,85000,0
2026-08-28T22:04:55+05:30,thermal_zone0,acpitz,48000,128000
2026-08-28T22:04:55+05:30,thermal_zone1,pch_cannonlake,55000,120000
2026-08-28T22:04:55+05:30,thermal_zone2,INT3400 Thermal,20000,0
2026-08-28T22:04:55+05:30,thermal_zone3,SEN1,1050,103050
2026-08-28T22:04:55+05:30,thermal_zone4,SEN2,41050,80050
2026-08-28T22:04:55+05:30,thermal_zone5,B0D4,48050,110050
2026-08-28T22:04:55+05:30,thermal_zone6,iwlwifi_1,55000,0
2026-08-28T22:04:55+05:30,thermal_zone7,x86_pkg_temp,68000,0
2026-08-28T22:04:56+05:30,thermal_zone0,acpitz,48000,128000
2026-08-28T22:04:56+05:30,thermal_zone1,pch_cannonlake,55000,120000
2026-08-28T22:04:56+05:30,thermal_zone2,INT3400 Thermal,20000,0
2026-08-28T22:04:56+05:30,thermal_zone3,SEN1,1050,103050
2026-08-28T22:04:56+05:30,thermal_zone4,SEN2,41050,80050
2026-08-28T22:04:56+05:30,thermal_zone5,B0D4,48050,110050
2026-08-28T22:04:56+05:30,thermal_zone6,iwlwifi_1,56000,0
2026-08-28T22:04:56+05:30,thermal_zone7,x86_pkg_temp,66000,0
2026-08-28T22:04:57+05:30,thermal_zone0,acpitz,48000,128000
2026-08-28T22:04:57+05:30,thermal_zone1,pch_cannonlake,55000,120000
2026-08-28T22:04:57+05:30,thermal_zone2,INT3400 Thermal,20000,0
2026-08-28T22:04:57+05:30,thermal_zone3,SEN1,1050,103050
2026-08-28T22:04:57+05:30,thermal_zone4,SEN2,41050,80050
2026-08-28T22:04:57+05:30,thermal_zone5,B0D4,48050,110050
2026-08-28T22:04:57+05:30,thermal_zone6,iwlwifi_1,57000,0
2026-08-28T22:04:57+05:30,thermal_zone7,x86_pkg_temp,65000,0
2026-08-28T22:04:59+05:30,thermal_zone0,acpitz,48000,128000
2026-08-28T22:04:59+05:30,thermal_zone1,pch_cannonlake,55000,120000
2026-08-28T22:04:59+05:30,thermal_zone2,INT3400 Thermal,20000,0
2026-08-28T22:04:59+05:30,thermal_zone3,SEN1,1050,103050
2026-08-28T22:04:59+05:30,thermal_zone4,SEN2,42050,80050
2026-08-28T22:04:59+05:30,thermal_zone5,B0D4,48050,110050
2026-08-28T22:04:59+05:30,thermal_zone6,iwlwifi_1,56000,0
2026-08-28T22:04:59+05:30,thermal_zone7,x86_pkg_temp,64000,0
2026-08-28T22:05:00+05:30,thermal_zone0,acpitz,48000,128000
2026-08-28T22:05:00+05:30,thermal_zone1,pch_cannonlake,55000,120000
2026-08-28T22:05:00+05:30,thermal_zone2,INT3400 Thermal,20000,0
2026-08-28T22:05:00+05:30,thermal_zone3,SEN1,1050,103050
2026-08-28T22:05:00+05:30,thermal_zone4,SEN2,42050,80050
2026-08-28T22:05:00+05:30,thermal_zone5,B0D4,48050,110050
2026-08-28T22:05:00+05:30,thermal_zone6,iwlwifi_1,56000,0
2026-08-28T22:05:00+05:30,thermal_zone7,x86_pkg_temp,63000,0
2026-08-28T22:05:01+05:30,thermal_zone0,acpitz,48000,128000
2026-08-28T22:05:01+05:30,thermal_zone1,pch_cannonlake,55000,120000
2026-08-28T22:05:01+05:30,thermal_zone2,INT3400 Thermal,20000,0
2026-08-28T22:05:01+05:30,thermal_zone3,SEN1,1050,103050
2026-08-28T22:05:01+05:30,thermal_zone4,SEN2,42050,80050
2026-08-28T22:05:01+05:30,thermal_zone5,B0D4,48050,110050
2026-08-28T22:05:01+05:30,thermal_zone6,iwlwifi_1,55000,0
2026-08-28T22:05:01+05:30,thermal_zone7,x86_pkg_temp,63000,0
2026-08-28T22:05:03+05:30,thermal_zone0,acpitz,48000,128000
2026-08-28T22:05:03+05:30,thermal_zone1,pch_cannonlake,53000,120000
2026-08-28T22:05:03+05:30,thermal_zone2,INT3400 Thermal,20000,0
2026-08-28T22:05:03+05:30,thermal_zone3,SEN1,1050,103050
2026-08-28T22:05:03+05:30,thermal_zone4,SEN2,42050,80050
2026-08-28T22:05:03+05:30,thermal_zone5,B0D4,48050,110050
2026-08-28T22:05:03+05:30,thermal_zone6,iwlwifi_1,55000,0
2026-08-28T22:05:03+05:30,thermal_zone7,x86_pkg_temp,65000,0
2026-08-28T22:05:04+05:30,thermal_zone0,acpitz,48000,128000
2026-08-28T22:05:04+05:30,thermal_zone1,pch_cannonlake,54000,120000
2026-08-28T22:05:04+05:30,thermal_zone2,INT3400 Thermal,20000,0
2026-08-28T22:05:04+05:30,thermal_zone3,SEN1,1050,103050
2026-08-28T22:05:04+05:30,thermal_zone4,SEN2,42050,80050
2026-08-28T22:05:04+05:30,thermal_zone5,B0D4,48050,110050
2026-08-28T22:05:04+05:30,thermal_zone6,iwlwifi_1,56000,0
2026-08-28T22:05:04+05:30,thermal_zone7,x86_pkg_temp,65000,0
2026-08-28T22:05:05+05:30,thermal_zone0,acpitz,48000,128000
2026-08-28T22:05:05+05:30,thermal_zone1,pch_cannonlake,55000,120000
2026-08-28T22:05:05+05:30,thermal_zone2,INT3400 Thermal,20000,0
2026-08-28T22:05:05+05:30,thermal_zone3,SEN1,1050,103050
2026-08-28T22:05:05+05:30,thermal_zone4,SEN2,42050,80050
2026-08-28T22:05:05+05:30,thermal_zone5,B0D4,48050,110050
2026-08-28T22:05:05+05:30,thermal_zone6,iwlwifi_1,57000,0
2026-08-28T22:05:05+05:30,thermal_zone7,x86_pkg_temp,65000,0
2026-08-28T22:05:06+05:30,thermal_zone0,acpitz,48000,128000
2026-08-28T22:05:06+05:30,thermal_zone1,pch_cannonlake,53000,120000
2026-08-28T22:05:06+05:30,thermal_zone2,INT3400 Thermal,20000,0
2026-08-28T22:05:06+05:30,thermal_zone3,SEN1,1050,103050
2026-08-28T22:05:06+05:30,thermal_zone4,SEN2,42050,80050
2026-08-28T22:05:06+05:30,thermal_zone5,B0D4,48050,110050
2026-08-28T22:05:06+05:30,thermal_zone6,iwlwifi_1,57000,0
2026-08-28T22:05:06+05:30,thermal_zone7,x86_pkg_temp,66000,0
2026-08-28T22:05:08+05:30,thermal_zone0,acpitz,48000,128000
2026-08-28T22:05:08+05:30,thermal_zone1,pch_cannonlake,55000,120000
2026-08-28T22:05:08+05:30,thermal_zone2,INT3400 Thermal,20000,0
2026-08-28T22:05:08+05:30,thermal_zone3,SEN1,1050,103050
2026-08-28T22:05:08+05:30,thermal_zone4,SEN2,42050,80050
2026-08-28T22:05:08+05:30,thermal_zone5,B0D4,48050,110050
2026-08-28T22:05:08+05:30,thermal_zone6,iwlwifi_1,57000,0
2026-08-28T22:05:08+05:30,thermal_zone7,x86_pkg_temp,64000,0
2026-08-28T22:05:09+05:30,thermal_zone0,acpitz,48000,128000
2026-08-28T22:05:09+05:30,thermal_zone1,pch_cannonlake,55000,120000
2026-08-28T22:05:09+05:30,thermal_zone2,INT3400 Thermal,20000,0
2026-08-28T22:05:09+05:30,thermal_zone3,SEN1,1050,103050
2026-08-28T22:05:09+05:30,thermal_zone4,SEN2,42050,80050
2026-08-28T22:05:09+05:30,thermal_zone5,B0D4,48050,110050
2026-08-28T22:05:09+05:30,thermal_zone6,iwlwifi_1,56000,0
2026-08-28T22:05:09+05:30,thermal_zone7,x86_pkg_temp,65000,0
2026-08-28T22:05:10+05:30,thermal_zone0,acpitz,48000,128000
2026-08-28T22:05:10+05:30,thermal_zone1,pch_cannonlake,54000,120000
2026-08-28T22:05:10+05:30,thermal_zone2,INT3400 Thermal,20000,0
2026-08-28T22:05:10+05:30,thermal_zone3,SEN1,1050,103050
2026-08-28T22:05:10+05:30,thermal_zone4,SEN2,42050,80050
2026-08-28T22:05:10+05:30,thermal_zone5,B0D4,48050,110050
2026-08-28T22:05:10+05:30,thermal_zone6,iwlwifi_1,55000,0
2026-08-28T22:05:10+05:30,thermal_zone7,x86_pkg_temp,67000,0
2026-08-28T22:05:11+05:30,thermal_zone0,acpitz,48000,128000
2026-08-28T22:05:11+05:30,thermal_zone1,pch_cannonlake,55000,120000
2026-08-28T22:05:11+05:30,thermal_zone2,INT3400 Thermal,20000,0
2026-08-28T22:05:11+05:30,thermal_zone3,SEN1,1050,103050
2026-08-28T22:05:11+05:30,thermal_zone4,SEN2,42050,80050
2026-08-28T22:05:11+05:30,thermal_zone5,B0D4,48050,110050
2026-08-28T22:05:11+05:30,thermal_zone6,iwlwifi_1,55000,0
2026-08-28T22:05:11+05:30,thermal_zone7,x86_pkg_temp,64000,0
2026-08-28T22:05:13+05:30,thermal_zone0,acpitz,48000,128000
2026-08-28T22:05:13+05:30,thermal_zone1,pch_cannonlake,55000,120000
2026-08-28T22:05:13+05:30,thermal_zone2,INT3400 Thermal,20000,0
2026-08-28T22:05:13+05:30,thermal_zone3,SEN1,1050,103050
2026-08-28T22:05:13+05:30,thermal_zone4,SEN2,42050,80050
2026-08-28T22:05:13+05:30,thermal_zone5,B0D4,48050,110050
2026-08-28T22:05:13+05:30,thermal_zone6,iwlwifi_1,55000,0
2026-08-28T22:05:13+05:30,thermal_zone7,x86_pkg_temp,66000,0
2026-08-28T22:05:14+05:30,thermal_zone0,acpitz,48000,128000
2026-08-28T22:05:14+05:30,thermal_zone1,pch_cannonlake,54000,120000
2026-08-28T22:05:14+05:30,thermal_zone2,INT3400 Thermal,20000,0
2026-08-28T22:05:14+05:30,thermal_zone3,SEN1,1050,103050
2026-08-28T22:05:14+05:30,thermal_zone4,SEN2,42050,80050
2026-08-28T22:05:14+05:30,thermal_zone5,B0D4,48050,110050
2026-08-28T22:05:14+05:30,thermal_zone6,iwlwifi_1,55000,0
2026-08-28T22:05:14+05:30,thermal_zone7,x86_pkg_temp,66000,0
2026-08-28T22:05:15+05:30,thermal_zone0,acpitz,48000,128000
2026-08-28T22:05:15+05:30,thermal_zone1,pch_cannonlake,55000,120000
2026-08-28T22:05:15+05:30,thermal_zone2,INT3400 Thermal,20000,0
2026-08-28T22:05:15+05:30,thermal_zone3,SEN1,1050,103050
2026-08-28T22:05:15+05:30,thermal_zone4,SEN2,42050,80050
2026-08-28T22:05:15+05:30,thermal_zone5,B0D4,48050,110050
2026-08-28T22:05:15+05:30,thermal_zone6,iwlwifi_1,55000,0
2026-08-28T22:05:15+05:30,thermal_zone7,x86_pkg_temp,65000,0
2026-08-28T22:05:16+05:30,thermal_zone0,acpitz,48000,128000
2026-08-28T22:05:16+05:30,thermal_zone1,pch_cannonlake,53000,120000
2026-08-28T22:05:16+05:30,thermal_zone2,INT3400 Thermal,20000,0
2026-08-28T22:05:16+05:30,thermal_zone3,SEN1,1050,103050
2026-08-28T22:05:16+05:30,thermal_zone4,SEN2,42050,80050
2026-08-28T22:05:16+05:30,thermal_zone5,B0D4,48050,110050
2026-08-28T22:05:16+05:30,thermal_zone6,iwlwifi_1,55000,0
2026-08-28T22:05:16+05:30,thermal_zone7,x86_pkg_temp,65000,0
2026-08-28T22:05:18+05:30,thermal_zone0,acpitz,48000,128000
2026-08-28T22:05:18+05:30,thermal_zone1,pch_cannonlake,54000,120000
2026-08-28T22:05:18+05:30,thermal_zone2,INT3400 Thermal,20000,0
2026-08-28T22:05:18+05:30,thermal_zone3,SEN1,1050,103050
2026-08-28T22:05:18+05:30,thermal_zone4,SEN2,42050,80050
2026-08-28T22:05:18+05:30,thermal_zone5,B0D4,48050,110050
2026-08-28T22:05:18+05:30,thermal_zone6,iwlwifi_1,55000,0
2026-08-28T22:05:18+05:30,thermal_zone7,x86_pkg_temp,65000,0
2026-08-28T22:05:19+05:30,thermal_zone0,acpitz,48000,128000
2026-08-28T22:05:19+05:30,thermal_zone1,pch_cannonlake,55000,120000
2026-08-28T22:05:19+05:30,thermal_zone2,INT3400 Thermal,20000,0
2026-08-28T22:05:19+05:30,thermal_zone3,SEN1,1050,103050
2026-08-28T22:05:19+05:30,thermal_zone4,SEN2,42050,80050
2026-08-28T22:05:19+05:30,thermal_zone5,B0D4,48050,110050
2026-08-28T22:05:19+05:30,thermal_zone6,iwlwifi_1,57000,0
2026-08-28T22:05:19+05:30,thermal_zone7,x86_pkg_temp,63000,0
2026-08-28T22:05:20+05:30,thermal_zone0,acpitz,48000,128000
2026-08-28T22:05:20+05:30,thermal_zone1,pch_cannonlake,54000,120000
2026-08-28T22:05:20+05:30,thermal_zone2,INT3400 Thermal,20000,0
2026-08-28T22:05:20+05:30,thermal_zone3,SEN1,1050,103050
2026-08-28T22:05:20+05:30,thermal_zone4,SEN2,42050,80050
2026-08-28T22:05:20+05:30,thermal_zone5,B0D4,48050,110050
2026-08-28T22:05:20+05:30,thermal_zone6,iwlwifi_1,55000,0
2026-08-28T22:05:20+05:30,thermal_zone7,x86_pkg_temp,64000,0
2026-08-28T22:05:22+05:30,thermal_zone0,acpitz,48000,128000
2026-08-28T22:05:22+05:30,thermal_zone1,pch_cannonlake,55000,120000
2026-08-28T22:05:22+05:30,thermal_zone2,INT3400 Thermal,20000,0
2026-08-28T22:05:22+05:30,thermal_zone3,SEN1,1050,103050
2026-08-28T22:05:22+05:30,thermal_zone4,SEN2,42050,80050
2026-08-28T22:05:22+05:30,thermal_zone5,B0D4,48050,110050
2026-08-28T22:05:22+05:30,thermal_zone6,iwlwifi_1,55000,0
2026-08-28T22:05:22+05:30,thermal_zone7,x86_pkg_temp,62000,0
2026-08-28T22:05:23+05:30,thermal_zone0,acpitz,48000,128000
2026-08-28T22:05:23+05:30,thermal_zone1,pch_cannonlake,54000,120000
2026-08-28T22:05:23+05:30,thermal_zone2,INT3400 Thermal,20000,0
2026-08-28T22:05:23+05:30,thermal_zone3,SEN1,1050,103050
2026-08-28T22:05:23+05:30,thermal_zone4,SEN2,42050,80050
2026-08-28T22:05:23+05:30,thermal_zone5,B0D4,48050,110050
2026-08-28T22:05:23+05:30,thermal_zone6,iwlwifi_1,56000,0
2026-08-28T22:05:23+05:30,thermal_zone7,x86_pkg_temp,64000,0
2026-08-28T22:05:24+05:30,thermal_zone0,acpitz,48000,128000
2026-08-28T22:05:24+05:30,thermal_zone1,pch_cannonlake,55000,120000
2026-08-28T22:05:24+05:30,thermal_zone2,INT3400 Thermal,20000,0
2026-08-28T22:05:24+05:30,thermal_zone3,SEN1,1050,103050
2026-08-28T22:05:24+05:30,thermal_zone4,SEN2,42050,80050
2026-08-28T22:05:24+05:30,thermal_zone5,B0D4,48050,110050
2026-08-28T22:05:24+05:30,thermal_zone6,iwlwifi_1,55000,0
2026-08-28T22:05:24+05:30,thermal_zone7,x86_pkg_temp,63000,0
2026-08-28T22:05:26+05:30,thermal_zone0,acpitz,48000,128000
2026-08-28T22:05:26+05:30,thermal_zone1,pch_cannonlake,55000,120000
2026-08-28T22:05:26+05:30,thermal_zone2,INT3400 Thermal,20000,0
2026-08-28T22:05:26+05:30,thermal_zone3,SEN1,1050,103050
2026-08-28T22:05:26+05:30,thermal_zone4,SEN2,42050,80050
2026-08-28T22:05:26+05:30,thermal_zone5,B0D4,48050,110050
2026-08-28T22:05:26+05:30,thermal_zone6,iwlwifi_1,55000,0
2026-08-28T22:05:26+05:30,thermal_zone7,x86_pkg_temp,66000,0
2026-08-28T22:05:27+05:30,thermal_zone0,acpitz,48000,128000
2026-08-28T22:05:27+05:30,thermal_zone1,pch_cannonlake,55000,120000
2026-08-28T22:05:27+05:30,thermal_zone2,INT3400 Thermal,20000,0
2026-08-28T22:05:27+05:30,thermal_zone3,SEN1,1050,103050
2026-08-28T22:05:27+05:30,thermal_zone4,SEN2,42050,80050
2026-08-28T22:05:27+05:30,thermal_zone5,B0D4,48050,110050
2026-08-28T22:05:27+05:30,thermal_zone6,iwlwifi_1,55000,0
2026-08-28T22:05:27+05:30,thermal_zone7,x86_pkg_temp,66000,0
2026-08-28T22:05:28+05:30,thermal_zone0,acpitz,48000,128000
2026-08-28T22:05:28+05:30,thermal_zone1,pch_cannonlake,55000,120000
2026-08-28T22:05:28+05:30,thermal_zone2,INT3400 Thermal,20000,0
2026-08-28T22:05:28+05:30,thermal_zone3,SEN1,1050,103050
2026-08-28T22:05:28+05:30,thermal_zone4,SEN2,42050,80050
2026-08-28T22:05:28+05:30,thermal_zone5,B0D4,48050,110050
2026-08-28T22:05:28+05:30,thermal_zone6,iwlwifi_1,57000,0
2026-08-28T22:05:28+05:30,thermal_zone7,x86_pkg_temp,66000,0
2026-08-28T22:05:29+05:30,thermal_zone0,acpitz,48000,128000
2026-08-28T22:05:29+05:30,thermal_zone1,pch_cannonlake,54000,120000
2026-08-28T22:05:29+05:30,thermal_zone2,INT3400 Thermal,20000,0
2026-08-28T22:05:29+05:30,thermal_zone3,SEN1,1050,103050
2026-08-28T22:05:29+05:30,thermal_zone4,SEN2,42050,80050
2026-08-28T22:05:29+05:30,thermal_zone5,B0D4,48050,110050
2026-08-28T22:05:29+05:30,thermal_zone6,iwlwifi_1,56000,0
2026-08-28T22:05:29+05:30,thermal_zone7,x86_pkg_temp,66000,0
2026-08-28T22:05:31+05:30,thermal_zone0,acpitz,48000,128000
2026-08-28T22:05:31+05:30,thermal_zone1,pch_cannonlake,55000,120000
2026-08-28T22:05:31+05:30,thermal_zone2,INT3400 Thermal,20000,0
2026-08-28T22:05:31+05:30,thermal_zone3,SEN1,1050,103050
2026-08-28T22:05:31+05:30,thermal_zone4,SEN2,42050,80050
2026-08-28T22:05:31+05:30,thermal_zone5,B0D4,48050,110050
2026-08-28T22:05:31+05:30,thermal_zone6,iwlwifi_1,55000,0
2026-08-28T22:05:31+05:30,thermal_zone7,x86_pkg_temp,65000,0
2026-08-28T22:05:32+05:30,thermal_zone0,acpitz,48000,128000
2026-08-28T22:05:32+05:30,thermal_zone1,pch_cannonlake,55000,120000
2026-08-28T22:05:32+05:30,thermal_zone2,INT3400 Thermal,20000,0
2026-08-28T22:05:32+05:30,thermal_zone3,SEN1,1050,103050
2026-08-28T22:05:32+05:30,thermal_zone4,SEN2,41050,80050
2026-08-28T22:05:32+05:30,thermal_zone5,B0D4,48050,110050
2026-08-28T22:05:32+05:30,thermal_zone6,iwlwifi_1,55000,0
2026-08-28T22:05:32+05:30,thermal_zone7,x86_pkg_temp,66000,0
2026-08-28T22:05:33+05:30,thermal_zone0,acpitz,48000,128000
2026-08-28T22:05:33+05:30,thermal_zone1,pch_cannonlake,55000,120000
2026-08-28T22:05:33+05:30,thermal_zone2,INT3400 Thermal,20000,0
2026-08-28T22:05:33+05:30,thermal_zone3,SEN1,1050,103050
2026-08-28T22:05:33+05:30,thermal_zone4,SEN2,41050,80050
2026-08-28T22:05:33+05:30,thermal_zone5,B0D4,48050,110050
2026-08-28T22:05:33+05:30,thermal_zone6,iwlwifi_1,57000,0
2026-08-28T22:05:33+05:30,thermal_zone7,x86_pkg_temp,65000,0
2026-08-28T22:05:34+05:30,thermal_zone0,acpitz,48000,128000
2026-08-28T22:05:34+05:30,thermal_zone1,pch_cannonlake,54000,120000
2026-08-28T22:05:34+05:30,thermal_zone2,INT3400 Thermal,20000,0
2026-08-28T22:05:34+05:30,thermal_zone3,SEN1,1050,103050
2026-08-28T22:05:34+05:30,thermal_zone4,SEN2,41050,80050
2026-08-28T22:05:34+05:30,thermal_zone5,B0D4,48050,110050
2026-08-28T22:05:34+05:30,thermal_zone6,iwlwifi_1,55000,0
2026-08-28T22:05:34+05:30,thermal_zone7,x86_pkg_temp,66000,0
2026-08-28T22:05:36+05:30,thermal_zone0,acpitz,48000,128000
2026-08-28T22:05:36+05:30,thermal_zone1,pch_cannonlake,55000,120000
2026-08-28T22:05:36+05:30,thermal_zone2,INT3400 Thermal,20000,0
2026-08-28T22:05:36+05:30,thermal_zone3,SEN1,1050,103050
2026-08-28T22:05:36+05:30,thermal_zone4,SEN2,41050,80050
2026-08-28T22:05:36+05:30,thermal_zone5,B0D4,48050,110050
2026-08-28T22:05:36+05:30,thermal_zone6,iwlwifi_1,55000,0
2026-08-28T22:05:36+05:30,thermal_zone7,x86_pkg_temp,66000,0
2026-08-28T22:05:37+05:30,thermal_zone0,acpitz,48000,128000
2026-08-28T22:05:37+05:30,thermal_zone1,pch_cannonlake,55000,120000
2026-08-28T22:05:37+05:30,thermal_zone2,INT3400 Thermal,20000,0
2026-08-28T22:05:37+05:30,thermal_zone3,SEN1,1050,103050
2026-08-28T22:05:37+05:30,thermal_zone4,SEN2,41050,80050
2026-08-28T22:05:37+05:30,thermal_zone5,B0D4,48050,110050
2026-08-28T22:05:37+05:30,thermal_zone6,iwlwifi_1,55000,0
2026-08-28T22:05:37+05:30,thermal_zone7,x86_pkg_temp,65000,0
2026-08-28T22:05:38+05:30,thermal_zone0,acpitz,48000,128000
2026-08-28T22:05:38+05:30,thermal_zone1,pch_cannonlake,55000,120000
2026-08-28T22:05:38+05:30,thermal_zone2,INT3400 Thermal,20000,0
2026-08-28T22:05:38+05:30,thermal_zone3,SEN1,1050,103050
2026-08-28T22:05:38+05:30,thermal_zone4,SEN2,41050,80050
2026-08-28T22:05:38+05:30,thermal_zone5,B0D4,48050,110050
2026-08-28T22:05:38+05:30,thermal_zone6,iwlwifi_1,56000,0
2026-08-28T22:05:38+05:30,thermal_zone7,x86_pkg_temp,66000,0
2026-08-28T22:05:39+05:30,thermal_zone0,acpitz,48000,128000
2026-08-28T22:05:39+05:30,thermal_zone1,pch_cannonlake,57000,120000
2026-08-28T22:05:39+05:30,thermal_zone2,INT3400 Thermal,20000,0
2026-08-28T22:05:39+05:30,thermal_zone3,SEN1,1050,103050
2026-08-28T22:05:39+05:30,thermal_zone4,SEN2,41050,80050
2026-08-28T22:05:39+05:30,thermal_zone5,B0D4,48050,110050
2026-08-28T22:05:39+05:30,thermal_zone6,iwlwifi_1,58000,0
2026-08-28T22:05:39+05:30,thermal_zone7,x86_pkg_temp,64000,0
2026-08-28T22:05:41+05:30,thermal_zone0,acpitz,48000,128000
2026-08-28T22:05:41+05:30,thermal_zone1,pch_cannonlake,55000,120000
2026-08-28T22:05:41+05:30,thermal_zone2,INT3400 Thermal,20000,0
2026-08-28T22:05:41+05:30,thermal_zone3,SEN1,1050,103050
2026-08-28T22:05:41+05:30,thermal_zone4,SEN2,41050,80050
2026-08-28T22:05:41+05:30,thermal_zone5,B0D4,48050,110050
2026-08-28T22:05:41+05:30,thermal_zone6,iwlwifi_1,58000,0
2026-08-28T22:05:41+05:30,thermal_zone7,x86_pkg_temp,64000,0
2026-08-28T22:05:42+05:30,thermal_zone0,acpitz,48000,128000
2026-08-28T22:05:42+05:30,thermal_zone1,pch_cannonlake,56000,120000
2026-08-28T22:05:42+05:30,thermal_zone2,INT3400 Thermal,20000,0
2026-08-28T22:05:42+05:30,thermal_zone3,SEN1,1050,103050
2026-08-28T22:05:42+05:30,thermal_zone4,SEN2,41050,80050
2026-08-28T22:05:42+05:30,thermal_zone5,B0D4,48050,110050
2026-08-28T22:05:42+05:30,thermal_zone6,iwlwifi_1,56000,0
2026-08-28T22:05:42+05:30,thermal_zone7,x86_pkg_temp,65000,0
2026-08-28T22:05:43+05:30,thermal_zone0,acpitz,48000,128000
2026-08-28T22:05:43+05:30,thermal_zone1,pch_cannonlake,54000,120000
2026-08-28T22:05:43+05:30,thermal_zone2,INT3400 Thermal,20000,0
2026-08-28T22:05:43+05:30,thermal_zone3,SEN1,1050,103050
2026-08-28T22:05:43+05:30,thermal_zone4,SEN2,41050,80050
2026-08-28T22:05:43+05:30,thermal_zone5,B0D4,48050,110050
2026-08-28T22:05:43+05:30,thermal_zone6,iwlwifi_1,57000,0
2026-08-28T22:05:43+05:30,thermal_zone7,x86_pkg_temp,66000,0
2026-08-28T22:05:44+05:30,thermal_zone0,acpitz,48000,128000
2026-08-28T22:05:44+05:30,thermal_zone1,pch_cannonlake,56000,120000
2026-08-28T22:05:44+05:30,thermal_zone2,INT3400 Thermal,20000,0
2026-08-28T22:05:44+05:30,thermal_zone3,SEN1,1050,103050
2026-08-28T22:05:44+05:30,thermal_zone4,SEN2,41050,80050
2026-08-28T22:05:44+05:30,thermal_zone5,B0D4,48050,110050
2026-08-28T22:05:44+05:30,thermal_zone6,iwlwifi_1,59000,0
2026-08-28T22:05:44+05:30,thermal_zone7,x86_pkg_temp,66000,0
2026-08-28T22:05:46+05:30,thermal_zone0,acpitz,48000,128000
2026-08-28T22:05:46+05:30,thermal_zone1,pch_cannonlake,55000,120000
2026-08-28T22:05:46+05:30,thermal_zone2,INT3400 Thermal,20000,0
2026-08-28T22:05:46+05:30,thermal_zone3,SEN1,1050,103050
2026-08-28T22:05:46+05:30,thermal_zone4,SEN2,41050,80050
2026-08-28T22:05:46+05:30,thermal_zone5,B0D4,48050,110050
2026-08-28T22:05:46+05:30,thermal_zone6,iwlwifi_1,57000,0
2026-08-28T22:05:46+05:30,thermal_zone7,x86_pkg_temp,65000,0
2026-08-28T22:05:47+05:30,thermal_zone0,acpitz,48000,128000
2026-08-28T22:05:47+05:30,thermal_zone1,pch_cannonlake,54000,120000
2026-08-28T22:05:47+05:30,thermal_zone2,INT3400 Thermal,20000,0
2026-08-28T22:05:47+05:30,thermal_zone3,SEN1,1050,103050
2026-08-28T22:05:47+05:30,thermal_zone4,SEN2,41050,80050
2026-08-28T22:05:47+05:30,thermal_zone5,B0D4,48050,110050
2026-08-28T22:05:47+05:30,thermal_zone6,iwlwifi_1,56000,0
2026-08-28T22:05:47+05:30,thermal_zone7,x86_pkg_temp,63000,0
2026-08-28T22:05:48+05:30,thermal_zone0,acpitz,48000,128000
2026-08-28T22:05:48+05:30,thermal_zone1,pch_cannonlake,55000,120000
2026-08-28T22:05:48+05:30,thermal_zone2,INT3400 Thermal,20000,0
2026-08-28T22:05:48+05:30,thermal_zone3,SEN1,1050,103050
2026-08-28T22:05:48+05:30,thermal_zone4,SEN2,41050,80050
2026-08-28T22:05:48+05:30,thermal_zone5,B0D4,48050,110050
2026-08-28T22:05:48+05:30,thermal_zone6,iwlwifi_1,57000,0
2026-08-28T22:05:48+05:30,thermal_zone7,x86_pkg_temp,64000,0
2026-08-28T22:05:50+05:30,thermal_zone0,acpitz,48000,128000
2026-08-28T22:05:50+05:30,thermal_zone1,pch_cannonlake,55000,120000
2026-08-28T22:05:50+05:30,thermal_zone2,INT3400 Thermal,20000,0
2026-08-28T22:05:50+05:30,thermal_zone3,SEN1,1050,103050
2026-08-28T22:05:50+05:30,thermal_zone4,SEN2,41050,80050
2026-08-28T22:05:50+05:30,thermal_zone5,B0D4,48050,110050
2026-08-28T22:05:50+05:30,thermal_zone6,iwlwifi_1,56000,0
2026-08-28T22:05:50+05:30,thermal_zone7,x86_pkg_temp,63000,0
2026-08-28T22:05:51+05:30,thermal_zone0,acpitz,48000,128000
2026-08-28T22:05:51+05:30,thermal_zone1,pch_cannonlake,55000,120000
2026-08-28T22:05:51+05:30,thermal_zone2,INT3400 Thermal,20000,0
2026-08-28T22:05:51+05:30,thermal_zone3,SEN1,1050,103050
2026-08-28T22:05:51+05:30,thermal_zone4,SEN2,41050,80050
2026-08-28T22:05:51+05:30,thermal_zone5,B0D4,48050,110050
2026-08-28T22:05:51+05:30,thermal_zone6,iwlwifi_1,56000,0
2026-08-28T22:05:51+05:30,thermal_zone7,x86_pkg_temp,64000,0
2026-08-28T22:05:52+05:30,thermal_zone0,acpitz,48000,128000
2026-08-28T22:05:52+05:30,thermal_zone1,pch_cannonlake,55000,120000
2026-08-28T22:05:52+05:30,thermal_zone2,INT3400 Thermal,20000,0
2026-08-28T22:05:52+05:30,thermal_zone3,SEN1,1050,103050
2026-08-28T22:05:52+05:30,thermal_zone4,SEN2,41050,80050
2026-08-28T22:05:52+05:30,thermal_zone5,B0D4,48050,110050
2026-08-28T22:05:52+05:30,thermal_zone6,iwlwifi_1,56000,0
2026-08-28T22:05:52+05:30,thermal_zone7,x86_pkg_temp,65000,0
2026-08-28T22:05:54+05:30,thermal_zone0,acpitz,48000,128000
2026-08-28T22:05:54+05:30,thermal_zone1,pch_cannonlake,54000,120000
2026-08-28T22:05:54+05:30,thermal_zone2,INT3400 Thermal,20000,0
2026-08-28T22:05:54+05:30,thermal_zone3,SEN1,1050,103050
2026-08-28T22:05:54+05:30,thermal_zone4,SEN2,41050,80050
2026-08-28T22:05:54+05:30,thermal_zone5,B0D4,48050,110050
2026-08-28T22:05:54+05:30,thermal_zone6,iwlwifi_1,56000,0
2026-08-28T22:05:54+05:30,thermal_zone7,x86_pkg_temp,65000,0
2026-08-28T22:05:55+05:30,thermal_zone0,acpitz,48000,128000
2026-08-28T22:05:55+05:30,thermal_zone1,pch_cannonlake,55000,120000
2026-08-28T22:05:55+05:30,thermal_zone2,INT3400 Thermal,20000,0
2026-08-28T22:05:55+05:30,thermal_zone3,SEN1,1050,103050
2026-08-28T22:05:55+05:30,thermal_zone4,SEN2,41050,80050
2026-08-28T22:05:55+05:30,thermal_zone5,B0D4,48050,110050
2026-08-28T22:05:55+05:30,thermal_zone6,iwlwifi_1,57000,0
2026-08-28T22:05:55+05:30,thermal_zone7,x86_pkg_temp,62000,0
2026-08-28T22:05:56+05:30,thermal_zone0,acpitz,48000,128000
2026-08-28T22:05:56+05:30,thermal_zone1,pch_cannonlake,55000,120000
2026-08-28T22:05:56+05:30,thermal_zone2,INT3400 Thermal,20000,0
2026-08-28T22:05:56+05:30,thermal_zone3,SEN1,1050,103050
2026-08-28T22:05:56+05:30,thermal_zone4,SEN2,41050,80050
2026-08-28T22:05:56+05:30,thermal_zone5,B0D4,48050,110050
2026-08-28T22:05:56+05:30,thermal_zone6,iwlwifi_1,56000,0
2026-08-28T22:05:56+05:30,thermal_zone7,x86_pkg_temp,65000,0
2026-08-28T22:05:57+05:30,thermal_zone0,acpitz,48000,128000
2026-08-28T22:05:57+05:30,thermal_zone1,pch_cannonlake,55000,120000
2026-08-28T22:05:57+05:30,thermal_zone2,INT3400 Thermal,20000,0
2026-08-28T22:05:57+05:30,thermal_zone3,SEN1,1050,103050
2026-08-28T22:05:57+05:30,thermal_zone4,SEN2,41050,80050
2026-08-28T22:05:57+05:30,thermal_zone5,B0D4,48050,110050
2026-08-28T22:05:57+05:30,thermal_zone6,iwlwifi_1,55000,0
2026-08-28T22:05:57+05:30,thermal_zone7,x86_pkg_temp,66000,0
2026-08-28T22:05:59+05:30,thermal_zone0,acpitz,48000,128000
2026-08-28T22:05:59+05:30,thermal_zone1,pch_cannonlake,54000,120000
2026-08-28T22:05:59+05:30,thermal_zone2,INT3400 Thermal,20000,0
2026-08-28T22:05:59+05:30,thermal_zone3,SEN1,1050,103050
2026-08-28T22:05:59+05:30,thermal_zone4,SEN2,41050,80050
2026-08-28T22:05:59+05:30,thermal_zone5,B0D4,48050,110050
2026-08-28T22:05:59+05:30,thermal_zone6,iwlwifi_1,56000,0
2026-08-28T22:05:59+05:30,thermal_zone7,x86_pkg_temp,66000,0
2026-08-28T22:06:00+05:30,thermal_zone0,acpitz,48000,128000
2026-08-28T22:06:00+05:30,thermal_zone1,pch_cannonlake,53000,120000
2026-08-28T22:06:00+05:30,thermal_zone2,INT3400 Thermal,20000,0
2026-08-28T22:06:00+05:30,thermal_zone3,SEN1,1050,103050
2026-08-28T22:06:00+05:30,thermal_zone4,SEN2,41050,80050
2026-08-28T22:06:00+05:30,thermal_zone5,B0D4,48050,110050
2026-08-28T22:06:00+05:30,thermal_zone6,iwlwifi_1,56000,0
2026-08-28T22:06:00+05:30,thermal_zone7,x86_pkg_temp,66000,0
2026-08-28T22:06:01+05:30,thermal_zone0,acpitz,48000,128000
2026-08-28T22:06:01+05:30,thermal_zone1,pch_cannonlake,54000,120000
2026-08-28T22:06:01+05:30,thermal_zone2,INT3400 Thermal,20000,0
2026-08-28T22:06:01+05:30,thermal_zone3,SEN1,1050,103050
2026-08-28T22:06:01+05:30,thermal_zone4,SEN2,41050,80050
2026-08-28T22:06:01+05:30,thermal_zone5,B0D4,48050,110050
2026-08-28T22:06:01+05:30,thermal_zone6,iwlwifi_1,56000,0
2026-08-28T22:06:01+05:30,thermal_zone7,x86_pkg_temp,66000,0
2026-08-28T22:06:02+05:30,thermal_zone0,acpitz,48000,128000
2026-08-28T22:06:02+05:30,thermal_zone1,pch_cannonlake,55000,120000
2026-08-28T22:06:02+05:30,thermal_zone2,INT3400 Thermal,20000,0
2026-08-28T22:06:02+05:30,thermal_zone3,SEN1,1050,103050
2026-08-28T22:06:02+05:30,thermal_zone4,SEN2,42050,80050
2026-08-28T22:06:02+05:30,thermal_zone5,B0D4,48050,110050
2026-08-28T22:06:02+05:30,thermal_zone6,iwlwifi_1,57000,0
2026-08-28T22:06:02+05:30,thermal_zone7,x86_pkg_temp,65000,0
2026-08-28T22:06:04+05:30,thermal_zone0,acpitz,48000,128000
2026-08-28T22:06:04+05:30,thermal_zone1,pch_cannonlake,54000,120000
2026-08-28T22:06:04+05:30,thermal_zone2,INT3400 Thermal,20000,0
2026-08-28T22:06:04+05:30,thermal_zone3,SEN1,1050,103050
2026-08-28T22:06:04+05:30,thermal_zone4,SEN2,42050,80050
2026-08-28T22:06:04+05:30,thermal_zone5,B0D4,48050,110050
2026-08-28T22:06:04+05:30,thermal_zone6,iwlwifi_1,56000,0
2026-08-28T22:06:04+05:30,thermal_zone7,x86_pkg_temp,66000,0
2026-08-28T22:06:05+05:30,thermal_zone0,acpitz,48000,128000
2026-08-28T22:06:05+05:30,thermal_zone1,pch_cannonlake,55000,120000
2026-08-28T22:06:05+05:30,thermal_zone2,INT3400 Thermal,20000,0
2026-08-28T22:06:05+05:30,thermal_zone3,SEN1,1050,103050
2026-08-28T22:06:05+05:30,thermal_zone4,SEN2,42050,80050
2026-08-28T22:06:05+05:30,thermal_zone5,B0D4,48050,110050
2026-08-28T22:06:05+05:30,thermal_zone6,iwlwifi_1,55000,0
2026-08-28T22:06:05+05:30,thermal_zone7,x86_pkg_temp,65000,0
2026-08-28T22:06:06+05:30,thermal_zone0,acpitz,48000,128000
2026-08-28T22:06:06+05:30,thermal_zone1,pch_cannonlake,55000,120000
2026-08-28T22:06:06+05:30,thermal_zone2,INT3400 Thermal,20000,0
2026-08-28T22:06:06+05:30,thermal_zone3,SEN1,1050,103050
2026-08-28T22:06:06+05:30,thermal_zone4,SEN2,42050,80050
2026-08-28T22:06:06+05:30,thermal_zone5,B0D4,48050,110050
2026-08-28T22:06:06+05:30,thermal_zone6,iwlwifi_1,55000,0
2026-08-28T22:06:06+05:30,thermal_zone7,x86_pkg_temp,66000,0
2026-08-28T22:06:07+05:30,thermal_zone0,acpitz,48000,128000
2026-08-28T22:06:07+05:30,thermal_zone1,pch_cannonlake,55000,120000
2026-08-28T22:06:07+05:30,thermal_zone2,INT3400 Thermal,20000,0
2026-08-28T22:06:07+05:30,thermal_zone3,SEN1,1050,103050
2026-08-28T22:06:07+05:30,thermal_zone4,SEN2,42050,80050
2026-08-28T22:06:07+05:30,thermal_zone5,B0D4,48050,110050
2026-08-28T22:06:07+05:30,thermal_zone6,iwlwifi_1,56000,0
2026-08-28T22:06:07+05:30,thermal_zone7,x86_pkg_temp,66000,0
2026-08-28T22:06:09+05:30,thermal_zone0,acpitz,48000,128000
2026-08-28T22:06:09+05:30,thermal_zone1,pch_cannonlake,55000,120000
2026-08-28T22:06:09+05:30,thermal_zone2,INT3400 Thermal,20000,0
2026-08-28T22:06:09+05:30,thermal_zone3,SEN1,1050,103050
2026-08-28T22:06:09+05:30,thermal_zone4,SEN2,42050,80050
2026-08-28T22:06:09+05:30,thermal_zone5,B0D4,48050,110050
2026-08-28T22:06:09+05:30,thermal_zone6,iwlwifi_1,57000,0
2026-08-28T22:06:09+05:30,thermal_zone7,x86_pkg_temp,66000,0
2026-08-28T22:06:10+05:30,thermal_zone0,acpitz,48000,128000
2026-08-28T22:06:10+05:30,thermal_zone1,pch_cannonlake,56000,120000
2026-08-28T22:06:10+05:30,thermal_zone2,INT3400 Thermal,20000,0
2026-08-28T22:06:10+05:30,thermal_zone3,SEN1,1050,103050
2026-08-28T22:06:10+05:30,thermal_zone4,SEN2,42050,80050
2026-08-28T22:06:10+05:30,thermal_zone5,B0D4,48050,110050
2026-08-28T22:06:10+05:30,thermal_zone6,iwlwifi_1,55000,0
2026-08-28T22:06:10+05:30,thermal_zone7,x86_pkg_temp,67000,0
2026-08-28T22:06:11+05:30,thermal_zone0,acpitz,48000,128000
2026-08-28T22:06:11+05:30,thermal_zone1,pch_cannonlake,55000,120000
2026-08-28T22:06:11+05:30,thermal_zone2,INT3400 Thermal,20000,0
2026-08-28T22:06:11+05:30,thermal_zone3,SEN1,1050,103050
2026-08-28T22:06:11+05:30,thermal_zone4,SEN2,42050,80050
2026-08-28T22:06:11+05:30,thermal_zone5,B0D4,48050,110050
2026-08-28T22:06:11+05:30,thermal_zone6,iwlwifi_1,55000,0
2026-08-28T22:06:11+05:30,thermal_zone7,x86_pkg_temp,66000,0
2026-08-28T22:06:12+05:30,thermal_zone0,acpitz,48000,128000
2026-08-28T22:06:12+05:30,thermal_zone1,pch_cannonlake,56000,120000
2026-08-28T22:06:12+05:30,thermal_zone2,INT3400 Thermal,20000,0
2026-08-28T22:06:12+05:30,thermal_zone3,SEN1,1050,103050
2026-08-28T22:06:12+05:30,thermal_zone4,SEN2,42050,80050
2026-08-28T22:06:12+05:30,thermal_zone5,B0D4,48050,110050
2026-08-28T22:06:12+05:30,thermal_zone6,iwlwifi_1,58000,0
2026-08-28T22:06:12+05:30,thermal_zone7,x86_pkg_temp,66000,0
2026-08-28T22:06:14+05:30,thermal_zone0,acpitz,48000,128000
2026-08-28T22:06:14+05:30,thermal_zone1,pch_cannonlake,55000,120000
2026-08-28T22:06:14+05:30,thermal_zone2,INT3400 Thermal,20000,0
2026-08-28T22:06:14+05:30,thermal_zone3,SEN1,1050,103050
2026-08-28T22:06:14+05:30,thermal_zone4,SEN2,42050,80050
2026-08-28T22:06:14+05:30,thermal_zone5,B0D4,48050,110050
2026-08-28T22:06:14+05:30,thermal_zone6,iwlwifi_1,56000,0
2026-08-28T22:06:14+05:30,thermal_zone7,x86_pkg_temp,66000,0
2026-08-28T22:06:15+05:30,thermal_zone0,acpitz,48000,128000
2026-08-28T22:06:15+05:30,thermal_zone1,pch_cannonlake,54000,120000
2026-08-28T22:06:15+05:30,thermal_zone2,INT3400 Thermal,20000,0
2026-08-28T22:06:15+05:30,thermal_zone3,SEN1,1050,103050
2026-08-28T22:06:15+05:30,thermal_zone4,SEN2,42050,80050
2026-08-28T22:06:15+05:30,thermal_zone5,B0D4,48050,110050
2026-08-28T22:06:15+05:30,thermal_zone6,iwlwifi_1,57000,0
2026-08-28T22:06:15+05:30,thermal_zone7,x86_pkg_temp,66000,0
2026-08-28T22:06:16+05:30,thermal_zone0,acpitz,48000,128000
2026-08-28T22:06:16+05:30,thermal_zone1,pch_cannonlake,53000,120000
2026-08-28T22:06:16+05:30,thermal_zone2,INT3400 Thermal,20000,0
2026-08-28T22:06:16+05:30,thermal_zone3,SEN1,1050,103050
2026-08-28T22:06:16+05:30,thermal_zone4,SEN2,42050,80050
2026-08-28T22:06:16+05:30,thermal_zone5,B0D4,48050,110050
2026-08-28T22:06:16+05:30,thermal_zone6,iwlwifi_1,57000,0
2026-08-28T22:06:16+05:30,thermal_zone7,x86_pkg_temp,67000,0
2026-08-28T22:06:17+05:30,thermal_zone0,acpitz,48000,128000
2026-08-28T22:06:17+05:30,thermal_zone1,pch_cannonlake,55000,120000
2026-08-28T22:06:17+05:30,thermal_zone2,INT3400 Thermal,20000,0
2026-08-28T22:06:17+05:30,thermal_zone3,SEN1,1050,103050
2026-08-28T22:06:17+05:30,thermal_zone4,SEN2,42050,80050
2026-08-28T22:06:17+05:30,thermal_zone5,B0D4,48050,110050
2026-08-28T22:06:17+05:30,thermal_zone6,iwlwifi_1,59000,0
2026-08-28T22:06:17+05:30,thermal_zone7,x86_pkg_temp,67000,0
2026-08-28T22:06:19+05:30,thermal_zone0,acpitz,48000,128000
2026-08-28T22:06:19+05:30,thermal_zone1,pch_cannonlake,54000,120000
2026-08-28T22:06:19+05:30,thermal_zone2,INT3400 Thermal,20000,0
2026-08-28T22:06:19+05:30,thermal_zone3,SEN1,1050,103050
2026-08-28T22:06:19+05:30,thermal_zone4,SEN2,42050,80050
2026-08-28T22:06:19+05:30,thermal_zone5,B0D4,48050,110050
2026-08-28T22:06:19+05:30,thermal_zone6,iwlwifi_1,57000,0
2026-08-28T22:06:19+05:30,thermal_zone7,x86_pkg_temp,66000,0
2026-08-28T22:06:20+05:30,thermal_zone0,acpitz,48000,128000
2026-08-28T22:06:20+05:30,thermal_zone1,pch_cannonlake,55000,120000
2026-08-28T22:06:20+05:30,thermal_zone2,INT3400 Thermal,20000,0
2026-08-28T22:06:20+05:30,thermal_zone3,SEN1,1050,103050
2026-08-28T22:06:20+05:30,thermal_zone4,SEN2,41050,80050
2026-08-28T22:06:20+05:30,thermal_zone5,B0D4,48050,110050
2026-08-28T22:06:20+05:30,thermal_zone6,iwlwifi_1,57000,0
2026-08-28T22:06:20+05:30,thermal_zone7,x86_pkg_temp,66000,0
2026-08-28T22:06:21+05:30,thermal_zone0,acpitz,48000,128000
2026-08-28T22:06:21+05:30,thermal_zone1,pch_cannonlake,54000,120000
2026-08-28T22:06:21+05:30,thermal_zone2,INT3400 Thermal,20000,0
2026-08-28T22:06:21+05:30,thermal_zone3,SEN1,1050,103050
2026-08-28T22:06:21+05:30,thermal_zone4,SEN2,41050,80050
2026-08-28T22:06:21+05:30,thermal_zone5,B0D4,48050,110050
2026-08-28T22:06:21+05:30,thermal_zone6,iwlwifi_1,56000,0
2026-08-28T22:06:21+05:30,thermal_zone7,x86_pkg_temp,66000,0
2026-08-28T22:06:22+05:30,thermal_zone0,acpitz,48000,128000
2026-08-28T22:06:22+05:30,thermal_zone1,pch_cannonlake,55000,120000
2026-08-28T22:06:22+05:30,thermal_zone2,INT3400 Thermal,20000,0
2026-08-28T22:06:22+05:30,thermal_zone3,SEN1,1050,103050
2026-08-28T22:06:22+05:30,thermal_zone4,SEN2,41050,80050
2026-08-28T22:06:22+05:30,thermal_zone5,B0D4,48050,110050
2026-08-28T22:06:22+05:30,thermal_zone6,iwlwifi_1,57000,0
2026-08-28T22:06:22+05:30,thermal_zone7,x86_pkg_temp,66000,0
2026-08-28T22:06:24+05:30,thermal_zone0,acpitz,48000,128000
2026-08-28T22:06:24+05:30,thermal_zone1,pch_cannonlake,53000,120000
2026-08-28T22:06:24+05:30,thermal_zone2,INT3400 Thermal,20000,0
2026-08-28T22:06:24+05:30,thermal_zone3,SEN1,1050,103050
2026-08-28T22:06:24+05:30,thermal_zone4,SEN2,41050,80050
2026-08-28T22:06:24+05:30,thermal_zone5,B0D4,48050,110050
2026-08-28T22:06:24+05:30,thermal_zone6,iwlwifi_1,56000,0
2026-08-28T22:06:24+05:30,thermal_zone7,x86_pkg_temp,66000,0
2026-08-28T22:06:25+05:30,thermal_zone0,acpitz,48000,128000
2026-08-28T22:06:25+05:30,thermal_zone1,pch_cannonlake,55000,120000
2026-08-28T22:06:25+05:30,thermal_zone2,INT3400 Thermal,20000,0
2026-08-28T22:06:25+05:30,thermal_zone3,SEN1,1050,103050
2026-08-28T22:06:25+05:30,thermal_zone4,SEN2,41050,80050
2026-08-28T22:06:25+05:30,thermal_zone5,B0D4,48050,110050
2026-08-28T22:06:25+05:30,thermal_zone6,iwlwifi_1,57000,0
2026-08-28T22:06:25+05:30,thermal_zone7,x86_pkg_temp,66000,0
2026-08-28T22:06:26+05:30,thermal_zone0,acpitz,48000,128000
2026-08-28T22:06:26+05:30,thermal_zone1,pch_cannonlake,54000,120000
2026-08-28T22:06:26+05:30,thermal_zone2,INT3400 Thermal,20000,0
2026-08-28T22:06:26+05:30,thermal_zone3,SEN1,1050,103050
2026-08-28T22:06:26+05:30,thermal_zone4,SEN2,41050,80050
2026-08-28T22:06:26+05:30,thermal_zone5,B0D4,48050,110050
2026-08-28T22:06:26+05:30,thermal_zone6,iwlwifi_1,56000,0
2026-08-28T22:06:26+05:30,thermal_zone7,x86_pkg_temp,65000,0
2026-08-28T22:06:27+05:30,thermal_zone0,acpitz,48000,128000
2026-08-28T22:06:27+05:30,thermal_zone1,pch_cannonlake,55000,120000
2026-08-28T22:06:27+05:30,thermal_zone2,INT3400 Thermal,20000,0
2026-08-28T22:06:27+05:30,thermal_zone3,SEN1,1050,103050
2026-08-28T22:06:27+05:30,thermal_zone4,SEN2,41050,80050
2026-08-28T22:06:27+05:30,thermal_zone5,B0D4,48050,110050
2026-08-28T22:06:27+05:30,thermal_zone6,iwlwifi_1,56000,0
2026-08-28T22:06:27+05:30,thermal_zone7,x86_pkg_temp,66000,0
2026-08-28T22:06:29+05:30,thermal_zone0,acpitz,48000,128000
2026-08-28T22:06:29+05:30,thermal_zone1,pch_cannonlake,55000,120000
2026-08-28T22:06:29+05:30,thermal_zone2,INT3400 Thermal,20000,0
2026-08-28T22:06:29+05:30,thermal_zone3,SEN1,1050,103050
2026-08-28T22:06:29+05:30,thermal_zone4,SEN2,41050,80050
2026-08-28T22:06:29+05:30,thermal_zone5,B0D4,48050,110050
2026-08-28T22:06:29+05:30,thermal_zone6,iwlwifi_1,57000,0
2026-08-28T22:06:29+05:30,thermal_zone7,x86_pkg_temp,66000,0
2026-08-28T22:06:30+05:30,thermal_zone0,acpitz,48000,128000
2026-08-28T22:06:30+05:30,thermal_zone1,pch_cannonlake,55000,120000
2026-08-28T22:06:30+05:30,thermal_zone2,INT3400 Thermal,20000,0
2026-08-28T22:06:30+05:30,thermal_zone3,SEN1,1050,103050
2026-08-28T22:06:30+05:30,thermal_zone4,SEN2,41050,80050
2026-08-28T22:06:30+05:30,thermal_zone5,B0D4,48050,110050
2026-08-28T22:06:30+05:30,thermal_zone6,iwlwifi_1,56000,0
2026-08-28T22:06:30+05:30,thermal_zone7,x86_pkg_temp,67000,0
2026-08-28T22:06:31+05:30,thermal_zone0,acpitz,48000,128000
2026-08-28T22:06:31+05:30,thermal_zone1,pch_cannonlake,55000,120000
2026-08-28T22:06:31+05:30,thermal_zone2,INT3400 Thermal,20000,0
2026-08-28T22:06:31+05:30,thermal_zone3,SEN1,1050,103050
2026-08-28T22:06:31+05:30,thermal_zone4,SEN2,41050,80050
2026-08-28T22:06:31+05:30,thermal_zone5,B0D4,48050,110050
2026-08-28T22:06:31+05:30,thermal_zone6,iwlwifi_1,56000,0
2026-08-28T22:06:31+05:30,thermal_zone7,x86_pkg_temp,66000,0
2026-08-28T22:06:32+05:30,thermal_zone0,acpitz,48000,128000
2026-08-28T22:06:32+05:30,thermal_zone1,pch_cannonlake,54000,120000
2026-08-28T22:06:32+05:30,thermal_zone2,INT3400 Thermal,20000,0
2026-08-28T22:06:32+05:30,thermal_zone3,SEN1,1050,103050
2026-08-28T22:06:32+05:30,thermal_zone4,SEN2,41050,80050
2026-08-28T22:06:32+05:30,thermal_zone5,B0D4,48050,110050
2026-08-28T22:06:32+05:30,thermal_zone6,iwlwifi_1,55000,0
2026-08-28T22:06:32+05:30,thermal_zone7,x86_pkg_temp,66000,0
2026-08-28T22:06:34+05:30,thermal_zone0,acpitz,48000,128000
2026-08-28T22:06:34+05:30,thermal_zone1,pch_cannonlake,55000,120000
2026-08-28T22:06:34+05:30,thermal_zone2,INT3400 Thermal,20000,0
2026-08-28T22:06:34+05:30,thermal_zone3,SEN1,1050,103050
2026-08-28T22:06:34+05:30,thermal_zone4,SEN2,41050,80050
2026-08-28T22:06:34+05:30,thermal_zone5,B0D4,48050,110050
2026-08-28T22:06:34+05:30,thermal_zone6,iwlwifi_1,56000,0
2026-08-28T22:06:34+05:30,thermal_zone7,x86_pkg_temp,65000,0
2026-08-28T22:06:35+05:30,thermal_zone0,acpitz,48000,128000
2026-08-28T22:06:35+05:30,thermal_zone1,pch_cannonlake,54000,120000
2026-08-28T22:06:35+05:30,thermal_zone2,INT3400 Thermal,20000,0
2026-08-28T22:06:35+05:30,thermal_zone3,SEN1,1050,103050
2026-08-28T22:06:35+05:30,thermal_zone4,SEN2,41050,80050
2026-08-28T22:06:35+05:30,thermal_zone5,B0D4,48050,110050
2026-08-28T22:06:35+05:30,thermal_zone6,iwlwifi_1,57000,0
2026-08-28T22:06:35+05:30,thermal_zone7,x86_pkg_temp,66000,0
2026-08-28T22:06:36+05:30,thermal_zone0,acpitz,48000,128000
2026-08-28T22:06:36+05:30,thermal_zone1,pch_cannonlake,55000,120000
2026-08-28T22:06:36+05:30,thermal_zone2,INT3400 Thermal,20000,0
2026-08-28T22:06:36+05:30,thermal_zone3,SEN1,1050,103050
2026-08-28T22:06:36+05:30,thermal_zone4,SEN2,41050,80050
2026-08-28T22:06:36+05:30,thermal_zone5,B0D4,48050,110050
2026-08-28T22:06:36+05:30,thermal_zone6,iwlwifi_1,55000,0
2026-08-28T22:06:36+05:30,thermal_zone7,x86_pkg_temp,66000,0
2026-08-28T22:06:37+05:30,thermal_zone0,acpitz,48000,128000
2026-08-28T22:06:37+05:30,thermal_zone1,pch_cannonlake,55000,120000
2026-08-28T22:06:37+05:30,thermal_zone2,INT3400 Thermal,20000,0
2026-08-28T22:06:37+05:30,thermal_zone3,SEN1,1050,103050
2026-08-28T22:06:37+05:30,thermal_zone4,SEN2,41050,80050
2026-08-28T22:06:37+05:30,thermal_zone5,B0D4,48050,110050
2026-08-28T22:06:37+05:30,thermal_zone6,iwlwifi_1,55000,0
2026-08-28T22:06:37+05:30,thermal_zone7,x86_pkg_temp,66000,0
2026-08-28T22:06:39+05:30,thermal_zone0,acpitz,48000,128000
2026-08-28T22:06:39+05:30,thermal_zone1,pch_cannonlake,55000,120000
2026-08-28T22:06:39+05:30,thermal_zone2,INT3400 Thermal,20000,0
2026-08-28T22:06:39+05:30,thermal_zone3,SEN1,1050,103050
2026-08-28T22:06:39+05:30,thermal_zone4,SEN2,41050,80050
2026-08-28T22:06:39+05:30,thermal_zone5,B0D4,48050,110050
2026-08-28T22:06:39+05:30,thermal_zone6,iwlwifi_1,55000,0
2026-08-28T22:06:39+05:30,thermal_zone7,x86_pkg_temp,66000,0
2026-08-28T22:06:40+05:30,thermal_zone0,acpitz,48000,128000
2026-08-28T22:06:40+05:30,thermal_zone1,pch_cannonlake,55000,120000
2026-08-28T22:06:40+05:30,thermal_zone2,INT3400 Thermal,20000,0
2026-08-28T22:06:40+05:30,thermal_zone3,SEN1,1050,103050
2026-08-28T22:06:40+05:30,thermal_zone4,SEN2,41050,80050
2026-08-28T22:06:40+05:30,thermal_zone5,B0D4,48050,110050
2026-08-28T22:06:40+05:30,thermal_zone6,iwlwifi_1,55000,0
2026-08-28T22:06:40+05:30,thermal_zone7,x86_pkg_temp,66000,0
2026-08-28T22:06:41+05:30,thermal_zone0,acpitz,48000,128000
2026-08-28T22:06:41+05:30,thermal_zone1,pch_cannonlake,54000,120000
2026-08-28T22:06:41+05:30,thermal_zone2,INT3400 Thermal,20000,0
2026-08-28T22:06:41+05:30,thermal_zone3,SEN1,1050,103050
2026-08-28T22:06:41+05:30,thermal_zone4,SEN2,41050,80050
2026-08-28T22:06:41+05:30,thermal_zone5,B0D4,48050,110050
2026-08-28T22:06:41+05:30,thermal_zone6,iwlwifi_1,55000,0
2026-08-28T22:06:41+05:30,thermal_zone7,x86_pkg_temp,66000,0
2026-08-28T22:06:42+05:30,thermal_zone0,acpitz,48000,128000
2026-08-28T22:06:42+05:30,thermal_zone1,pch_cannonlake,55000,120000
2026-08-28T22:06:42+05:30,thermal_zone2,INT3400 Thermal,20000,0
2026-08-28T22:06:42+05:30,thermal_zone3,SEN1,1050,103050
2026-08-28T22:06:42+05:30,thermal_zone4,SEN2,41050,80050
2026-08-28T22:06:42+05:30,thermal_zone5,B0D4,48050,110050
2026-08-28T22:06:42+05:30,thermal_zone6,iwlwifi_1,55000,0
2026-08-28T22:06:42+05:30,thermal_zone7,x86_pkg_temp,66000,0
2026-08-28T22:06:44+05:30,thermal_zone0,acpitz,48000,128000
2026-08-28T22:06:44+05:30,thermal_zone1,pch_cannonlake,55000,120000
2026-08-28T22:06:44+05:30,thermal_zone2,INT3400 Thermal,20000,0
2026-08-28T22:06:44+05:30,thermal_zone3,SEN1,1050,103050
2026-08-28T22:06:44+05:30,thermal_zone4,SEN2,41050,80050
2026-08-28T22:06:44+05:30,thermal_zone5,B0D4,48050,110050
2026-08-28T22:06:44+05:30,thermal_zone6,iwlwifi_1,55000,0
2026-08-28T22:06:44+05:30,thermal_zone7,x86_pkg_temp,66000,0
2026-08-28T22:06:45+05:30,thermal_zone0,acpitz,48000,128000
2026-08-28T22:06:45+05:30,thermal_zone1,pch_cannonlake,55000,120000
2026-08-28T22:06:45+05:30,thermal_zone2,INT3400 Thermal,20000,0
2026-08-28T22:06:45+05:30,thermal_zone3,SEN1,1050,103050
2026-08-28T22:06:45+05:30,thermal_zone4,SEN2,41050,80050
2026-08-28T22:06:45+05:30,thermal_zone5,B0D4,48050,110050
2026-08-28T22:06:45+05:30,thermal_zone6,iwlwifi_1,57000,0
2026-08-28T22:06:45+05:30,thermal_zone7,x86_pkg_temp,66000,0
2026-08-28T22:06:46+05:30,thermal_zone0,acpitz,48000,128000
2026-08-28T22:06:46+05:30,thermal_zone1,pch_cannonlake,54000,120000
2026-08-28T22:06:46+05:30,thermal_zone2,INT3400 Thermal,20000,0
2026-08-28T22:06:46+05:30,thermal_zone3,SEN1,1050,103050
2026-08-28T22:06:46+05:30,thermal_zone4,SEN2,41050,80050
2026-08-28T22:06:46+05:30,thermal_zone5,B0D4,48050,110050
2026-08-28T22:06:46+05:30,thermal_zone6,iwlwifi_1,56000,0
2026-08-28T22:06:46+05:30,thermal_zone7,x86_pkg_temp,67000,0
2026-08-28T22:06:47+05:30,thermal_zone0,acpitz,48000,128000
2026-08-28T22:06:47+05:30,thermal_zone1,pch_cannonlake,55000,120000
2026-08-28T22:06:47+05:30,thermal_zone2,INT3400 Thermal,20000,0
2026-08-28T22:06:47+05:30,thermal_zone3,SEN1,1050,103050
2026-08-28T22:06:47+05:30,thermal_zone4,SEN2,41050,80050
2026-08-28T22:06:47+05:30,thermal_zone5,B0D4,48050,110050
2026-08-28T22:06:47+05:30,thermal_zone6,iwlwifi_1,55000,0
2026-08-28T22:06:47+05:30,thermal_zone7,x86_pkg_temp,67000,0
2026-08-28T22:06:48+05:30,thermal_zone0,acpitz,48000,128000
2026-08-28T22:06:48+05:30,thermal_zone1,pch_cannonlake,55000,120000
2026-08-28T22:06:48+05:30,thermal_zone2,INT3400 Thermal,20000,0
2026-08-28T22:06:48+05:30,thermal_zone3,SEN1,1050,103050
2026-08-28T22:06:48+05:30,thermal_zone4,SEN2,41050,80050
2026-08-28T22:06:48+05:30,thermal_zone5,B0D4,48050,110050
2026-08-28T22:06:48+05:30,thermal_zone6,iwlwifi_1,57000,0
2026-08-28T22:06:48+05:30,thermal_zone7,x86_pkg_temp,66000,0
2026-08-28T22:06:50+05:30,thermal_zone0,acpitz,48000,128000
2026-08-28T22:06:50+05:30,thermal_zone1,pch_cannonlake,54000,120000
2026-08-28T22:06:50+05:30,thermal_zone2,INT3400 Thermal,20000,0
2026-08-28T22:06:50+05:30,thermal_zone3,SEN1,1050,103050
2026-08-28T22:06:50+05:30,thermal_zone4,SEN2,41050,80050
2026-08-28T22:06:50+05:30,thermal_zone5,B0D4,48050,110050
2026-08-28T22:06:50+05:30,thermal_zone6,iwlwifi_1,56000,0
2026-08-28T22:06:50+05:30,thermal_zone7,x86_pkg_temp,66000,0
2026-08-28T22:06:51+05:30,thermal_zone0,acpitz,48000,128000
2026-08-28T22:06:51+05:30,thermal_zone1,pch_cannonlake,55000,120000
2026-08-28T22:06:51+05:30,thermal_zone2,INT3400 Thermal,20000,0
2026-08-28T22:06:51+05:30,thermal_zone3,SEN1,1050,103050
2026-08-28T22:06:51+05:30,thermal_zone4,SEN2,42050,80050
2026-08-28T22:06:51+05:30,thermal_zone5,B0D4,48050,110050
2026-08-28T22:06:51+05:30,thermal_zone6,iwlwifi_1,58000,0
2026-08-28T22:06:51+05:30,thermal_zone7,x86_pkg_temp,66000,0
2026-08-28T22:06:52+05:30,thermal_zone0,acpitz,48000,128000
2026-08-28T22:06:52+05:30,thermal_zone1,pch_cannonlake,54000,120000
2026-08-28T22:06:52+05:30,thermal_zone2,INT3400 Thermal,20000,0
2026-08-28T22:06:52+05:30,thermal_zone3,SEN1,1050,103050
2026-08-28T22:06:52+05:30,thermal_zone4,SEN2,42050,80050
2026-08-28T22:06:52+05:30,thermal_zone5,B0D4,48050,110050
2026-08-28T22:06:52+05:30,thermal_zone6,iwlwifi_1,57000,0
2026-08-28T22:06:52+05:30,thermal_zone7,x86_pkg_temp,67000,0
2026-08-28T22:06:53+05:30,thermal_zone0,acpitz,48000,128000
2026-08-28T22:06:53+05:30,thermal_zone1,pch_cannonlake,55000,120000
2026-08-28T22:06:53+05:30,thermal_zone2,INT3400 Thermal,20000,0
2026-08-28T22:06:53+05:30,thermal_zone3,SEN1,1050,103050
2026-08-28T22:06:53+05:30,thermal_zone4,SEN2,42050,80050
2026-08-28T22:06:53+05:30,thermal_zone5,B0D4,48050,110050
2026-08-28T22:06:53+05:30,thermal_zone6,iwlwifi_1,57000,0
2026-08-28T22:06:53+05:30,thermal_zone7,x86_pkg_temp,66000,0
2026-08-28T22:06:55+05:30,thermal_zone0,acpitz,48000,128000
2026-08-28T22:06:55+05:30,thermal_zone1,pch_cannonlake,56000,120000
2026-08-28T22:06:55+05:30,thermal_zone2,INT3400 Thermal,20000,0
2026-08-28T22:06:55+05:30,thermal_zone3,SEN1,1050,103050
2026-08-28T22:06:55+05:30,thermal_zone4,SEN2,42050,80050
2026-08-28T22:06:55+05:30,thermal_zone5,B0D4,48050,110050
2026-08-28T22:06:55+05:30,thermal_zone6,iwlwifi_1,56000,0
2026-08-28T22:06:55+05:30,thermal_zone7,x86_pkg_temp,64000,0
2026-08-28T22:06:56+05:30,thermal_zone0,acpitz,48000,128000
2026-08-28T22:06:56+05:30,thermal_zone1,pch_cannonlake,55000,120000
2026-08-28T22:06:56+05:30,thermal_zone2,INT3400 Thermal,20000,0
2026-08-28T22:06:56+05:30,thermal_zone3,SEN1,1050,103050
2026-08-28T22:06:56+05:30,thermal_zone4,SEN2,42050,80050
2026-08-28T22:06:56+05:30,thermal_zone5,B0D4,48050,110050
2026-08-28T22:06:56+05:30,thermal_zone6,iwlwifi_1,57000,0
2026-08-28T22:06:56+05:30,thermal_zone7,x86_pkg_temp,65000,0
2026-08-28T22:06:57+05:30,thermal_zone0,acpitz,48000,128000
2026-08-28T22:06:57+05:30,thermal_zone1,pch_cannonlake,55000,120000
2026-08-28T22:06:57+05:30,thermal_zone2,INT3400 Thermal,20000,0
2026-08-28T22:06:57+05:30,thermal_zone3,SEN1,1050,103050
2026-08-28T22:06:57+05:30,thermal_zone4,SEN2,42050,80050
2026-08-28T22:06:57+05:30,thermal_zone5,B0D4,48050,110050
2026-08-28T22:06:57+05:30,thermal_zone6,iwlwifi_1,56000,0
2026-08-28T22:06:57+05:30,thermal_zone7,x86_pkg_temp,65000,0
2026-08-28T22:06:59+05:30,thermal_zone0,acpitz,48000,128000
2026-08-28T22:06:59+05:30,thermal_zone1,pch_cannonlake,55000,120000
2026-08-28T22:06:59+05:30,thermal_zone2,INT3400 Thermal,20000,0
2026-08-28T22:06:59+05:30,thermal_zone3,SEN1,1050,103050
2026-08-28T22:06:59+05:30,thermal_zone4,SEN2,42050,80050
2026-08-28T22:06:59+05:30,thermal_zone5,B0D4,48050,110050
2026-08-28T22:06:59+05:30,thermal_zone6,iwlwifi_1,56000,0
2026-08-28T22:06:59+05:30,thermal_zone7,x86_pkg_temp,66000,0
2026-08-28T22:07:00+05:30,thermal_zone0,acpitz,48000,128000
2026-08-28T22:07:00+05:30,thermal_zone1,pch_cannonlake,54000,120000
2026-08-28T22:07:00+05:30,thermal_zone2,INT3400 Thermal,20000,0
2026-08-28T22:07:00+05:30,thermal_zone3,SEN1,1050,103050
2026-08-28T22:07:00+05:30,thermal_zone4,SEN2,42050,80050
2026-08-28T22:07:00+05:30,thermal_zone5,B0D4,48050,110050
2026-08-28T22:07:00+05:30,thermal_zone6,iwlwifi_1,56000,0
2026-08-28T22:07:00+05:30,thermal_zone7,x86_pkg_temp,66000,0
2026-08-28T22:07:01+05:30,thermal_zone0,acpitz,48000,128000
2026-08-28T22:07:01+05:30,thermal_zone1,pch_cannonlake,55000,120000
2026-08-28T22:07:01+05:30,thermal_zone2,INT3400 Thermal,20000,0
2026-08-28T22:07:01+05:30,thermal_zone3,SEN1,1050,103050
2026-08-28T22:07:01+05:30,thermal_zone4,SEN2,42050,80050
2026-08-28T22:07:01+05:30,thermal_zone5,B0D4,48050,110050
2026-08-28T22:07:01+05:30,thermal_zone6,iwlwifi_1,56000,0
2026-08-28T22:07:01+05:30,thermal_zone7,x86_pkg_temp,66000,0
2026-08-28T22:07:02+05:30,thermal_zone0,acpitz,48000,128000
2026-08-28T22:07:02+05:30,thermal_zone1,pch_cannonlake,55000,120000
2026-08-28T22:07:02+05:30,thermal_zone2,INT3400 Thermal,20000,0
2026-08-28T22:07:02+05:30,thermal_zone3,SEN1,1050,103050
2026-08-28T22:07:02+05:30,thermal_zone4,SEN2,42050,80050
2026-08-28T22:07:02+05:30,thermal_zone5,B0D4,48050,110050
2026-08-28T22:07:02+05:30,thermal_zone6,iwlwifi_1,56000,0
2026-08-28T22:07:02+05:30,thermal_zone7,x86_pkg_temp,67000,0
2026-08-28T22:07:03+05:30,thermal_zone0,acpitz,48000,128000
2026-08-28T22:07:03+05:30,thermal_zone1,pch_cannonlake,54000,120000
2026-08-28T22:07:03+05:30,thermal_zone2,INT3400 Thermal,20000,0
2026-08-28T22:07:03+05:30,thermal_zone3,SEN1,1050,103050
2026-08-28T22:07:03+05:30,thermal_zone4,SEN2,42050,80050
2026-08-28T22:07:03+05:30,thermal_zone5,B0D4,48050,110050
2026-08-28T22:07:03+05:30,thermal_zone6,iwlwifi_1,56000,0
2026-08-28T22:07:03+05:30,thermal_zone7,x86_pkg_temp,66000,0
2026-08-28T22:07:05+05:30,thermal_zone0,acpitz,48000,128000
2026-08-28T22:07:05+05:30,thermal_zone1,pch_cannonlake,55000,120000
2026-08-28T22:07:05+05:30,thermal_zone2,INT3400 Thermal,20000,0
2026-08-28T22:07:05+05:30,thermal_zone3,SEN1,1050,103050
2026-08-28T22:07:05+05:30,thermal_zone4,SEN2,42050,80050
2026-08-28T22:07:05+05:30,thermal_zone5,B0D4,48050,110050
2026-08-28T22:07:05+05:30,thermal_zone6,iwlwifi_1,56000,0
2026-08-28T22:07:05+05:30,thermal_zone7,x86_pkg_temp,64000,0
2026-08-28T22:07:06+05:30,thermal_zone0,acpitz,48000,128000
2026-08-28T22:07:06+05:30,thermal_zone1,pch_cannonlake,55000,120000
2026-08-28T22:07:06+05:30,thermal_zone2,INT3400 Thermal,20000,0
2026-08-28T22:07:06+05:30,thermal_zone3,SEN1,1050,103050
2026-08-28T22:07:06+05:30,thermal_zone4,SEN2,42050,80050
2026-08-28T22:07:06+05:30,thermal_zone5,B0D4,48050,110050
2026-08-28T22:07:06+05:30,thermal_zone6,iwlwifi_1,56000,0
2026-08-28T22:07:06+05:30,thermal_zone7,x86_pkg_temp,66000,0
2026-08-28T22:07:07+05:30,thermal_zone0,acpitz,48000,128000
2026-08-28T22:07:07+05:30,thermal_zone1,pch_cannonlake,55000,120000
2026-08-28T22:07:07+05:30,thermal_zone2,INT3400 Thermal,20000,0
2026-08-28T22:07:07+05:30,thermal_zone3,SEN1,1050,103050
2026-08-28T22:07:07+05:30,thermal_zone4,SEN2,41050,80050
2026-08-28T22:07:07+05:30,thermal_zone5,B0D4,48050,110050
2026-08-28T22:07:07+05:30,thermal_zone6,iwlwifi_1,56000,0
2026-08-28T22:07:07+05:30,thermal_zone7,x86_pkg_temp,65000,0
2026-08-28T22:07:08+05:30,thermal_zone0,acpitz,48000,128000
2026-08-28T22:07:08+05:30,thermal_zone1,pch_cannonlake,55000,120000
2026-08-28T22:07:08+05:30,thermal_zone2,INT3400 Thermal,20000,0
2026-08-28T22:07:08+05:30,thermal_zone3,SEN1,1050,103050
2026-08-28T22:07:08+05:30,thermal_zone4,SEN2,41050,80050
2026-08-28T22:07:08+05:30,thermal_zone5,B0D4,48050,110050
2026-08-28T22:07:08+05:30,thermal_zone6,iwlwifi_1,56000,0
2026-08-28T22:07:08+05:30,thermal_zone7,x86_pkg_temp,67000,0
2026-08-28T22:07:10+05:30,thermal_zone0,acpitz,48000,128000
2026-08-28T22:07:10+05:30,thermal_zone1,pch_cannonlake,55000,120000
2026-08-28T22:07:10+05:30,thermal_zone2,INT3400 Thermal,20000,0
2026-08-28T22:07:10+05:30,thermal_zone3,SEN1,1050,103050
2026-08-28T22:07:10+05:30,thermal_zone4,SEN2,41050,80050
2026-08-28T22:07:10+05:30,thermal_zone5,B0D4,48050,110050
2026-08-28T22:07:10+05:30,thermal_zone6,iwlwifi_1,56000,0
2026-08-28T22:07:10+05:30,thermal_zone7,x86_pkg_temp,66000,0
2026-08-28T22:07:11+05:30,thermal_zone0,acpitz,48000,128000
2026-08-28T22:07:11+05:30,thermal_zone1,pch_cannonlake,55000,120000
2026-08-28T22:07:11+05:30,thermal_zone2,INT3400 Thermal,20000,0
2026-08-28T22:07:11+05:30,thermal_zone3,SEN1,1050,103050
2026-08-28T22:07:11+05:30,thermal_zone4,SEN2,41050,80050
2026-08-28T22:07:11+05:30,thermal_zone5,B0D4,48050,110050
2026-08-28T22:07:11+05:30,thermal_zone6,iwlwifi_1,56000,0
2026-08-28T22:07:11+05:30,thermal_zone7,x86_pkg_temp,66000,0
2026-08-28T22:07:12+05:30,thermal_zone0,acpitz,48000,128000
2026-08-28T22:07:12+05:30,thermal_zone1,pch_cannonlake,54000,120000
2026-08-28T22:07:12+05:30,thermal_zone2,INT3400 Thermal,20000,0
2026-08-28T22:07:12+05:30,thermal_zone3,SEN1,1050,103050
2026-08-28T22:07:12+05:30,thermal_zone4,SEN2,41050,80050
2026-08-28T22:07:12+05:30,thermal_zone5,B0D4,48050,110050
2026-08-28T22:07:12+05:30,thermal_zone6,iwlwifi_1,56000,0
2026-08-28T22:07:12+05:30,thermal_zone7,x86_pkg_temp,66000,0
2026-08-28T22:07:13+05:30,thermal_zone0,acpitz,48000,128000
2026-08-28T22:07:13+05:30,thermal_zone1,pch_cannonlake,54000,120000
2026-08-28T22:07:13+05:30,thermal_zone2,INT3400 Thermal,20000,0
2026-08-28T22:07:13+05:30,thermal_zone3,SEN1,1050,103050
2026-08-28T22:07:13+05:30,thermal_zone4,SEN2,41050,80050
2026-08-28T22:07:13+05:30,thermal_zone5,B0D4,48050,110050
2026-08-28T22:07:13+05:30,thermal_zone6,iwlwifi_1,56000,0
2026-08-28T22:07:13+05:30,thermal_zone7,x86_pkg_temp,66000,0
2026-08-28T22:07:15+05:30,thermal_zone0,acpitz,48000,128000
2026-08-28T22:07:15+05:30,thermal_zone1,pch_cannonlake,54000,120000
2026-08-28T22:07:15+05:30,thermal_zone2,INT3400 Thermal,20000,0
2026-08-28T22:07:15+05:30,thermal_zone3,SEN1,1050,103050
2026-08-28T22:07:15+05:30,thermal_zone4,SEN2,41050,80050
2026-08-28T22:07:15+05:30,thermal_zone5,B0D4,48050,110050
2026-08-28T22:07:15+05:30,thermal_zone6,iwlwifi_1,55000,0
2026-08-28T22:07:15+05:30,thermal_zone7,x86_pkg_temp,66000,0
2026-08-28T22:07:16+05:30,thermal_zone0,acpitz,48000,128000
2026-08-28T22:07:16+05:30,thermal_zone1,pch_cannonlake,55000,120000
2026-08-28T22:07:16+05:30,thermal_zone2,INT3400 Thermal,20000,0
2026-08-28T22:07:16+05:30,thermal_zone3,SEN1,1050,103050
2026-08-28T22:07:16+05:30,thermal_zone4,SEN2,41050,80050
2026-08-28T22:07:16+05:30,thermal_zone5,B0D4,48050,110050
2026-08-28T22:07:16+05:30,thermal_zone6,iwlwifi_1,56000,0
2026-08-28T22:07:16+05:30,thermal_zone7,x86_pkg_temp,67000,0
2026-08-28T22:07:17+05:30,thermal_zone0,acpitz,48000,128000
2026-08-28T22:07:17+05:30,thermal_zone1,pch_cannonlake,55000,120000
2026-08-28T22:07:17+05:30,thermal_zone2,INT3400 Thermal,20000,0
2026-08-28T22:07:17+05:30,thermal_zone3,SEN1,1050,103050
2026-08-28T22:07:17+05:30,thermal_zone4,SEN2,41050,80050
2026-08-28T22:07:17+05:30,thermal_zone5,B0D4,48050,110050
2026-08-28T22:07:17+05:30,thermal_zone6,iwlwifi_1,55000,0
2026-08-28T22:07:17+05:30,thermal_zone7,x86_pkg_temp,66000,0
2026-08-28T22:07:18+05:30,thermal_zone0,acpitz,48000,128000
2026-08-28T22:07:18+05:30,thermal_zone1,pch_cannonlake,56000,120000
2026-08-28T22:07:18+05:30,thermal_zone2,INT3400 Thermal,20000,0
2026-08-28T22:07:18+05:30,thermal_zone3,SEN1,1050,103050
2026-08-28T22:07:18+05:30,thermal_zone4,SEN2,41050,80050
2026-08-28T22:07:18+05:30,thermal_zone5,B0D4,48050,110050
2026-08-28T22:07:18+05:30,thermal_zone6,iwlwifi_1,56000,0
2026-08-28T22:07:18+05:30,thermal_zone7,x86_pkg_temp,66000,0
2026-08-28T22:07:20+05:30,thermal_zone0,acpitz,48000,128000
2026-08-28T22:07:20+05:30,thermal_zone1,pch_cannonlake,55000,120000
2026-08-28T22:07:20+05:30,thermal_zone2,INT3400 Thermal,20000,0
2026-08-28T22:07:20+05:30,thermal_zone3,SEN1,1050,103050
2026-08-28T22:07:20+05:30,thermal_zone4,SEN2,41050,80050
2026-08-28T22:07:20+05:30,thermal_zone5,B0D4,48050,110050
2026-08-28T22:07:20+05:30,thermal_zone6,iwlwifi_1,56000,0
2026-08-28T22:07:20+05:30,thermal_zone7,x86_pkg_temp,66000,0
2026-08-28T22:07:21+05:30,thermal_zone0,acpitz,48000,128000
2026-08-28T22:07:21+05:30,thermal_zone1,pch_cannonlake,54000,120000
2026-08-28T22:07:21+05:30,thermal_zone2,INT3400 Thermal,20000,0
2026-08-28T22:07:21+05:30,thermal_zone3,SEN1,1050,103050
2026-08-28T22:07:21+05:30,thermal_zone4,SEN2,41050,80050
2026-08-28T22:07:21+05:30,thermal_zone5,B0D4,48050,110050
2026-08-28T22:07:21+05:30,thermal_zone6,iwlwifi_1,56000,0
2026-08-28T22:07:21+05:30,thermal_zone7,x86_pkg_temp,66000,0
2026-08-28T22:07:22+05:30,thermal_zone0,acpitz,48000,128000
2026-08-28T22:07:22+05:30,thermal_zone1,pch_cannonlake,55000,120000
2026-08-28T22:07:22+05:30,thermal_zone2,INT3400 Thermal,20000,0
2026-08-28T22:07:22+05:30,thermal_zone3,SEN1,1050,103050
2026-08-28T22:07:22+05:30,thermal_zone4,SEN2,41050,80050
2026-08-28T22:07:22+05:30,thermal_zone5,B0D4,48050,110050
2026-08-28T22:07:22+05:30,thermal_zone6,iwlwifi_1,55000,0
2026-08-28T22:07:22+05:30,thermal_zone7,x86_pkg_temp,67000,0
2026-08-28T22:07:23+05:30,thermal_zone0,acpitz,48000,128000
2026-08-28T22:07:23+05:30,thermal_zone1,pch_cannonlake,55000,120000
2026-08-28T22:07:23+05:30,thermal_zone2,INT3400 Thermal,20000,0
2026-08-28T22:07:23+05:30,thermal_zone3,SEN1,1050,103050
2026-08-28T22:07:23+05:30,thermal_zone4,SEN2,42050,80050
2026-08-28T22:07:23+05:30,thermal_zone5,B0D4,48050,110050
2026-08-28T22:07:23+05:30,thermal_zone6,iwlwifi_1,56000,0
2026-08-28T22:07:23+05:30,thermal_zone7,x86_pkg_temp,66000,0
2026-08-28T22:07:25+05:30,thermal_zone0,acpitz,48000,128000
2026-08-28T22:07:25+05:30,thermal_zone1,pch_cannonlake,55000,120000
2026-08-28T22:07:25+05:30,thermal_zone2,INT3400 Thermal,20000,0
2026-08-28T22:07:25+05:30,thermal_zone3,SEN1,1050,103050
2026-08-28T22:07:25+05:30,thermal_zone4,SEN2,42050,80050
2026-08-28T22:07:25+05:30,thermal_zone5,B0D4,48050,110050
2026-08-28T22:07:25+05:30,thermal_zone6,iwlwifi_1,55000,0
2026-08-28T22:07:25+05:30,thermal_zone7,x86_pkg_temp,67000,0
2026-08-28T22:07:26+05:30,thermal_zone0,acpitz,48000,128000
2026-08-28T22:07:26+05:30,thermal_zone1,pch_cannonlake,56000,120000
2026-08-28T22:07:26+05:30,thermal_zone2,INT3400 Thermal,20000,0
2026-08-28T22:07:26+05:30,thermal_zone3,SEN1,1050,103050
2026-08-28T22:07:26+05:30,thermal_zone4,SEN2,42050,80050
2026-08-28T22:07:26+05:30,thermal_zone5,B0D4,48050,110050
2026-08-28T22:07:26+05:30,thermal_zone6,iwlwifi_1,55000,0
2026-08-28T22:07:26+05:30,thermal_zone7,x86_pkg_temp,66000,0
2026-08-28T22:07:27+05:30,thermal_zone0,acpitz,48000,128000
2026-08-28T22:07:27+05:30,thermal_zone1,pch_cannonlake,55000,120000
2026-08-28T22:07:27+05:30,thermal_zone2,INT3400 Thermal,20000,0
2026-08-28T22:07:27+05:30,thermal_zone3,SEN1,1050,103050
2026-08-28T22:07:27+05:30,thermal_zone4,SEN2,42050,80050
2026-08-28T22:07:27+05:30,thermal_zone5,B0D4,48050,110050
2026-08-28T22:07:27+05:30,thermal_zone6,iwlwifi_1,56000,0
2026-08-28T22:07:27+05:30,thermal_zone7,x86_pkg_temp,65000,0
2026-08-28T22:07:28+05:30,thermal_zone0,acpitz,48000,128000
2026-08-28T22:07:28+05:30,thermal_zone1,pch_cannonlake,54000,120000
2026-08-28T22:07:28+05:30,thermal_zone2,INT3400 Thermal,20000,0
2026-08-28T22:07:28+05:30,thermal_zone3,SEN1,1050,103050
2026-08-28T22:07:28+05:30,thermal_zone4,SEN2,42050,80050
2026-08-28T22:07:28+05:30,thermal_zone5,B0D4,48050,110050
2026-08-28T22:07:28+05:30,thermal_zone6,iwlwifi_1,56000,0
2026-08-28T22:07:28+05:30,thermal_zone7,x86_pkg_temp,64000,0
2026-08-28T22:07:30+05:30,thermal_zone0,acpitz,48000,128000
2026-08-28T22:07:30+05:30,thermal_zone1,pch_cannonlake,55000,120000
2026-08-28T22:07:30+05:30,thermal_zone2,INT3400 Thermal,20000,0
2026-08-28T22:07:30+05:30,thermal_zone3,SEN1,1050,103050
2026-08-28T22:07:30+05:30,thermal_zone4,SEN2,42050,80050
2026-08-28T22:07:30+05:30,thermal_zone5,B0D4,48050,110050
2026-08-28T22:07:30+05:30,thermal_zone6,iwlwifi_1,57000,0
2026-08-28T22:07:30+05:30,thermal_zone7,x86_pkg_temp,65000,0
2026-08-28T22:07:31+05:30,thermal_zone0,acpitz,48000,128000
2026-08-28T22:07:31+05:30,thermal_zone1,pch_cannonlake,55000,120000
2026-08-28T22:07:31+05:30,thermal_zone2,INT3400 Thermal,20000,0
2026-08-28T22:07:31+05:30,thermal_zone3,SEN1,1050,103050
2026-08-28T22:07:31+05:30,thermal_zone4,SEN2,42050,80050
2026-08-28T22:07:31+05:30,thermal_zone5,B0D4,48050,110050
2026-08-28T22:07:31+05:30,thermal_zone6,iwlwifi_1,58000,0
2026-08-28T22:07:31+05:30,thermal_zone7,x86_pkg_temp,65000,0
2026-08-28T22:07:32+05:30,thermal_zone0,acpitz,48000,128000
2026-08-28T22:07:32+05:30,thermal_zone1,pch_cannonlake,56000,120000
2026-08-28T22:07:32+05:30,thermal_zone2,INT3400 Thermal,20000,0
2026-08-28T22:07:32+05:30,thermal_zone3,SEN1,1050,103050
2026-08-28T22:07:32+05:30,thermal_zone4,SEN2,42050,80050
2026-08-28T22:07:32+05:30,thermal_zone5,B0D4,48050,110050
2026-08-28T22:07:32+05:30,thermal_zone6,iwlwifi_1,59000,0
2026-08-28T22:07:32+05:30,thermal_zone7,x86_pkg_temp,66000,0
2026-08-28T22:07:34+05:30,thermal_zone0,acpitz,48000,128000
2026-08-28T22:07:34+05:30,thermal_zone1,pch_cannonlake,55000,120000
2026-08-28T22:07:34+05:30,thermal_zone2,INT3400 Thermal,20000,0
2026-08-28T22:07:34+05:30,thermal_zone3,SEN1,1050,103050
2026-08-28T22:07:34+05:30,thermal_zone4,SEN2,42050,80050
2026-08-28T22:07:34+05:30,thermal_zone5,B0D4,48050,110050
2026-08-28T22:07:34+05:30,thermal_zone6,iwlwifi_1,57000,0
2026-08-28T22:07:34+05:30,thermal_zone7,x86_pkg_temp,65000,0
2026-08-28T22:07:35+05:30,thermal_zone0,acpitz,48000,128000
2026-08-28T22:07:35+05:30,thermal_zone1,pch_cannonlake,55000,120000
2026-08-28T22:07:35+05:30,thermal_zone2,INT3400 Thermal,20000,0
2026-08-28T22:07:35+05:30,thermal_zone3,SEN1,1050,103050
2026-08-28T22:07:35+05:30,thermal_zone4,SEN2,42050,80050
2026-08-28T22:07:35+05:30,thermal_zone5,B0D4,48050,110050
2026-08-28T22:07:35+05:30,thermal_zone6,iwlwifi_1,57000,0
2026-08-28T22:07:35+05:30,thermal_zone7,x86_pkg_temp,66000,0
2026-08-28T22:07:36+05:30,thermal_zone0,acpitz,48000,128000
2026-08-28T22:07:36+05:30,thermal_zone1,pch_cannonlake,55000,120000
2026-08-28T22:07:36+05:30,thermal_zone2,INT3400 Thermal,20000,0
2026-08-28T22:07:36+05:30,thermal_zone3,SEN1,1050,103050
2026-08-28T22:07:36+05:30,thermal_zone4,SEN2,42050,80050
2026-08-28T22:07:36+05:30,thermal_zone5,B0D4,48050,110050
2026-08-28T22:07:36+05:30,thermal_zone6,iwlwifi_1,56000,0
2026-08-28T22:07:36+05:30,thermal_zone7,x86_pkg_temp,65000,0
2026-08-28T22:07:37+05:30,thermal_zone0,acpitz,48000,128000
2026-08-28T22:07:37+05:30,thermal_zone1,pch_cannonlake,55000,120000
2026-08-28T22:07:37+05:30,thermal_zone2,INT3400 Thermal,20000,0
2026-08-28T22:07:37+05:30,thermal_zone3,SEN1,1050,103050
2026-08-28T22:07:37+05:30,thermal_zone4,SEN2,42050,80050
2026-08-28T22:07:37+05:30,thermal_zone5,B0D4,48050,110050
2026-08-28T22:07:37+05:30,thermal_zone6,iwlwifi_1,56000,0
2026-08-28T22:07:37+05:30,thermal_zone7,x86_pkg_temp,66000,0
2026-08-28T22:07:38+05:30,thermal_zone0,acpitz,48000,128000
2026-08-28T22:07:38+05:30,thermal_zone1,pch_cannonlake,55000,120000
2026-08-28T22:07:38+05:30,thermal_zone2,INT3400 Thermal,20000,0
2026-08-28T22:07:38+05:30,thermal_zone3,SEN1,1050,103050
2026-08-28T22:07:38+05:30,thermal_zone4,SEN2,42050,80050
2026-08-28T22:07:38+05:30,thermal_zone5,B0D4,48050,110050
2026-08-28T22:07:38+05:30,thermal_zone6,iwlwifi_1,56000,0
2026-08-28T22:07:38+05:30,thermal_zone7,x86_pkg_temp,67000,0
2026-08-28T22:07:40+05:30,thermal_zone0,acpitz,48000,128000
2026-08-28T22:07:40+05:30,thermal_zone1,pch_cannonlake,55000,120000
2026-08-28T22:07:40+05:30,thermal_zone2,INT3400 Thermal,20000,0
2026-08-28T22:07:40+05:30,thermal_zone3,SEN1,1050,103050
2026-08-28T22:07:40+05:30,thermal_zone4,SEN2,42050,80050
2026-08-28T22:07:40+05:30,thermal_zone5,B0D4,48050,110050
2026-08-28T22:07:40+05:30,thermal_zone6,iwlwifi_1,58000,0
2026-08-28T22:07:40+05:30,thermal_zone7,x86_pkg_temp,66000,0
2026-08-28T22:07:41+05:30,thermal_zone0,acpitz,48000,128000
2026-08-28T22:07:41+05:30,thermal_zone1,pch_cannonlake,55000,120000
2026-08-28T22:07:41+05:30,thermal_zone2,INT3400 Thermal,20000,0
2026-08-28T22:07:41+05:30,thermal_zone3,SEN1,1050,103050
2026-08-28T22:07:41+05:30,thermal_zone4,SEN2,42050,80050
2026-08-28T22:07:41+05:30,thermal_zone5,B0D4,48050,110050
2026-08-28T22:07:41+05:30,thermal_zone6,iwlwifi_1,59000,0
2026-08-28T22:07:41+05:30,thermal_zone7,x86_pkg_temp,65000,0
2026-08-28T22:07:42+05:30,thermal_zone0,acpitz,48000,128000
2026-08-28T22:07:42+05:30,thermal_zone1,pch_cannonlake,56000,120000
2026-08-28T22:07:42+05:30,thermal_zone2,INT3400 Thermal,20000,0
2026-08-28T22:07:42+05:30,thermal_zone3,SEN1,1050,103050
2026-08-28T22:07:42+05:30,thermal_zone4,SEN2,42050,80050
2026-08-28T22:07:42+05:30,thermal_zone5,B0D4,48050,110050
2026-08-28T22:07:42+05:30,thermal_zone6,iwlwifi_1,57000,0
2026-08-28T22:07:42+05:30,thermal_zone7,x86_pkg_temp,67000,0
2026-08-28T22:07:43+05:30,thermal_zone0,acpitz,48000,128000
2026-08-28T22:07:43+05:30,thermal_zone1,pch_cannonlake,54000,120000
2026-08-28T22:07:43+05:30,thermal_zone2,INT3400 Thermal,20000,0
2026-08-28T22:07:43+05:30,thermal_zone3,SEN1,1050,103050
2026-08-28T22:07:43+05:30,thermal_zone4,SEN2,42050,80050
2026-08-28T22:07:43+05:30,thermal_zone5,B0D4,48050,110050
2026-08-28T22:07:43+05:30,thermal_zone6,iwlwifi_1,58000,0
2026-08-28T22:07:43+05:30,thermal_zone7,x86_pkg_temp,65000,0
2026-08-28T22:07:45+05:30,thermal_zone0,acpitz,48000,128000
2026-08-28T22:07:45+05:30,thermal_zone1,pch_cannonlake,55000,120000
2026-08-28T22:07:45+05:30,thermal_zone2,INT3400 Thermal,20000,0
2026-08-28T22:07:45+05:30,thermal_zone3,SEN1,1050,103050
2026-08-28T22:07:45+05:30,thermal_zone4,SEN2,42050,80050
2026-08-28T22:07:45+05:30,thermal_zone5,B0D4,48050,110050
2026-08-28T22:07:45+05:30,thermal_zone6,iwlwifi_1,56000,0
2026-08-28T22:07:45+05:30,thermal_zone7,x86_pkg_temp,66000,0
2026-08-28T22:07:46+05:30,thermal_zone0,acpitz,48000,128000
2026-08-28T22:07:46+05:30,thermal_zone1,pch_cannonlake,55000,120000
2026-08-28T22:07:46+05:30,thermal_zone2,INT3400 Thermal,20000,0
2026-08-28T22:07:46+05:30,thermal_zone3,SEN1,1050,103050
2026-08-28T22:07:46+05:30,thermal_zone4,SEN2,42050,80050
2026-08-28T22:07:46+05:30,thermal_zone5,B0D4,48050,110050
2026-08-28T22:07:46+05:30,thermal_zone6,iwlwifi_1,56000,0
2026-08-28T22:07:46+05:30,thermal_zone7,x86_pkg_temp,67000,0
2026-08-28T22:07:47+05:30,thermal_zone0,acpitz,48000,128000
2026-08-28T22:07:47+05:30,thermal_zone1,pch_cannonlake,55000,120000
2026-08-28T22:07:47+05:30,thermal_zone2,INT3400 Thermal,20000,0
2026-08-28T22:07:47+05:30,thermal_zone3,SEN1,1050,103050
2026-08-28T22:07:47+05:30,thermal_zone4,SEN2,42050,80050
2026-08-28T22:07:47+05:30,thermal_zone5,B0D4,48050,110050
2026-08-28T22:07:47+05:30,thermal_zone6,iwlwifi_1,56000,0
2026-08-28T22:07:47+05:30,thermal_zone7,x86_pkg_temp,66000,0
2026-08-28T22:07:48+05:30,thermal_zone0,acpitz,48000,128000
2026-08-28T22:07:48+05:30,thermal_zone1,pch_cannonlake,55000,120000
2026-08-28T22:07:48+05:30,thermal_zone2,INT3400 Thermal,20000,0
2026-08-28T22:07:48+05:30,thermal_zone3,SEN1,1050,103050
2026-08-28T22:07:48+05:30,thermal_zone4,SEN2,42050,80050
2026-08-28T22:07:48+05:30,thermal_zone5,B0D4,48050,110050
2026-08-28T22:07:48+05:30,thermal_zone6,iwlwifi_1,56000,0
2026-08-28T22:07:48+05:30,thermal_zone7,x86_pkg_temp,67000,0
2026-08-28T22:07:50+05:30,thermal_zone0,acpitz,48000,128000
2026-08-28T22:07:50+05:30,thermal_zone1,pch_cannonlake,55000,120000
2026-08-28T22:07:50+05:30,thermal_zone2,INT3400 Thermal,20000,0
2026-08-28T22:07:50+05:30,thermal_zone3,SEN1,1050,103050
2026-08-28T22:07:50+05:30,thermal_zone4,SEN2,42050,80050
2026-08-28T22:07:50+05:30,thermal_zone5,B0D4,48050,110050
2026-08-28T22:07:50+05:30,thermal_zone6,iwlwifi_1,57000,0
2026-08-28T22:07:50+05:30,thermal_zone7,x86_pkg_temp,67000,0
2026-08-28T22:07:51+05:30,thermal_zone0,acpitz,48000,128000
2026-08-28T22:07:51+05:30,thermal_zone1,pch_cannonlake,56000,120000
2026-08-28T22:07:51+05:30,thermal_zone2,INT3400 Thermal,20000,0
2026-08-28T22:07:51+05:30,thermal_zone3,SEN1,1050,103050
2026-08-28T22:07:51+05:30,thermal_zone4,SEN2,42050,80050
2026-08-28T22:07:51+05:30,thermal_zone5,B0D4,48050,110050
2026-08-28T22:07:51+05:30,thermal_zone6,iwlwifi_1,57000,0
2026-08-28T22:07:51+05:30,thermal_zone7,x86_pkg_temp,65000,0
2026-08-28T22:07:52+05:30,thermal_zone0,acpitz,48000,128000
2026-08-28T22:07:52+05:30,thermal_zone1,pch_cannonlake,55000,120000
2026-08-28T22:07:52+05:30,thermal_zone2,INT3400 Thermal,20000,0
2026-08-28T22:07:52+05:30,thermal_zone3,SEN1,1050,103050
2026-08-28T22:07:52+05:30,thermal_zone4,SEN2,42050,80050
2026-08-28T22:07:52+05:30,thermal_zone5,B0D4,48050,110050
2026-08-28T22:07:52+05:30,thermal_zone6,iwlwifi_1,57000,0
2026-08-28T22:07:52+05:30,thermal_zone7,x86_pkg_temp,65000,0
2026-08-28T22:07:54+05:30,thermal_zone0,acpitz,48000,128000
2026-08-28T22:07:54+05:30,thermal_zone1,pch_cannonlake,55000,120000
2026-08-28T22:07:54+05:30,thermal_zone2,INT3400 Thermal,20000,0
2026-08-28T22:07:54+05:30,thermal_zone3,SEN1,1050,103050
2026-08-28T22:07:54+05:30,thermal_zone4,SEN2,42050,80050
2026-08-28T22:07:54+05:30,thermal_zone5,B0D4,48050,110050
2026-08-28T22:07:54+05:30,thermal_zone6,iwlwifi_1,57000,0
2026-08-28T22:07:54+05:30,thermal_zone7,x86_pkg_temp,64000,0
2026-08-28T22:07:55+05:30,thermal_zone0,acpitz,48000,128000
2026-08-28T22:07:55+05:30,thermal_zone1,pch_cannonlake,55000,120000
2026-08-28T22:07:55+05:30,thermal_zone2,INT3400 Thermal,20000,0
2026-08-28T22:07:55+05:30,thermal_zone3,SEN1,1050,103050
2026-08-28T22:07:55+05:30,thermal_zone4,SEN2,42050,80050
2026-08-28T22:07:55+05:30,thermal_zone5,B0D4,48050,110050
2026-08-28T22:07:55+05:30,thermal_zone6,iwlwifi_1,56000,0
2026-08-28T22:07:55+05:30,thermal_zone7,x86_pkg_temp,63000,0
2026-08-28T22:07:56+05:30,thermal_zone0,acpitz,48000,128000
2026-08-28T22:07:56+05:30,thermal_zone1,pch_cannonlake,55000,120000
2026-08-28T22:07:56+05:30,thermal_zone2,INT3400 Thermal,20000,0
2026-08-28T22:07:56+05:30,thermal_zone3,SEN1,1050,103050
2026-08-28T22:07:56+05:30,thermal_zone4,SEN2,42050,80050
2026-08-28T22:07:56+05:30,thermal_zone5,B0D4,48050,110050
2026-08-28T22:07:56+05:30,thermal_zone6,iwlwifi_1,57000,0
2026-08-28T22:07:56+05:30,thermal_zone7,x86_pkg_temp,65000,0
2026-08-28T22:07:58+05:30,thermal_zone0,acpitz,48000,128000
2026-08-28T22:07:58+05:30,thermal_zone1,pch_cannonlake,56000,120000
2026-08-28T22:07:58+05:30,thermal_zone2,INT3400 Thermal,20000,0
2026-08-28T22:07:58+05:30,thermal_zone3,SEN1,1050,103050
2026-08-28T22:07:58+05:30,thermal_zone4,SEN2,42050,80050
2026-08-28T22:07:58+05:30,thermal_zone5,B0D4,48050,110050
2026-08-28T22:07:58+05:30,thermal_zone6,iwlwifi_1,56000,0
2026-08-28T22:07:58+05:30,thermal_zone7,x86_pkg_temp,64000,0
2026-08-28T22:07:59+05:30,thermal_zone0,acpitz,48000,128000
2026-08-28T22:07:59+05:30,thermal_zone1,pch_cannonlake,55000,120000
2026-08-28T22:07:59+05:30,thermal_zone2,INT3400 Thermal,20000,0
2026-08-28T22:07:59+05:30,thermal_zone3,SEN1,1050,103050
2026-08-28T22:07:59+05:30,thermal_zone4,SEN2,42050,80050
2026-08-28T22:07:59+05:30,thermal_zone5,B0D4,48050,110050
2026-08-28T22:07:59+05:30,thermal_zone6,iwlwifi_1,57000,0
2026-08-28T22:07:59+05:30,thermal_zone7,x86_pkg_temp,65000,0
2026-08-28T22:08:00+05:30,thermal_zone0,acpitz,48000,128000
2026-08-28T22:08:00+05:30,thermal_zone1,pch_cannonlake,55000,120000
2026-08-28T22:08:00+05:30,thermal_zone2,INT3400 Thermal,20000,0
2026-08-28T22:08:00+05:30,thermal_zone3,SEN1,1050,103050
2026-08-28T22:08:00+05:30,thermal_zone4,SEN2,42050,80050
2026-08-28T22:08:00+05:30,thermal_zone5,B0D4,48050,110050
2026-08-28T22:08:00+05:30,thermal_zone6,iwlwifi_1,57000,0
2026-08-28T22:08:00+05:30,thermal_zone7,x86_pkg_temp,66000,0
2026-08-28T22:08:01+05:30,thermal_zone0,acpitz,48000,128000
2026-08-28T22:08:01+05:30,thermal_zone1,pch_cannonlake,56000,120000
2026-08-28T22:08:01+05:30,thermal_zone2,INT3400 Thermal,20000,0
2026-08-28T22:08:01+05:30,thermal_zone3,SEN1,1050,103050
2026-08-28T22:08:01+05:30,thermal_zone4,SEN2,42050,80050
2026-08-28T22:08:01+05:30,thermal_zone5,B0D4,48050,110050
2026-08-28T22:08:01+05:30,thermal_zone6,iwlwifi_1,57000,0
2026-08-28T22:08:01+05:30,thermal_zone7,x86_pkg_temp,66000,0
2026-08-28T22:08:03+05:30,thermal_zone0,acpitz,48000,128000
2026-08-28T22:08:03+05:30,thermal_zone1,pch_cannonlake,55000,120000
2026-08-28T22:08:03+05:30,thermal_zone2,INT3400 Thermal,20000,0
2026-08-28T22:08:03+05:30,thermal_zone3,SEN1,1050,103050
2026-08-28T22:08:03+05:30,thermal_zone4,SEN2,42050,80050
2026-08-28T22:08:03+05:30,thermal_zone5,B0D4,48050,110050
2026-08-28T22:08:03+05:30,thermal_zone6,iwlwifi_1,58000,0
2026-08-28T22:08:03+05:30,thermal_zone7,x86_pkg_temp,67000,0
2026-08-28T22:08:04+05:30,thermal_zone0,acpitz,48000,128000
2026-08-28T22:08:04+05:30,thermal_zone1,pch_cannonlake,55000,120000
2026-08-28T22:08:04+05:30,thermal_zone2,INT3400 Thermal,20000,0
2026-08-28T22:08:04+05:30,thermal_zone3,SEN1,1050,103050
2026-08-28T22:08:04+05:30,thermal_zone4,SEN2,42050,80050
2026-08-28T22:08:04+05:30,thermal_zone5,B0D4,48050,110050
2026-08-28T22:08:04+05:30,thermal_zone6,iwlwifi_1,57000,0
2026-08-28T22:08:04+05:30,thermal_zone7,x86_pkg_temp,68000,0
2026-08-28T22:08:05+05:30,thermal_zone0,acpitz,48000,128000
2026-08-28T22:08:05+05:30,thermal_zone1,pch_cannonlake,54000,120000
2026-08-28T22:08:05+05:30,thermal_zone2,INT3400 Thermal,20000,0
2026-08-28T22:08:05+05:30,thermal_zone3,SEN1,1050,103050
2026-08-28T22:08:05+05:30,thermal_zone4,SEN2,42050,80050
2026-08-28T22:08:05+05:30,thermal_zone5,B0D4,48050,110050
2026-08-28T22:08:05+05:30,thermal_zone6,iwlwifi_1,57000,0
2026-08-28T22:08:05+05:30,thermal_zone7,x86_pkg_temp,66000,0
2026-08-28T22:08:06+05:30,thermal_zone0,acpitz,48000,128000
2026-08-28T22:08:06+05:30,thermal_zone1,pch_cannonlake,55000,120000
2026-08-28T22:08:06+05:30,thermal_zone2,INT3400 Thermal,20000,0
2026-08-28T22:08:06+05:30,thermal_zone3,SEN1,1050,103050
2026-08-28T22:08:06+05:30,thermal_zone4,SEN2,42050,80050
2026-08-28T22:08:06+05:30,thermal_zone5,B0D4,48050,110050
2026-08-28T22:08:06+05:30,thermal_zone6,iwlwifi_1,56000,0
2026-08-28T22:08:06+05:30,thermal_zone7,x86_pkg_temp,65000,0
2026-08-28T22:08:08+05:30,thermal_zone0,acpitz,48000,128000
2026-08-28T22:08:08+05:30,thermal_zone1,pch_cannonlake,54000,120000
2026-08-28T22:08:08+05:30,thermal_zone2,INT3400 Thermal,20000,0
2026-08-28T22:08:08+05:30,thermal_zone3,SEN1,1050,103050
2026-08-28T22:08:08+05:30,thermal_zone4,SEN2,42050,80050
2026-08-28T22:08:08+05:30,thermal_zone5,B0D4,48050,110050
2026-08-28T22:08:08+05:30,thermal_zone6,iwlwifi_1,56000,0
2026-08-28T22:08:08+05:30,thermal_zone7,x86_pkg_temp,66000,0
2026-08-28T22:08:09+05:30,thermal_zone0,acpitz,48000,128000
2026-08-28T22:08:09+05:30,thermal_zone1,pch_cannonlake,55000,120000
2026-08-28T22:08:09+05:30,thermal_zone2,INT3400 Thermal,20000,0
2026-08-28T22:08:09+05:30,thermal_zone3,SEN1,1050,103050
2026-08-28T22:08:09+05:30,thermal_zone4,SEN2,42050,80050
2026-08-28T22:08:09+05:30,thermal_zone5,B0D4,48050,110050
2026-08-28T22:08:09+05:30,thermal_zone6,iwlwifi_1,56000,0
2026-08-28T22:08:09+05:30,thermal_zone7,x86_pkg_temp,66000,0
2026-08-28T22:08:10+05:30,thermal_zone0,acpitz,48000,128000
2026-08-28T22:08:10+05:30,thermal_zone1,pch_cannonlake,54000,120000
2026-08-28T22:08:10+05:30,thermal_zone2,INT3400 Thermal,20000,0
2026-08-28T22:08:10+05:30,thermal_zone3,SEN1,1050,103050
2026-08-28T22:08:10+05:30,thermal_zone4,SEN2,42050,80050
2026-08-28T22:08:10+05:30,thermal_zone5,B0D4,48050,110050
2026-08-28T22:08:10+05:30,thermal_zone6,iwlwifi_1,57000,0
2026-08-28T22:08:10+05:30,thermal_zone7,x86_pkg_temp,66000,0
2026-08-28T22:08:11+05:30,thermal_zone0,acpitz,48000,128000
2026-08-28T22:08:11+05:30,thermal_zone1,pch_cannonlake,54000,120000
2026-08-28T22:08:11+05:30,thermal_zone2,INT3400 Thermal,20000,0
2026-08-28T22:08:11+05:30,thermal_zone3,SEN1,1050,103050
2026-08-28T22:08:11+05:30,thermal_zone4,SEN2,41050,80050
2026-08-28T22:08:11+05:30,thermal_zone5,B0D4,48050,110050
2026-08-28T22:08:11+05:30,thermal_zone6,iwlwifi_1,56000,0
2026-08-28T22:08:11+05:30,thermal_zone7,x86_pkg_temp,68000,0
2026-08-28T22:08:13+05:30,thermal_zone0,acpitz,48000,128000
2026-08-28T22:08:13+05:30,thermal_zone1,pch_cannonlake,55000,120000
2026-08-28T22:08:13+05:30,thermal_zone2,INT3400 Thermal,20000,0
2026-08-28T22:08:13+05:30,thermal_zone3,SEN1,1050,103050
2026-08-28T22:08:13+05:30,thermal_zone4,SEN2,41050,80050
2026-08-28T22:08:13+05:30,thermal_zone5,B0D4,48050,110050
2026-08-28T22:08:13+05:30,thermal_zone6,iwlwifi_1,56000,0
2026-08-28T22:08:13+05:30,thermal_zone7,x86_pkg_temp,66000,0
2026-08-28T22:08:14+05:30,thermal_zone0,acpitz,48000,128000
2026-08-28T22:08:14+05:30,thermal_zone1,pch_cannonlake,54000,120000
2026-08-28T22:08:14+05:30,thermal_zone2,INT3400 Thermal,20000,0
2026-08-28T22:08:14+05:30,thermal_zone3,SEN1,1050,103050
2026-08-28T22:08:14+05:30,thermal_zone4,SEN2,41050,80050
2026-08-28T22:08:14+05:30,thermal_zone5,B0D4,48050,110050
2026-08-28T22:08:14+05:30,thermal_zone6,iwlwifi_1,56000,0
2026-08-28T22:08:14+05:30,thermal_zone7,x86_pkg_temp,67000,0
2026-08-28T22:08:15+05:30,thermal_zone0,acpitz,48000,128000
2026-08-28T22:08:15+05:30,thermal_zone1,pch_cannonlake,55000,120000
2026-08-28T22:08:15+05:30,thermal_zone2,INT3400 Thermal,20000,0
2026-08-28T22:08:15+05:30,thermal_zone3,SEN1,1050,103050
2026-08-28T22:08:15+05:30,thermal_zone4,SEN2,41050,80050
2026-08-28T22:08:15+05:30,thermal_zone5,B0D4,48050,110050
2026-08-28T22:08:15+05:30,thermal_zone6,iwlwifi_1,56000,0
2026-08-28T22:08:15+05:30,thermal_zone7,x86_pkg_temp,65000,0
2026-08-28T22:08:16+05:30,thermal_zone0,acpitz,48000,128000
2026-08-28T22:08:16+05:30,thermal_zone1,pch_cannonlake,56000,120000
2026-08-28T22:08:16+05:30,thermal_zone2,INT3400 Thermal,20000,0
2026-08-28T22:08:16+05:30,thermal_zone3,SEN1,1050,103050
2026-08-28T22:08:16+05:30,thermal_zone4,SEN2,41050,80050
2026-08-28T22:08:16+05:30,thermal_zone5,B0D4,48050,110050
2026-08-28T22:08:16+05:30,thermal_zone6,iwlwifi_1,56000,0
2026-08-28T22:08:16+05:30,thermal_zone7,x86_pkg_temp,66000,0
2026-08-28T22:08:18+05:30,thermal_zone0,acpitz,48000,128000
2026-08-28T22:08:18+05:30,thermal_zone1,pch_cannonlake,55000,120000
2026-08-28T22:08:18+05:30,thermal_zone2,INT3400 Thermal,20000,0
2026-08-28T22:08:18+05:30,thermal_zone3,SEN1,1050,103050
2026-08-28T22:08:18+05:30,thermal_zone4,SEN2,41050,80050
2026-08-28T22:08:18+05:30,thermal_zone5,B0D4,48050,110050
2026-08-28T22:08:18+05:30,thermal_zone6,iwlwifi_1,56000,0
2026-08-28T22:08:18+05:30,thermal_zone7,x86_pkg_temp,66000,0
2026-08-28T22:08:19+05:30,thermal_zone0,acpitz,48000,128000
2026-08-28T22:08:19+05:30,thermal_zone1,pch_cannonlake,54000,120000
2026-08-28T22:08:19+05:30,thermal_zone2,INT3400 Thermal,20000,0
2026-08-28T22:08:19+05:30,thermal_zone3,SEN1,1050,103050
2026-08-28T22:08:19+05:30,thermal_zone4,SEN2,41050,80050
2026-08-28T22:08:19+05:30,thermal_zone5,B0D4,48050,110050
2026-08-28T22:08:19+05:30,thermal_zone6,iwlwifi_1,56000,0
2026-08-28T22:08:19+05:30,thermal_zone7,x86_pkg_temp,67000,0
2026-08-28T22:08:20+05:30,thermal_zone0,acpitz,48000,128000
2026-08-28T22:08:20+05:30,thermal_zone1,pch_cannonlake,54000,120000
2026-08-28T22:08:20+05:30,thermal_zone2,INT3400 Thermal,20000,0
2026-08-28T22:08:20+05:30,thermal_zone3,SEN1,1050,103050
2026-08-28T22:08:20+05:30,thermal_zone4,SEN2,41050,80050
2026-08-28T22:08:20+05:30,thermal_zone5,B0D4,48050,110050
2026-08-28T22:08:20+05:30,thermal_zone6,iwlwifi_1,56000,0
2026-08-28T22:08:20+05:30,thermal_zone7,x86_pkg_temp,66000,0
2026-08-28T22:08:21+05:30,thermal_zone0,acpitz,48000,128000
2026-08-28T22:08:21+05:30,thermal_zone1,pch_cannonlake,55000,120000
2026-08-28T22:08:21+05:30,thermal_zone2,INT3400 Thermal,20000,0
2026-08-28T22:08:21+05:30,thermal_zone3,SEN1,1050,103050
2026-08-28T22:08:21+05:30,thermal_zone4,SEN2,41050,80050
2026-08-28T22:08:21+05:30,thermal_zone5,B0D4,48050,110050
2026-08-28T22:08:21+05:30,thermal_zone6,iwlwifi_1,56000,0
2026-08-28T22:08:21+05:30,thermal_zone7,x86_pkg_temp,67000,0
2026-08-28T22:08:23+05:30,thermal_zone0,acpitz,48000,128000
2026-08-28T22:08:23+05:30,thermal_zone1,pch_cannonlake,55000,120000
2026-08-28T22:08:23+05:30,thermal_zone2,INT3400 Thermal,20000,0
2026-08-28T22:08:23+05:30,thermal_zone3,SEN1,1050,103050
2026-08-28T22:08:23+05:30,thermal_zone4,SEN2,41050,80050
2026-08-28T22:08:23+05:30,thermal_zone5,B0D4,48050,110050
2026-08-28T22:08:23+05:30,thermal_zone6,iwlwifi_1,55000,0
2026-08-28T22:08:23+05:30,thermal_zone7,x86_pkg_temp,65000,0
2026-08-28T22:08:24+05:30,thermal_zone0,acpitz,48000,128000
2026-08-28T22:08:24+05:30,thermal_zone1,pch_cannonlake,55000,120000
2026-08-28T22:08:24+05:30,thermal_zone2,INT3400 Thermal,20000,0
2026-08-28T22:08:24+05:30,thermal_zone3,SEN1,1050,103050
2026-08-28T22:08:24+05:30,thermal_zone4,SEN2,41050,80050
2026-08-28T22:08:24+05:30,thermal_zone5,B0D4,48050,110050
2026-08-28T22:08:24+05:30,thermal_zone6,iwlwifi_1,57000,0
2026-08-28T22:08:24+05:30,thermal_zone7,x86_pkg_temp,66000,0
2026-08-28T22:08:25+05:30,thermal_zone0,acpitz,48000,128000
2026-08-28T22:08:25+05:30,thermal_zone1,pch_cannonlake,55000,120000
2026-08-28T22:08:25+05:30,thermal_zone2,INT3400 Thermal,20000,0
2026-08-28T22:08:25+05:30,thermal_zone3,SEN1,1050,103050
2026-08-28T22:08:25+05:30,thermal_zone4,SEN2,41050,80050
2026-08-28T22:08:25+05:30,thermal_zone5,B0D4,48050,110050
2026-08-28T22:08:25+05:30,thermal_zone6,iwlwifi_1,57000,0
2026-08-28T22:08:25+05:30,thermal_zone7,x86_pkg_temp,66000,0
2026-08-28T22:08:26+05:30,thermal_zone0,acpitz,48000,128000
2026-08-28T22:08:26+05:30,thermal_zone1,pch_cannonlake,55000,120000
2026-08-28T22:08:26+05:30,thermal_zone2,INT3400 Thermal,20000,0
2026-08-28T22:08:26+05:30,thermal_zone3,SEN1,1050,103050
2026-08-28T22:08:26+05:30,thermal_zone4,SEN2,41050,80050
2026-08-28T22:08:26+05:30,thermal_zone5,B0D4,48050,110050
2026-08-28T22:08:26+05:30,thermal_zone6,iwlwifi_1,56000,0
2026-08-28T22:08:26+05:30,thermal_zone7,x86_pkg_temp,67000,0
2026-08-28T22:08:28+05:30,thermal_zone0,acpitz,48000,128000
2026-08-28T22:08:28+05:30,thermal_zone1,pch_cannonlake,55000,120000
2026-08-28T22:08:28+05:30,thermal_zone2,INT3400 Thermal,20000,0
2026-08-28T22:08:28+05:30,thermal_zone3,SEN1,1050,103050
2026-08-28T22:08:28+05:30,thermal_zone4,SEN2,41050,80050
2026-08-28T22:08:28+05:30,thermal_zone5,B0D4,48050,110050
2026-08-28T22:08:28+05:30,thermal_zone6,iwlwifi_1,56000,0
2026-08-28T22:08:28+05:30,thermal_zone7,x86_pkg_temp,68000,0
2026-08-28T22:08:29+05:30,thermal_zone0,acpitz,48000,128000
2026-08-28T22:08:29+05:30,thermal_zone1,pch_cannonlake,55000,120000
2026-08-28T22:08:29+05:30,thermal_zone2,INT3400 Thermal,20000,0
2026-08-28T22:08:29+05:30,thermal_zone3,SEN1,1050,103050
2026-08-28T22:08:29+05:30,thermal_zone4,SEN2,41050,80050
2026-08-28T22:08:29+05:30,thermal_zone5,B0D4,48050,110050
2026-08-28T22:08:29+05:30,thermal_zone6,iwlwifi_1,56000,0
2026-08-28T22:08:29+05:30,thermal_zone7,x86_pkg_temp,66000,0
2026-08-28T22:08:30+05:30,thermal_zone0,acpitz,48000,128000
2026-08-28T22:08:30+05:30,thermal_zone1,pch_cannonlake,54000,120000
2026-08-28T22:08:30+05:30,thermal_zone2,INT3400 Thermal,20000,0
2026-08-28T22:08:30+05:30,thermal_zone3,SEN1,1050,103050
2026-08-28T22:08:30+05:30,thermal_zone4,SEN2,41050,80050
2026-08-28T22:08:30+05:30,thermal_zone5,B0D4,48050,110050
2026-08-28T22:08:30+05:30,thermal_zone6,iwlwifi_1,57000,0
2026-08-28T22:08:30+05:30,thermal_zone7,x86_pkg_temp,66000,0
2026-08-28T22:08:31+05:30,thermal_zone0,acpitz,48000,128000
2026-08-28T22:08:31+05:30,thermal_zone1,pch_cannonlake,55000,120000
2026-08-28T22:08:31+05:30,thermal_zone2,INT3400 Thermal,20000,0
2026-08-28T22:08:31+05:30,thermal_zone3,SEN1,1050,103050
2026-08-28T22:08:31+05:30,thermal_zone4,SEN2,41050,80050
2026-08-28T22:08:31+05:30,thermal_zone5,B0D4,48050,110050
2026-08-28T22:08:31+05:30,thermal_zone6,iwlwifi_1,56000,0
2026-08-28T22:08:31+05:30,thermal_zone7,x86_pkg_temp,66000,0
2026-08-28T22:08:33+05:30,thermal_zone0,acpitz,48000,128000
2026-08-28T22:08:33+05:30,thermal_zone1,pch_cannonlake,54000,120000
2026-08-28T22:08:33+05:30,thermal_zone2,INT3400 Thermal,20000,0
2026-08-28T22:08:33+05:30,thermal_zone3,SEN1,1050,103050
2026-08-28T22:08:33+05:30,thermal_zone4,SEN2,41050,80050
2026-08-28T22:08:33+05:30,thermal_zone5,B0D4,48050,110050
2026-08-28T22:08:33+05:30,thermal_zone6,iwlwifi_1,56000,0
2026-08-28T22:08:33+05:30,thermal_zone7,x86_pkg_temp,66000,0
2026-08-28T22:08:34+05:30,thermal_zone0,acpitz,48000,128000
2026-08-28T22:08:34+05:30,thermal_zone1,pch_cannonlake,55000,120000
2026-08-28T22:08:34+05:30,thermal_zone2,INT3400 Thermal,20000,0
2026-08-28T22:08:34+05:30,thermal_zone3,SEN1,1050,103050
2026-08-28T22:08:34+05:30,thermal_zone4,SEN2,41050,80050
2026-08-28T22:08:34+05:30,thermal_zone5,B0D4,48050,110050
2026-08-28T22:08:34+05:30,thermal_zone6,iwlwifi_1,57000,0
2026-08-28T22:08:34+05:30,thermal_zone7,x86_pkg_temp,66000,0
2026-08-28T22:08:35+05:30,thermal_zone0,acpitz,48000,128000
2026-08-28T22:08:35+05:30,thermal_zone1,pch_cannonlake,55000,120000
2026-08-28T22:08:35+05:30,thermal_zone2,INT3400 Thermal,20000,0
2026-08-28T22:08:35+05:30,thermal_zone3,SEN1,1050,103050
2026-08-28T22:08:35+05:30,thermal_zone4,SEN2,41050,80050
2026-08-28T22:08:35+05:30,thermal_zone5,B0D4,48050,110050
2026-08-28T22:08:35+05:30,thermal_zone6,iwlwifi_1,57000,0
2026-08-28T22:08:35+05:30,thermal_zone7,x86_pkg_temp,66000,0
2026-08-28T22:08:36+05:30,thermal_zone0,acpitz,48000,128000
2026-08-28T22:08:36+05:30,thermal_zone1,pch_cannonlake,55000,120000
2026-08-28T22:08:36+05:30,thermal_zone2,INT3400 Thermal,20000,0
2026-08-28T22:08:36+05:30,thermal_zone3,SEN1,1050,103050
2026-08-28T22:08:36+05:30,thermal_zone4,SEN2,41050,80050
2026-08-28T22:08:36+05:30,thermal_zone5,B0D4,48050,110050
2026-08-28T22:08:36+05:30,thermal_zone6,iwlwifi_1,57000,0
2026-08-28T22:08:36+05:30,thermal_zone7,x86_pkg_temp,66000,0
2026-08-28T22:08:38+05:30,thermal_zone0,acpitz,48000,128000
2026-08-28T22:08:38+05:30,thermal_zone1,pch_cannonlake,55000,120000
2026-08-28T22:08:38+05:30,thermal_zone2,INT3400 Thermal,20000,0
2026-08-28T22:08:38+05:30,thermal_zone3,SEN1,1050,103050
2026-08-28T22:08:38+05:30,thermal_zone4,SEN2,41050,80050
2026-08-28T22:08:38+05:30,thermal_zone5,B0D4,48050,110050
2026-08-28T22:08:38+05:30,thermal_zone6,iwlwifi_1,59000,0
2026-08-28T22:08:38+05:30,thermal_zone7,x86_pkg_temp,65000,0
2026-08-28T22:08:39+05:30,thermal_zone0,acpitz,48000,128000
2026-08-28T22:08:39+05:30,thermal_zone1,pch_cannonlake,57000,120000
2026-08-28T22:08:39+05:30,thermal_zone2,INT3400 Thermal,20000,0
2026-08-28T22:08:39+05:30,thermal_zone3,SEN1,1050,103050
2026-08-28T22:08:39+05:30,thermal_zone4,SEN2,41050,80050
2026-08-28T22:08:39+05:30,thermal_zone5,B0D4,48050,110050
2026-08-28T22:08:39+05:30,thermal_zone6,iwlwifi_1,57000,0
2026-08-28T22:08:39+05:30,thermal_zone7,x86_pkg_temp,66000,0
2026-08-28T22:08:40+05:30,thermal_zone0,acpitz,48000,128000
2026-08-28T22:08:40+05:30,thermal_zone1,pch_cannonlake,55000,120000
2026-08-28T22:08:40+05:30,thermal_zone2,INT3400 Thermal,20000,0
2026-08-28T22:08:40+05:30,thermal_zone3,SEN1,1050,103050
2026-08-28T22:08:40+05:30,thermal_zone4,SEN2,41050,80050
2026-08-28T22:08:40+05:30,thermal_zone5,B0D4,48050,110050
2026-08-28T22:08:40+05:30,thermal_zone6,iwlwifi_1,56000,0
2026-08-28T22:08:40+05:30,thermal_zone7,x86_pkg_temp,67000,0
2026-08-28T22:08:41+05:30,thermal_zone0,acpitz,48000,128000
2026-08-28T22:08:41+05:30,thermal_zone1,pch_cannonlake,55000,120000
2026-08-28T22:08:41+05:30,thermal_zone2,INT3400 Thermal,20000,0
2026-08-28T22:08:41+05:30,thermal_zone3,SEN1,1050,103050
2026-08-28T22:08:41+05:30,thermal_zone4,SEN2,41050,80050
2026-08-28T22:08:41+05:30,thermal_zone5,B0D4,48050,110050
2026-08-28T22:08:41+05:30,thermal_zone6,iwlwifi_1,56000,0
2026-08-28T22:08:41+05:30,thermal_zone7,x86_pkg_temp,66000,0
2026-08-28T22:08:43+05:30,thermal_zone0,acpitz,48000,128000
2026-08-28T22:08:43+05:30,thermal_zone1,pch_cannonlake,55000,120000
2026-08-28T22:08:43+05:30,thermal_zone2,INT3400 Thermal,20000,0
2026-08-28T22:08:43+05:30,thermal_zone3,SEN1,1050,103050
2026-08-28T22:08:43+05:30,thermal_zone4,SEN2,42050,80050
2026-08-28T22:08:43+05:30,thermal_zone5,B0D4,48050,110050
2026-08-28T22:08:43+05:30,thermal_zone6,iwlwifi_1,56000,0
2026-08-28T22:08:43+05:30,thermal_zone7,x86_pkg_temp,66000,0
2026-08-28T22:08:44+05:30,thermal_zone0,acpitz,48000,128000
2026-08-28T22:08:44+05:30,thermal_zone1,pch_cannonlake,56000,120000
2026-08-28T22:08:44+05:30,thermal_zone2,INT3400 Thermal,20000,0
2026-08-28T22:08:44+05:30,thermal_zone3,SEN1,1050,103050
2026-08-28T22:08:44+05:30,thermal_zone4,SEN2,42050,80050
2026-08-28T22:08:44+05:30,thermal_zone5,B0D4,48050,110050
2026-08-28T22:08:44+05:30,thermal_zone6,iwlwifi_1,56000,0
2026-08-28T22:08:44+05:30,thermal_zone7,x86_pkg_temp,67000,0
2026-08-28T22:08:45+05:30,thermal_zone0,acpitz,48000,128000
2026-08-28T22:08:45+05:30,thermal_zone1,pch_cannonlake,54000,120000
2026-08-28T22:08:45+05:30,thermal_zone2,INT3400 Thermal,20000,0
2026-08-28T22:08:45+05:30,thermal_zone3,SEN1,1050,103050
2026-08-28T22:08:45+05:30,thermal_zone4,SEN2,42050,80050
2026-08-28T22:08:45+05:30,thermal_zone5,B0D4,48050,110050
2026-08-28T22:08:45+05:30,thermal_zone6,iwlwifi_1,56000,0
2026-08-28T22:08:45+05:30,thermal_zone7,x86_pkg_temp,67000,0
2026-08-28T22:08:46+05:30,thermal_zone0,acpitz,48000,128000
2026-08-28T22:08:46+05:30,thermal_zone1,pch_cannonlake,54000,120000
2026-08-28T22:08:46+05:30,thermal_zone2,INT3400 Thermal,20000,0
2026-08-28T22:08:46+05:30,thermal_zone3,SEN1,1050,103050
2026-08-28T22:08:46+05:30,thermal_zone4,SEN2,42050,80050
2026-08-28T22:08:46+05:30,thermal_zone5,B0D4,48050,110050
2026-08-28T22:08:46+05:30,thermal_zone6,iwlwifi_1,57000,0
2026-08-28T22:08:46+05:30,thermal_zone7,x86_pkg_temp,65000,0
2026-08-28T22:08:48+05:30,thermal_zone0,acpitz,48000,128000
2026-08-28T22:08:48+05:30,thermal_zone1,pch_cannonlake,55000,120000
2026-08-28T22:08:48+05:30,thermal_zone2,INT3400 Thermal,20000,0
2026-08-28T22:08:48+05:30,thermal_zone3,SEN1,1050,103050
2026-08-28T22:08:48+05:30,thermal_zone4,SEN2,42050,80050
2026-08-28T22:08:48+05:30,thermal_zone5,B0D4,48050,110050
2026-08-28T22:08:48+05:30,thermal_zone6,iwlwifi_1,56000,0
2026-08-28T22:08:48+05:30,thermal_zone7,x86_pkg_temp,66000,0
2026-08-28T22:08:49+05:30,thermal_zone0,acpitz,48000,128000
2026-08-28T22:08:49+05:30,thermal_zone1,pch_cannonlake,55000,120000
2026-08-28T22:08:49+05:30,thermal_zone2,INT3400 Thermal,20000,0
2026-08-28T22:08:49+05:30,thermal_zone3,SEN1,1050,103050
2026-08-28T22:08:49+05:30,thermal_zone4,SEN2,42050,80050
2026-08-28T22:08:49+05:30,thermal_zone5,B0D4,48050,110050
2026-08-28T22:08:49+05:30,thermal_zone6,iwlwifi_1,57000,0
2026-08-28T22:08:49+05:30,thermal_zone7,x86_pkg_temp,66000,0
2026-08-28T22:08:50+05:30,thermal_zone0,acpitz,48000,128000
2026-08-28T22:08:50+05:30,thermal_zone1,pch_cannonlake,54000,120000
2026-08-28T22:08:50+05:30,thermal_zone2,INT3400 Thermal,20000,0
2026-08-28T22:08:50+05:30,thermal_zone3,SEN1,1050,103050
2026-08-28T22:08:50+05:30,thermal_zone4,SEN2,42050,80050
2026-08-28T22:08:50+05:30,thermal_zone5,B0D4,48050,110050
2026-08-28T22:08:50+05:30,thermal_zone6,iwlwifi_1,57000,0
2026-08-28T22:08:50+05:30,thermal_zone7,x86_pkg_temp,67000,0
2026-08-28T22:08:51+05:30,thermal_zone0,acpitz,48000,128000
2026-08-28T22:08:51+05:30,thermal_zone1,pch_cannonlake,55000,120000
2026-08-28T22:08:51+05:30,thermal_zone2,INT3400 Thermal,20000,0
2026-08-28T22:08:51+05:30,thermal_zone3,SEN1,1050,103050
2026-08-28T22:08:51+05:30,thermal_zone4,SEN2,42050,80050
2026-08-28T22:08:51+05:30,thermal_zone5,B0D4,48050,110050
2026-08-28T22:08:51+05:30,thermal_zone6,iwlwifi_1,56000,0
2026-08-28T22:08:51+05:30,thermal_zone7,x86_pkg_temp,66000,0
2026-08-28T22:08:52+05:30,thermal_zone0,acpitz,48000,128000
2026-08-28T22:08:52+05:30,thermal_zone1,pch_cannonlake,55000,120000
2026-08-28T22:08:52+05:30,thermal_zone2,INT3400 Thermal,20000,0
2026-08-28T22:08:52+05:30,thermal_zone3,SEN1,1050,103050
2026-08-28T22:08:52+05:30,thermal_zone4,SEN2,42050,80050
2026-08-28T22:08:52+05:30,thermal_zone5,B0D4,48050,110050
2026-08-28T22:08:52+05:30,thermal_zone6,iwlwifi_1,56000,0
2026-08-28T22:08:52+05:30,thermal_zone7,x86_pkg_temp,67000,0
2026-08-28T22:08:54+05:30,thermal_zone0,acpitz,48000,128000
2026-08-28T22:08:54+05:30,thermal_zone1,pch_cannonlake,55000,120000
2026-08-28T22:08:54+05:30,thermal_zone2,INT3400 Thermal,20000,0
2026-08-28T22:08:54+05:30,thermal_zone3,SEN1,1050,103050
2026-08-28T22:08:54+05:30,thermal_zone4,SEN2,42050,80050
2026-08-28T22:08:54+05:30,thermal_zone5,B0D4,48050,110050
2026-08-28T22:08:54+05:30,thermal_zone6,iwlwifi_1,56000,0
2026-08-28T22:08:54+05:30,thermal_zone7,x86_pkg_temp,65000,0
2026-08-28T22:08:55+05:30,thermal_zone0,acpitz,48000,128000
2026-08-28T22:08:55+05:30,thermal_zone1,pch_cannonlake,54000,120000
2026-08-28T22:08:55+05:30,thermal_zone2,INT3400 Thermal,20000,0
2026-08-28T22:08:55+05:30,thermal_zone3,SEN1,1050,103050
2026-08-28T22:08:55+05:30,thermal_zone4,SEN2,42050,80050
2026-08-28T22:08:55+05:30,thermal_zone5,B0D4,48050,110050
2026-08-28T22:08:55+05:30,thermal_zone6,iwlwifi_1,57000,0
2026-08-28T22:08:55+05:30,thermal_zone7,x86_pkg_temp,66000,0
2026-08-28T22:08:56+05:30,thermal_zone0,acpitz,48000,128000
2026-08-28T22:08:56+05:30,thermal_zone1,pch_cannonlake,54000,120000
2026-08-28T22:08:56+05:30,thermal_zone2,INT3400 Thermal,20000,0
2026-08-28T22:08:56+05:30,thermal_zone3,SEN1,1050,103050
2026-08-28T22:08:56+05:30,thermal_zone4,SEN2,42050,80050
2026-08-28T22:08:56+05:30,thermal_zone5,B0D4,48050,110050
2026-08-28T22:08:56+05:30,thermal_zone6,iwlwifi_1,56000,0
2026-08-28T22:08:56+05:30,thermal_zone7,x86_pkg_temp,67000,0
2026-08-28T22:08:57+05:30,thermal_zone0,acpitz,48000,128000
2026-08-28T22:08:57+05:30,thermal_zone1,pch_cannonlake,55000,120000
2026-08-28T22:08:57+05:30,thermal_zone2,INT3400 Thermal,20000,0
2026-08-28T22:08:57+05:30,thermal_zone3,SEN1,1050,103050
2026-08-28T22:08:57+05:30,thermal_zone4,SEN2,42050,80050
2026-08-28T22:08:57+05:30,thermal_zone5,B0D4,48050,110050
2026-08-28T22:08:57+05:30,thermal_zone6,iwlwifi_1,56000,0
2026-08-28T22:08:57+05:30,thermal_zone7,x86_pkg_temp,68000,0
2026-08-28T22:08:59+05:30,thermal_zone0,acpitz,48000,128000
2026-08-28T22:08:59+05:30,thermal_zone1,pch_cannonlake,55000,120000
2026-08-28T22:08:59+05:30,thermal_zone2,INT3400 Thermal,20000,0
2026-08-28T22:08:59+05:30,thermal_zone3,SEN1,1050,103050
2026-08-28T22:08:59+05:30,thermal_zone4,SEN2,42050,80050
2026-08-28T22:08:59+05:30,thermal_zone5,B0D4,48050,110050
2026-08-28T22:08:59+05:30,thermal_zone6,iwlwifi_1,57000,0
2026-08-28T22:08:59+05:30,thermal_zone7,x86_pkg_temp,66000,0
2026-08-28T22:09:00+05:30,thermal_zone0,acpitz,48000,128000
2026-08-28T22:09:00+05:30,thermal_zone1,pch_cannonlake,55000,120000
2026-08-28T22:09:00+05:30,thermal_zone2,INT3400 Thermal,20000,0
2026-08-28T22:09:00+05:30,thermal_zone3,SEN1,1050,103050
2026-08-28T22:09:00+05:30,thermal_zone4,SEN2,42050,80050
2026-08-28T22:09:00+05:30,thermal_zone5,B0D4,48050,110050
2026-08-28T22:09:00+05:30,thermal_zone6,iwlwifi_1,56000,0
2026-08-28T22:09:00+05:30,thermal_zone7,x86_pkg_temp,67000,0
2026-08-28T22:09:01+05:30,thermal_zone0,acpitz,48000,128000
2026-08-28T22:09:01+05:30,thermal_zone1,pch_cannonlake,55000,120000
2026-08-28T22:09:01+05:30,thermal_zone2,INT3400 Thermal,20000,0
2026-08-28T22:09:01+05:30,thermal_zone3,SEN1,1050,103050
2026-08-28T22:09:01+05:30,thermal_zone4,SEN2,42050,80050
2026-08-28T22:09:01+05:30,thermal_zone5,B0D4,48050,110050
2026-08-28T22:09:01+05:30,thermal_zone6,iwlwifi_1,56000,0
2026-08-28T22:09:01+05:30,thermal_zone7,x86_pkg_temp,65000,0
2026-08-28T22:09:02+05:30,thermal_zone0,acpitz,48000,128000
2026-08-28T22:09:02+05:30,thermal_zone1,pch_cannonlake,55000,120000
2026-08-28T22:09:02+05:30,thermal_zone2,INT3400 Thermal,20000,0
2026-08-28T22:09:02+05:30,thermal_zone3,SEN1,1050,103050
2026-08-28T22:09:02+05:30,thermal_zone4,SEN2,42050,80050
2026-08-28T22:09:02+05:30,thermal_zone5,B0D4,48050,110050
2026-08-28T22:09:02+05:30,thermal_zone6,iwlwifi_1,56000,0
2026-08-28T22:09:02+05:30,thermal_zone7,x86_pkg_temp,66000,0
2026-08-28T22:09:04+05:30,thermal_zone0,acpitz,48000,128000
2026-08-28T22:09:04+05:30,thermal_zone1,pch_cannonlake,54000,120000
2026-08-28T22:09:04+05:30,thermal_zone2,INT3400 Thermal,20000,0
2026-08-28T22:09:04+05:30,thermal_zone3,SEN1,1050,103050
2026-08-28T22:09:04+05:30,thermal_zone4,SEN2,42050,80050
2026-08-28T22:09:04+05:30,thermal_zone5,B0D4,48050,110050
2026-08-28T22:09:04+05:30,thermal_zone6,iwlwifi_1,56000,0
2026-08-28T22:09:04+05:30,thermal_zone7,x86_pkg_temp,63000,0
2026-08-28T22:09:05+05:30,thermal_zone0,acpitz,48000,128000
2026-08-28T22:09:05+05:30,thermal_zone1,pch_cannonlake,55000,120000
2026-08-28T22:09:05+05:30,thermal_zone2,INT3400 Thermal,20000,0
2026-08-28T22:09:05+05:30,thermal_zone3,SEN1,1050,103050
2026-08-28T22:09:05+05:30,thermal_zone4,SEN2,42050,80050
2026-08-28T22:09:05+05:30,thermal_zone5,B0D4,48050,110050
2026-08-28T22:09:05+05:30,thermal_zone6,iwlwifi_1,57000,0
2026-08-28T22:09:05+05:30,thermal_zone7,x86_pkg_temp,62000,0
2026-08-28T22:09:06+05:30,thermal_zone0,acpitz,48000,128000
2026-08-28T22:09:06+05:30,thermal_zone1,pch_cannonlake,56000,120000
2026-08-28T22:09:06+05:30,thermal_zone2,INT3400 Thermal,20000,0
2026-08-28T22:09:06+05:30,thermal_zone3,SEN1,1050,103050
2026-08-28T22:09:06+05:30,thermal_zone4,SEN2,42050,80050
2026-08-28T22:09:06+05:30,thermal_zone5,B0D4,48050,110050
2026-08-28T22:09:06+05:30,thermal_zone6,iwlwifi_1,56000,0
2026-08-28T22:09:06+05:30,thermal_zone7,x86_pkg_temp,66000,0
2026-08-28T22:09:08+05:30,thermal_zone0,acpitz,48000,128000
2026-08-28T22:09:08+05:30,thermal_zone1,pch_cannonlake,55000,120000
2026-08-28T22:09:08+05:30,thermal_zone2,INT3400 Thermal,20000,0
2026-08-28T22:09:08+05:30,thermal_zone3,SEN1,1050,103050
2026-08-28T22:09:08+05:30,thermal_zone4,SEN2,42050,80050
2026-08-28T22:09:08+05:30,thermal_zone5,B0D4,48050,110050
2026-08-28T22:09:08+05:30,thermal_zone6,iwlwifi_1,57000,0
2026-08-28T22:09:08+05:30,thermal_zone7,x86_pkg_temp,66000,0
2026-08-28T22:09:09+05:30,thermal_zone0,acpitz,48000,128000
2026-08-28T22:09:09+05:30,thermal_zone1,pch_cannonlake,54000,120000
2026-08-28T22:09:09+05:30,thermal_zone2,INT3400 Thermal,20000,0
2026-08-28T22:09:09+05:30,thermal_zone3,SEN1,1050,103050
2026-08-28T22:09:09+05:30,thermal_zone4,SEN2,42050,80050
2026-08-28T22:09:09+05:30,thermal_zone5,B0D4,48050,110050
2026-08-28T22:09:09+05:30,thermal_zone6,iwlwifi_1,57000,0
2026-08-28T22:09:09+05:30,thermal_zone7,x86_pkg_temp,63000,0
2026-08-28T22:09:10+05:30,thermal_zone0,acpitz,48000,128000
2026-08-28T22:09:10+05:30,thermal_zone1,pch_cannonlake,55000,120000
2026-08-28T22:09:10+05:30,thermal_zone2,INT3400 Thermal,20000,0
2026-08-28T22:09:10+05:30,thermal_zone3,SEN1,1050,103050
2026-08-28T22:09:10+05:30,thermal_zone4,SEN2,42050,80050
2026-08-28T22:09:10+05:30,thermal_zone5,B0D4,48050,110050
2026-08-28T22:09:10+05:30,thermal_zone6,iwlwifi_1,57000,0
2026-08-28T22:09:10+05:30,thermal_zone7,x86_pkg_temp,66000,0
2026-08-28T22:09:11+05:30,thermal_zone0,acpitz,48000,128000
2026-08-28T22:09:11+05:30,thermal_zone1,pch_cannonlake,55000,120000
2026-08-28T22:09:11+05:30,thermal_zone2,INT3400 Thermal,20000,0
2026-08-28T22:09:11+05:30,thermal_zone3,SEN1,1050,103050
2026-08-28T22:09:11+05:30,thermal_zone4,SEN2,42050,80050
2026-08-28T22:09:11+05:30,thermal_zone5,B0D4,48050,110050
2026-08-28T22:09:11+05:30,thermal_zone6,iwlwifi_1,59000,0
2026-08-28T22:09:11+05:30,thermal_zone7,x86_pkg_temp,66000,0
2026-08-28T22:09:13+05:30,thermal_zone0,acpitz,48000,128000
2026-08-28T22:09:13+05:30,thermal_zone1,pch_cannonlake,55000,120000
2026-08-28T22:09:13+05:30,thermal_zone2,INT3400 Thermal,20000,0
2026-08-28T22:09:13+05:30,thermal_zone3,SEN1,1050,103050
2026-08-28T22:09:13+05:30,thermal_zone4,SEN2,42050,80050
2026-08-28T22:09:13+05:30,thermal_zone5,B0D4,48050,110050
2026-08-28T22:09:13+05:30,thermal_zone6,iwlwifi_1,57000,0
2026-08-28T22:09:13+05:30,thermal_zone7,x86_pkg_temp,62000,0
2026-08-28T22:09:14+05:30,thermal_zone0,acpitz,48000,128000
2026-08-28T22:09:14+05:30,thermal_zone1,pch_cannonlake,55000,120000
2026-08-28T22:09:14+05:30,thermal_zone2,INT3400 Thermal,20000,0
2026-08-28T22:09:14+05:30,thermal_zone3,SEN1,1050,103050
2026-08-28T22:09:14+05:30,thermal_zone4,SEN2,42050,80050
2026-08-28T22:09:14+05:30,thermal_zone5,B0D4,48050,110050
2026-08-28T22:09:14+05:30,thermal_zone6,iwlwifi_1,56000,0
2026-08-28T22:09:14+05:30,thermal_zone7,x86_pkg_temp,62000,0
2026-08-28T22:09:15+05:30,thermal_zone0,acpitz,48000,128000
2026-08-28T22:09:15+05:30,thermal_zone1,pch_cannonlake,55000,120000
2026-08-28T22:09:15+05:30,thermal_zone2,INT3400 Thermal,20000,0
2026-08-28T22:09:15+05:30,thermal_zone3,SEN1,1050,103050
2026-08-28T22:09:15+05:30,thermal_zone4,SEN2,42050,80050
2026-08-28T22:09:15+05:30,thermal_zone5,B0D4,48050,110050
2026-08-28T22:09:15+05:30,thermal_zone6,iwlwifi_1,56000,0
2026-08-28T22:09:15+05:30,thermal_zone7,x86_pkg_temp,62000,0
2026-08-28T22:09:17+05:30,thermal_zone0,acpitz,48000,128000
2026-08-28T22:09:17+05:30,thermal_zone1,pch_cannonlake,56000,120000
2026-08-28T22:09:17+05:30,thermal_zone2,INT3400 Thermal,20000,0
2026-08-28T22:09:17+05:30,thermal_zone3,SEN1,1050,103050
2026-08-28T22:09:17+05:30,thermal_zone4,SEN2,42050,80050
2026-08-28T22:09:17+05:30,thermal_zone5,B0D4,48050,110050
2026-08-28T22:09:17+05:30,thermal_zone6,iwlwifi_1,56000,0
2026-08-28T22:09:17+05:30,thermal_zone7,x86_pkg_temp,65000,0
2026-08-28T22:09:18+05:30,thermal_zone0,acpitz,48000,128000
2026-08-28T22:09:18+05:30,thermal_zone1,pch_cannonlake,55000,120000
2026-08-28T22:09:18+05:30,thermal_zone2,INT3400 Thermal,20000,0
2026-08-28T22:09:18+05:30,thermal_zone3,SEN1,1050,103050
2026-08-28T22:09:18+05:30,thermal_zone4,SEN2,42050,80050
2026-08-28T22:09:18+05:30,thermal_zone5,B0D4,48050,110050
2026-08-28T22:09:18+05:30,thermal_zone6,iwlwifi_1,56000,0
2026-08-28T22:09:18+05:30,thermal_zone7,x86_pkg_temp,63000,0
2026-08-28T22:09:20+05:30,thermal_zone0,acpitz,48000,128000
2026-08-28T22:09:20+05:30,thermal_zone1,pch_cannonlake,55000,120000
2026-08-28T22:09:20+05:30,thermal_zone2,INT3400 Thermal,20000,0
2026-08-28T22:09:20+05:30,thermal_zone3,SEN1,1050,103050
2026-08-28T22:09:20+05:30,thermal_zone4,SEN2,42050,80050
2026-08-28T22:09:20+05:30,thermal_zone5,B0D4,48050,110050
2026-08-28T22:09:20+05:30,thermal_zone6,iwlwifi_1,56000,0
2026-08-28T22:09:20+05:30,thermal_zone7,x86_pkg_temp,65000,0
2026-08-28T22:09:21+05:30,thermal_zone0,acpitz,48000,128000
2026-08-28T22:09:21+05:30,thermal_zone1,pch_cannonlake,55000,120000
2026-08-28T22:09:21+05:30,thermal_zone2,INT3400 Thermal,20000,0
2026-08-28T22:09:21+05:30,thermal_zone3,SEN1,1050,103050
2026-08-28T22:09:21+05:30,thermal_zone4,SEN2,42050,80050
2026-08-28T22:09:21+05:30,thermal_zone5,B0D4,48050,110050
2026-08-28T22:09:21+05:30,thermal_zone6,iwlwifi_1,56000,0
2026-08-28T22:09:21+05:30,thermal_zone7,x86_pkg_temp,64000,0
2026-08-28T22:09:22+05:30,thermal_zone0,acpitz,48000,128000
2026-08-28T22:09:22+05:30,thermal_zone1,pch_cannonlake,55000,120000
2026-08-28T22:09:22+05:30,thermal_zone2,INT3400 Thermal,20000,0
2026-08-28T22:09:22+05:30,thermal_zone3,SEN1,1050,103050
2026-08-28T22:09:22+05:30,thermal_zone4,SEN2,42050,80050
2026-08-28T22:09:22+05:30,thermal_zone5,B0D4,48050,110050
2026-08-28T22:09:22+05:30,thermal_zone6,iwlwifi_1,55000,0
2026-08-28T22:09:22+05:30,thermal_zone7,x86_pkg_temp,65000,0
2026-08-28T22:09:23+05:30,thermal_zone0,acpitz,48000,128000
2026-08-28T22:09:23+05:30,thermal_zone1,pch_cannonlake,55000,120000
2026-08-28T22:09:23+05:30,thermal_zone2,INT3400 Thermal,20000,0
2026-08-28T22:09:23+05:30,thermal_zone3,SEN1,1050,103050
2026-08-28T22:09:23+05:30,thermal_zone4,SEN2,42050,80050
2026-08-28T22:09:23+05:30,thermal_zone5,B0D4,48050,110050
2026-08-28T22:09:23+05:30,thermal_zone6,iwlwifi_1,57000,0
2026-08-28T22:09:23+05:30,thermal_zone7,x86_pkg_temp,65000,0
2026-08-28T22:09:25+05:30,thermal_zone0,acpitz,48000,128000
2026-08-28T22:09:25+05:30,thermal_zone1,pch_cannonlake,55000,120000
2026-08-28T22:09:25+05:30,thermal_zone2,INT3400 Thermal,20000,0
2026-08-28T22:09:25+05:30,thermal_zone3,SEN1,1050,103050
2026-08-28T22:09:25+05:30,thermal_zone4,SEN2,42050,80050
2026-08-28T22:09:25+05:30,thermal_zone5,B0D4,48050,110050
2026-08-28T22:09:25+05:30,thermal_zone6,iwlwifi_1,56000,0
2026-08-28T22:09:25+05:30,thermal_zone7,x86_pkg_temp,65000,0
2026-08-28T22:09:26+05:30,thermal_zone0,acpitz,48000,128000
2026-08-28T22:09:26+05:30,thermal_zone1,pch_cannonlake,55000,120000
2026-08-28T22:09:26+05:30,thermal_zone2,INT3400 Thermal,20000,0
2026-08-28T22:09:26+05:30,thermal_zone3,SEN1,1050,103050
2026-08-28T22:09:26+05:30,thermal_zone4,SEN2,42050,80050
2026-08-28T22:09:26+05:30,thermal_zone5,B0D4,48050,110050
2026-08-28T22:09:26+05:30,thermal_zone6,iwlwifi_1,56000,0
2026-08-28T22:09:26+05:30,thermal_zone7,x86_pkg_temp,66000,0
2026-08-28T22:09:27+05:30,thermal_zone0,acpitz,48000,128000
2026-08-28T22:09:27+05:30,thermal_zone1,pch_cannonlake,55000,120000
2026-08-28T22:09:27+05:30,thermal_zone2,INT3400 Thermal,20000,0
2026-08-28T22:09:27+05:30,thermal_zone3,SEN1,1050,103050
2026-08-28T22:09:27+05:30,thermal_zone4,SEN2,42050,80050
2026-08-28T22:09:27+05:30,thermal_zone5,B0D4,48050,110050
2026-08-28T22:09:27+05:30,thermal_zone6,iwlwifi_1,56000,0
2026-08-28T22:09:27+05:30,thermal_zone7,x86_pkg_temp,66000,0
2026-08-28T22:09:29+05:30,thermal_zone0,acpitz,48000,128000
2026-08-28T22:09:29+05:30,thermal_zone1,pch_cannonlake,55000,120000
2026-08-28T22:09:29+05:30,thermal_zone2,INT3400 Thermal,20000,0
2026-08-28T22:09:29+05:30,thermal_zone3,SEN1,1050,103050
2026-08-28T22:09:29+05:30,thermal_zone4,SEN2,42050,80050
2026-08-28T22:09:29+05:30,thermal_zone5,B0D4,48050,110050
2026-08-28T22:09:29+05:30,thermal_zone6,iwlwifi_1,56000,0
2026-08-28T22:09:29+05:30,thermal_zone7,x86_pkg_temp,66000,0
2026-08-28T22:09:30+05:30,thermal_zone0,acpitz,48000,128000
2026-08-28T22:09:30+05:30,thermal_zone1,pch_cannonlake,55000,120000
2026-08-28T22:09:30+05:30,thermal_zone2,INT3400 Thermal,20000,0
2026-08-28T22:09:30+05:30,thermal_zone3,SEN1,1050,103050
2026-08-28T22:09:30+05:30,thermal_zone4,SEN2,42050,80050
2026-08-28T22:09:30+05:30,thermal_zone5,B0D4,48050,110050
2026-08-28T22:09:30+05:30,thermal_zone6,iwlwifi_1,56000,0
2026-08-28T22:09:30+05:30,thermal_zone7,x86_pkg_temp,66000,0
2026-08-28T22:09:31+05:30,thermal_zone0,acpitz,48000,128000
2026-08-28T22:09:31+05:30,thermal_zone1,pch_cannonlake,55000,120000
2026-08-28T22:09:31+05:30,thermal_zone2,INT3400 Thermal,20000,0
2026-08-28T22:09:31+05:30,thermal_zone3,SEN1,1050,103050
2026-08-28T22:09:31+05:30,thermal_zone4,SEN2,42050,80050
2026-08-28T22:09:31+05:30,thermal_zone5,B0D4,48050,110050
2026-08-28T22:09:31+05:30,thermal_zone6,iwlwifi_1,56000,0
2026-08-28T22:09:31+05:30,thermal_zone7,x86_pkg_temp,66000,0
2026-08-28T22:09:32+05:30,thermal_zone0,acpitz,48000,128000
2026-08-28T22:09:32+05:30,thermal_zone1,pch_cannonlake,55000,120000
2026-08-28T22:09:32+05:30,thermal_zone2,INT3400 Thermal,20000,0
2026-08-28T22:09:32+05:30,thermal_zone3,SEN1,1050,103050
2026-08-28T22:09:32+05:30,thermal_zone4,SEN2,42050,80050
2026-08-28T22:09:32+05:30,thermal_zone5,B0D4,48050,110050
2026-08-28T22:09:32+05:30,thermal_zone6,iwlwifi_1,56000,0
2026-08-28T22:09:32+05:30,thermal_zone7,x86_pkg_temp,67000,0
2026-08-28T22:09:34+05:30,thermal_zone0,acpitz,48000,128000
2026-08-28T22:09:34+05:30,thermal_zone1,pch_cannonlake,55000,120000
2026-08-28T22:09:34+05:30,thermal_zone2,INT3400 Thermal,20000,0
2026-08-28T22:09:34+05:30,thermal_zone3,SEN1,1050,103050
2026-08-28T22:09:34+05:30,thermal_zone4,SEN2,42050,80050
2026-08-28T22:09:34+05:30,thermal_zone5,B0D4,48050,110050
2026-08-28T22:09:34+05:30,thermal_zone6,iwlwifi_1,56000,0
2026-08-28T22:09:34+05:30,thermal_zone7,x86_pkg_temp,66000,0
2026-08-28T22:09:35+05:30,thermal_zone0,acpitz,48000,128000
2026-08-28T22:09:35+05:30,thermal_zone1,pch_cannonlake,55000,120000
2026-08-28T22:09:35+05:30,thermal_zone2,INT3400 Thermal,20000,0
2026-08-28T22:09:35+05:30,thermal_zone3,SEN1,1050,103050
2026-08-28T22:09:35+05:30,thermal_zone4,SEN2,42050,80050
2026-08-28T22:09:35+05:30,thermal_zone5,B0D4,48050,110050
2026-08-28T22:09:35+05:30,thermal_zone6,iwlwifi_1,55000,0
2026-08-28T22:09:35+05:30,thermal_zone7,x86_pkg_temp,66000,0
2026-08-28T22:09:36+05:30,thermal_zone0,acpitz,48000,128000
2026-08-28T22:09:36+05:30,thermal_zone1,pch_cannonlake,55000,120000
2026-08-28T22:09:36+05:30,thermal_zone2,INT3400 Thermal,20000,0
2026-08-28T22:09:36+05:30,thermal_zone3,SEN1,1050,103050
2026-08-28T22:09:36+05:30,thermal_zone4,SEN2,42050,80050
2026-08-28T22:09:36+05:30,thermal_zone5,B0D4,48050,110050
2026-08-28T22:09:36+05:30,thermal_zone6,iwlwifi_1,55000,0
2026-08-28T22:09:36+05:30,thermal_zone7,x86_pkg_temp,66000,0
2026-08-28T22:09:37+05:30,thermal_zone0,acpitz,48000,128000
2026-08-28T22:09:37+05:30,thermal_zone1,pch_cannonlake,54000,120000
2026-08-28T22:09:37+05:30,thermal_zone2,INT3400 Thermal,20000,0
2026-08-28T22:09:37+05:30,thermal_zone3,SEN1,1050,103050
2026-08-28T22:09:37+05:30,thermal_zone4,SEN2,42050,80050
2026-08-28T22:09:37+05:30,thermal_zone5,B0D4,48050,110050
2026-08-28T22:09:37+05:30,thermal_zone6,iwlwifi_1,55000,0
2026-08-28T22:09:37+05:30,thermal_zone7,x86_pkg_temp,66000,0
2026-08-28T22:09:38+05:30,thermal_zone0,acpitz,48000,128000
2026-08-28T22:09:38+05:30,thermal_zone1,pch_cannonlake,55000,120000
2026-08-28T22:09:38+05:30,thermal_zone2,INT3400 Thermal,20000,0
2026-08-28T22:09:38+05:30,thermal_zone3,SEN1,1050,103050
2026-08-28T22:09:38+05:30,thermal_zone4,SEN2,42050,80050
2026-08-28T22:09:38+05:30,thermal_zone5,B0D4,48050,110050
2026-08-28T22:09:38+05:30,thermal_zone6,iwlwifi_1,55000,0
2026-08-28T22:09:38+05:30,thermal_zone7,x86_pkg_temp,67000,0
2026-08-28T22:09:40+05:30,thermal_zone0,acpitz,48000,128000
2026-08-28T22:09:40+05:30,thermal_zone1,pch_cannonlake,55000,120000
2026-08-28T22:09:40+05:30,thermal_zone2,INT3400 Thermal,20000,0
2026-08-28T22:09:40+05:30,thermal_zone3,SEN1,1050,103050
2026-08-28T22:09:40+05:30,thermal_zone4,SEN2,42050,80050
2026-08-28T22:09:40+05:30,thermal_zone5,B0D4,48050,110050
2026-08-28T22:09:40+05:30,thermal_zone6,iwlwifi_1,55000,0
2026-08-28T22:09:40+05:30,thermal_zone7,x86_pkg_temp,67000,0
2026-08-28T22:09:41+05:30,thermal_zone0,acpitz,48000,128000
2026-08-28T22:09:41+05:30,thermal_zone1,pch_cannonlake,55000,120000
2026-08-28T22:09:41+05:30,thermal_zone2,INT3400 Thermal,20000,0
2026-08-28T22:09:41+05:30,thermal_zone3,SEN1,1050,103050
2026-08-28T22:09:41+05:30,thermal_zone4,SEN2,42050,80050
2026-08-28T22:09:41+05:30,thermal_zone5,B0D4,48050,110050
2026-08-28T22:09:41+05:30,thermal_zone6,iwlwifi_1,55000,0
2026-08-28T22:09:41+05:30,thermal_zone7,x86_pkg_temp,65000,0
2026-08-28T22:09:42+05:30,thermal_zone0,acpitz,48000,128000
2026-08-28T22:09:42+05:30,thermal_zone1,pch_cannonlake,55000,120000
2026-08-28T22:09:42+05:30,thermal_zone2,INT3400 Thermal,20000,0
2026-08-28T22:09:42+05:30,thermal_zone3,SEN1,1050,103050
2026-08-28T22:09:42+05:30,thermal_zone4,SEN2,42050,80050
2026-08-28T22:09:42+05:30,thermal_zone5,B0D4,48050,110050
2026-08-28T22:09:42+05:30,thermal_zone6,iwlwifi_1,57000,0
2026-08-28T22:09:42+05:30,thermal_zone7,x86_pkg_temp,66000,0
2026-08-28T22:09:43+05:30,thermal_zone0,acpitz,48000,128000
2026-08-28T22:09:43+05:30,thermal_zone1,pch_cannonlake,54000,120000
2026-08-28T22:09:43+05:30,thermal_zone2,INT3400 Thermal,20000,0
2026-08-28T22:09:43+05:30,thermal_zone3,SEN1,1050,103050
2026-08-28T22:09:43+05:30,thermal_zone4,SEN2,42050,80050
2026-08-28T22:09:43+05:30,thermal_zone5,B0D4,48050,110050
2026-08-28T22:09:43+05:30,thermal_zone6,iwlwifi_1,57000,0
2026-08-28T22:09:43+05:30,thermal_zone7,x86_pkg_temp,66000,0
2026-08-28T22:09:45+05:30,thermal_zone0,acpitz,48000,128000
2026-08-28T22:09:45+05:30,thermal_zone1,pch_cannonlake,55000,120000
2026-08-28T22:09:45+05:30,thermal_zone2,INT3400 Thermal,20000,0
2026-08-28T22:09:45+05:30,thermal_zone3,SEN1,1050,103050
2026-08-28T22:09:45+05:30,thermal_zone4,SEN2,42050,80050
2026-08-28T22:09:45+05:30,thermal_zone5,B0D4,48050,110050
2026-08-28T22:09:45+05:30,thermal_zone6,iwlwifi_1,58000,0
2026-08-28T22:09:45+05:30,thermal_zone7,x86_pkg_temp,66000,0
2026-08-28T22:09:46+05:30,thermal_zone0,acpitz,48000,128000
2026-08-28T22:09:46+05:30,thermal_zone1,pch_cannonlake,54000,120000
2026-08-28T22:09:46+05:30,thermal_zone2,INT3400 Thermal,20000,0
2026-08-28T22:09:46+05:30,thermal_zone3,SEN1,1050,103050
2026-08-28T22:09:46+05:30,thermal_zone4,SEN2,42050,80050
2026-08-28T22:09:46+05:30,thermal_zone5,B0D4,48050,110050
2026-08-28T22:09:46+05:30,thermal_zone6,iwlwifi_1,59000,0
2026-08-28T22:09:46+05:30,thermal_zone7,x86_pkg_temp,66000,0
2026-08-28T22:09:47+05:30,thermal_zone0,acpitz,48000,128000
2026-08-28T22:09:47+05:30,thermal_zone1,pch_cannonlake,55000,120000
2026-08-28T22:09:47+05:30,thermal_zone2,INT3400 Thermal,20000,0
2026-08-28T22:09:47+05:30,thermal_zone3,SEN1,1050,103050
2026-08-28T22:09:47+05:30,thermal_zone4,SEN2,41050,80050
2026-08-28T22:09:47+05:30,thermal_zone5,B0D4,48050,110050
2026-08-28T22:09:47+05:30,thermal_zone6,iwlwifi_1,57000,0
2026-08-28T22:09:47+05:30,thermal_zone7,x86_pkg_temp,66000,0
2026-08-28T22:09:48+05:30,thermal_zone0,acpitz,48000,128000
2026-08-28T22:09:48+05:30,thermal_zone1,pch_cannonlake,55000,120000
2026-08-28T22:09:48+05:30,thermal_zone2,INT3400 Thermal,20000,0
2026-08-28T22:09:48+05:30,thermal_zone3,SEN1,1050,103050
2026-08-28T22:09:48+05:30,thermal_zone4,SEN2,41050,80050
2026-08-28T22:09:48+05:30,thermal_zone5,B0D4,48050,110050
2026-08-28T22:09:48+05:30,thermal_zone6,iwlwifi_1,56000,0
2026-08-28T22:09:48+05:30,thermal_zone7,x86_pkg_temp,65000,0
2026-08-28T22:09:50+05:30,thermal_zone0,acpitz,48000,128000
2026-08-28T22:09:50+05:30,thermal_zone1,pch_cannonlake,55000,120000
2026-08-28T22:09:50+05:30,thermal_zone2,INT3400 Thermal,20000,0
2026-08-28T22:09:50+05:30,thermal_zone3,SEN1,1050,103050
2026-08-28T22:09:50+05:30,thermal_zone4,SEN2,41050,80050
2026-08-28T22:09:50+05:30,thermal_zone5,B0D4,48050,110050
2026-08-28T22:09:50+05:30,thermal_zone6,iwlwifi_1,57000,0
2026-08-28T22:09:50+05:30,thermal_zone7,x86_pkg_temp,66000,0
2026-08-28T22:09:51+05:30,thermal_zone0,acpitz,48000,128000
2026-08-28T22:09:51+05:30,thermal_zone1,pch_cannonlake,54000,120000
2026-08-28T22:09:51+05:30,thermal_zone2,INT3400 Thermal,20000,0
2026-08-28T22:09:51+05:30,thermal_zone3,SEN1,1050,103050
2026-08-28T22:09:51+05:30,thermal_zone4,SEN2,41050,80050
2026-08-28T22:09:51+05:30,thermal_zone5,B0D4,48050,110050
2026-08-28T22:09:51+05:30,thermal_zone6,iwlwifi_1,57000,0
2026-08-28T22:09:51+05:30,thermal_zone7,x86_pkg_temp,66000,0
2026-08-28T22:09:52+05:30,thermal_zone0,acpitz,48000,128000
2026-08-28T22:09:52+05:30,thermal_zone1,pch_cannonlake,55000,120000
2026-08-28T22:09:52+05:30,thermal_zone2,INT3400 Thermal,20000,0
2026-08-28T22:09:52+05:30,thermal_zone3,SEN1,1050,103050
2026-08-28T22:09:52+05:30,thermal_zone4,SEN2,41050,80050
2026-08-28T22:09:52+05:30,thermal_zone5,B0D4,48050,110050
2026-08-28T22:09:52+05:30,thermal_zone6,iwlwifi_1,56000,0
2026-08-28T22:09:52+05:30,thermal_zone7,x86_pkg_temp,67000,0
2026-08-28T22:09:53+05:30,thermal_zone0,acpitz,48000,128000
2026-08-28T22:09:53+05:30,thermal_zone1,pch_cannonlake,55000,120000
2026-08-28T22:09:53+05:30,thermal_zone2,INT3400 Thermal,20000,0
2026-08-28T22:09:53+05:30,thermal_zone3,SEN1,1050,103050
2026-08-28T22:09:53+05:30,thermal_zone4,SEN2,41050,80050
2026-08-28T22:09:53+05:30,thermal_zone5,B0D4,48050,110050
2026-08-28T22:09:53+05:30,thermal_zone6,iwlwifi_1,56000,0
2026-08-28T22:09:53+05:30,thermal_zone7,x86_pkg_temp,66000,0
2026-08-28T22:09:55+05:30,thermal_zone0,acpitz,48000,128000
2026-08-28T22:09:55+05:30,thermal_zone1,pch_cannonlake,55000,120000
2026-08-28T22:09:55+05:30,thermal_zone2,INT3400 Thermal,20000,0
2026-08-28T22:09:55+05:30,thermal_zone3,SEN1,1050,103050
2026-08-28T22:09:55+05:30,thermal_zone4,SEN2,41050,80050
2026-08-28T22:09:55+05:30,thermal_zone5,B0D4,48050,110050
2026-08-28T22:09:55+05:30,thermal_zone6,iwlwifi_1,56000,0
2026-08-28T22:09:55+05:30,thermal_zone7,x86_pkg_temp,67000,0
2026-08-28T22:09:56+05:30,thermal_zone0,acpitz,48000,128000
2026-08-28T22:09:56+05:30,thermal_zone1,pch_cannonlake,54000,120000
2026-08-28T22:09:56+05:30,thermal_zone2,INT3400 Thermal,20000,0
2026-08-28T22:09:56+05:30,thermal_zone3,SEN1,1050,103050
2026-08-28T22:09:56+05:30,thermal_zone4,SEN2,41050,80050
2026-08-28T22:09:56+05:30,thermal_zone5,B0D4,48050,110050
2026-08-28T22:09:56+05:30,thermal_zone6,iwlwifi_1,56000,0
2026-08-28T22:09:56+05:30,thermal_zone7,x86_pkg_temp,64000,0
2026-08-28T22:09:57+05:30,thermal_zone0,acpitz,48000,128000
2026-08-28T22:09:57+05:30,thermal_zone1,pch_cannonlake,55000,120000
2026-08-28T22:09:57+05:30,thermal_zone2,INT3400 Thermal,20000,0
2026-08-28T22:09:57+05:30,thermal_zone3,SEN1,1050,103050
2026-08-28T22:09:57+05:30,thermal_zone4,SEN2,41050,80050
2026-08-28T22:09:57+05:30,thermal_zone5,B0D4,48050,110050
2026-08-28T22:09:57+05:30,thermal_zone6,iwlwifi_1,55000,0
2026-08-28T22:09:57+05:30,thermal_zone7,x86_pkg_temp,65000,0
2026-08-28T22:09:58+05:30,thermal_zone0,acpitz,48000,128000
2026-08-28T22:09:58+05:30,thermal_zone1,pch_cannonlake,55000,120000
2026-08-28T22:09:58+05:30,thermal_zone2,INT3400 Thermal,20000,0
2026-08-28T22:09:58+05:30,thermal_zone3,SEN1,1050,103050
2026-08-28T22:09:58+05:30,thermal_zone4,SEN2,41050,80050
2026-08-28T22:09:58+05:30,thermal_zone5,B0D4,48050,110050
2026-08-28T22:09:58+05:30,thermal_zone6,iwlwifi_1,56000,0
2026-08-28T22:09:58+05:30,thermal_zone7,x86_pkg_temp,66000,0
2026-08-28T22:10:00+05:30,thermal_zone0,acpitz,48000,128000
2026-08-28T22:10:00+05:30,thermal_zone1,pch_cannonlake,55000,120000
2026-08-28T22:10:00+05:30,thermal_zone2,INT3400 Thermal,20000,0
2026-08-28T22:10:00+05:30,thermal_zone3,SEN1,1050,103050
2026-08-28T22:10:00+05:30,thermal_zone4,SEN2,41050,80050
2026-08-28T22:10:00+05:30,thermal_zone5,B0D4,48050,110050
2026-08-28T22:10:00+05:30,thermal_zone6,iwlwifi_1,55000,0
2026-08-28T22:10:00+05:30,thermal_zone7,x86_pkg_temp,67000,0
2026-08-28T22:10:01+05:30,thermal_zone0,acpitz,48000,128000
2026-08-28T22:10:01+05:30,thermal_zone1,pch_cannonlake,56000,120000
2026-08-28T22:10:01+05:30,thermal_zone2,INT3400 Thermal,20000,0
2026-08-28T22:10:01+05:30,thermal_zone3,SEN1,1050,103050
2026-08-28T22:10:01+05:30,thermal_zone4,SEN2,41050,80050
2026-08-28T22:10:01+05:30,thermal_zone5,B0D4,48050,110050
2026-08-28T22:10:01+05:30,thermal_zone6,iwlwifi_1,55000,0
2026-08-28T22:10:01+05:30,thermal_zone7,x86_pkg_temp,66000,0
2026-08-28T22:10:02+05:30,thermal_zone0,acpitz,48000,128000
2026-08-28T22:10:02+05:30,thermal_zone1,pch_cannonlake,55000,120000
2026-08-28T22:10:02+05:30,thermal_zone2,INT3400 Thermal,20000,0
2026-08-28T22:10:02+05:30,thermal_zone3,SEN1,1050,103050
2026-08-28T22:10:02+05:30,thermal_zone4,SEN2,41050,80050
2026-08-28T22:10:02+05:30,thermal_zone5,B0D4,48050,110050
2026-08-28T22:10:02+05:30,thermal_zone6,iwlwifi_1,56000,0
2026-08-28T22:10:02+05:30,thermal_zone7,x86_pkg_temp,68000,0
2026-08-28T22:10:03+05:30,thermal_zone0,acpitz,48000,128000
2026-08-28T22:10:03+05:30,thermal_zone1,pch_cannonlake,56000,120000
2026-08-28T22:10:03+05:30,thermal_zone2,INT3400 Thermal,20000,0
2026-08-28T22:10:03+05:30,thermal_zone3,SEN1,1050,103050
2026-08-28T22:10:03+05:30,thermal_zone4,SEN2,42050,80050
2026-08-28T22:10:03+05:30,thermal_zone5,B0D4,48050,110050
2026-08-28T22:10:03+05:30,thermal_zone6,iwlwifi_1,55000,0
2026-08-28T22:10:03+05:30,thermal_zone7,x86_pkg_temp,67000,0
2026-08-28T22:10:05+05:30,thermal_zone0,acpitz,48000,128000
2026-08-28T22:10:05+05:30,thermal_zone1,pch_cannonlake,55000,120000
2026-08-28T22:10:05+05:30,thermal_zone2,INT3400 Thermal,20000,0
2026-08-28T22:10:05+05:30,thermal_zone3,SEN1,1050,103050
2026-08-28T22:10:05+05:30,thermal_zone4,SEN2,42050,80050
2026-08-28T22:10:05+05:30,thermal_zone5,B0D4,48050,110050
2026-08-28T22:10:05+05:30,thermal_zone6,iwlwifi_1,56000,0
2026-08-28T22:10:05+05:30,thermal_zone7,x86_pkg_temp,66000,0
2026-08-28T22:10:06+05:30,thermal_zone0,acpitz,48000,128000
2026-08-28T22:10:06+05:30,thermal_zone1,pch_cannonlake,56000,120000
2026-08-28T22:10:06+05:30,thermal_zone2,INT3400 Thermal,20000,0
2026-08-28T22:10:06+05:30,thermal_zone3,SEN1,1050,103050
2026-08-28T22:10:06+05:30,thermal_zone4,SEN2,42050,80050
2026-08-28T22:10:06+05:30,thermal_zone5,B0D4,48050,110050
2026-08-28T22:10:06+05:30,thermal_zone6,iwlwifi_1,56000,0
2026-08-28T22:10:06+05:30,thermal_zone7,x86_pkg_temp,66000,0
2026-08-28T22:10:07+05:30,thermal_zone0,acpitz,48000,128000
2026-08-28T22:10:07+05:30,thermal_zone1,pch_cannonlake,56000,120000
2026-08-28T22:10:07+05:30,thermal_zone2,INT3400 Thermal,20000,0
2026-08-28T22:10:07+05:30,thermal_zone3,SEN1,1050,103050
2026-08-28T22:10:07+05:30,thermal_zone4,SEN2,42050,80050
2026-08-28T22:10:07+05:30,thermal_zone5,B0D4,48050,110050
2026-08-28T22:10:07+05:30,thermal_zone6,iwlwifi_1,56000,0
2026-08-28T22:10:07+05:30,thermal_zone7,x86_pkg_temp,66000,0
2026-08-28T22:10:08+05:30,thermal_zone0,acpitz,48000,128000
2026-08-28T22:10:08+05:30,thermal_zone1,pch_cannonlake,56000,120000
2026-08-28T22:10:08+05:30,thermal_zone2,INT3400 Thermal,20000,0
2026-08-28T22:10:08+05:30,thermal_zone3,SEN1,1050,103050
2026-08-28T22:10:08+05:30,thermal_zone4,SEN2,42050,80050
2026-08-28T22:10:08+05:30,thermal_zone5,B0D4,48050,110050
2026-08-28T22:10:08+05:30,thermal_zone6,iwlwifi_1,56000,0
2026-08-28T22:10:08+05:30,thermal_zone7,x86_pkg_temp,67000,0
2026-08-28T22:10:10+05:30,thermal_zone0,acpitz,48000,128000
2026-08-28T22:10:10+05:30,thermal_zone1,pch_cannonlake,55000,120000
2026-08-28T22:10:10+05:30,thermal_zone2,INT3400 Thermal,20000,0
2026-08-28T22:10:10+05:30,thermal_zone3,SEN1,1050,103050
2026-08-28T22:10:10+05:30,thermal_zone4,SEN2,42050,80050
2026-08-28T22:10:10+05:30,thermal_zone5,B0D4,48050,110050
2026-08-28T22:10:10+05:30,thermal_zone6,iwlwifi_1,56000,0
2026-08-28T22:10:10+05:30,thermal_zone7,x86_pkg_temp,66000,0
2026-08-28T22:10:11+05:30,thermal_zone0,acpitz,48000,128000
2026-08-28T22:10:11+05:30,thermal_zone1,pch_cannonlake,55000,120000
2026-08-28T22:10:11+05:30,thermal_zone2,INT3400 Thermal,20000,0
2026-08-28T22:10:11+05:30,thermal_zone3,SEN1,1050,103050
2026-08-28T22:10:11+05:30,thermal_zone4,SEN2,42050,80050
2026-08-28T22:10:11+05:30,thermal_zone5,B0D4,48050,110050
2026-08-28T22:10:11+05:30,thermal_zone6,iwlwifi_1,57000,0
2026-08-28T22:10:11+05:30,thermal_zone7,x86_pkg_temp,66000,0
2026-08-28T22:10:12+05:30,thermal_zone0,acpitz,48000,128000
2026-08-28T22:10:12+05:30,thermal_zone1,pch_cannonlake,55000,120000
2026-08-28T22:10:12+05:30,thermal_zone2,INT3400 Thermal,20000,0
2026-08-28T22:10:12+05:30,thermal_zone3,SEN1,1050,103050
2026-08-28T22:10:12+05:30,thermal_zone4,SEN2,42050,80050
2026-08-28T22:10:12+05:30,thermal_zone5,B0D4,48050,110050
2026-08-28T22:10:12+05:30,thermal_zone6,iwlwifi_1,55000,0
2026-08-28T22:10:12+05:30,thermal_zone7,x86_pkg_temp,66000,0
2026-08-28T22:10:13+05:30,thermal_zone0,acpitz,48000,128000
2026-08-28T22:10:13+05:30,thermal_zone1,pch_cannonlake,55000,120000
2026-08-28T22:10:13+05:30,thermal_zone2,INT3400 Thermal,20000,0
2026-08-28T22:10:13+05:30,thermal_zone3,SEN1,1050,103050
2026-08-28T22:10:13+05:30,thermal_zone4,SEN2,42050,80050
2026-08-28T22:10:13+05:30,thermal_zone5,B0D4,48050,110050
2026-08-28T22:10:13+05:30,thermal_zone6,iwlwifi_1,56000,0
2026-08-28T22:10:13+05:30,thermal_zone7,x86_pkg_temp,65000,0
2026-08-28T22:10:15+05:30,thermal_zone0,acpitz,48000,128000
2026-08-28T22:10:15+05:30,thermal_zone1,pch_cannonlake,55000,120000
2026-08-28T22:10:15+05:30,thermal_zone2,INT3400 Thermal,20000,0
2026-08-28T22:10:15+05:30,thermal_zone3,SEN1,1050,103050
2026-08-28T22:10:15+05:30,thermal_zone4,SEN2,42050,80050
2026-08-28T22:10:15+05:30,thermal_zone5,B0D4,48050,110050
2026-08-28T22:10:15+05:30,thermal_zone6,iwlwifi_1,55000,0
2026-08-28T22:10:15+05:30,thermal_zone7,x86_pkg_temp,66000,0
2026-08-28T22:10:16+05:30,thermal_zone0,acpitz,48000,128000
2026-08-28T22:10:16+05:30,thermal_zone1,pch_cannonlake,55000,120000
2026-08-28T22:10:16+05:30,thermal_zone2,INT3400 Thermal,20000,0
2026-08-28T22:10:16+05:30,thermal_zone3,SEN1,1050,103050
2026-08-28T22:10:16+05:30,thermal_zone4,SEN2,42050,80050
2026-08-28T22:10:16+05:30,thermal_zone5,B0D4,48050,110050
2026-08-28T22:10:16+05:30,thermal_zone6,iwlwifi_1,56000,0
2026-08-28T22:10:16+05:30,thermal_zone7,x86_pkg_temp,68000,0
2026-08-28T22:10:17+05:30,thermal_zone0,acpitz,48000,128000
2026-08-28T22:10:17+05:30,thermal_zone1,pch_cannonlake,55000,120000
2026-08-28T22:10:17+05:30,thermal_zone2,INT3400 Thermal,20000,0
2026-08-28T22:10:17+05:30,thermal_zone3,SEN1,1050,103050
2026-08-28T22:10:17+05:30,thermal_zone4,SEN2,42050,80050
2026-08-28T22:10:17+05:30,thermal_zone5,B0D4,48050,110050
2026-08-28T22:10:17+05:30,thermal_zone6,iwlwifi_1,57000,0
2026-08-28T22:10:17+05:30,thermal_zone7,x86_pkg_temp,66000,0
2026-08-28T22:10:18+05:30,thermal_zone0,acpitz,48000,128000
2026-08-28T22:10:18+05:30,thermal_zone1,pch_cannonlake,56000,120000
2026-08-28T22:10:18+05:30,thermal_zone2,INT3400 Thermal,20000,0
2026-08-28T22:10:18+05:30,thermal_zone3,SEN1,1050,103050
2026-08-28T22:10:18+05:30,thermal_zone4,SEN2,42050,80050
2026-08-28T22:10:18+05:30,thermal_zone5,B0D4,48050,110050
2026-08-28T22:10:18+05:30,thermal_zone6,iwlwifi_1,58000,0
2026-08-28T22:10:18+05:30,thermal_zone7,x86_pkg_temp,65000,0
2026-08-28T22:10:20+05:30,thermal_zone0,acpitz,48000,128000
2026-08-28T22:10:20+05:30,thermal_zone1,pch_cannonlake,55000,120000
2026-08-28T22:10:20+05:30,thermal_zone2,INT3400 Thermal,20000,0
2026-08-28T22:10:20+05:30,thermal_zone3,SEN1,1050,103050
2026-08-28T22:10:20+05:30,thermal_zone4,SEN2,42050,80050
2026-08-28T22:10:20+05:30,thermal_zone5,B0D4,48050,110050
2026-08-28T22:10:20+05:30,thermal_zone6,iwlwifi_1,59000,0
2026-08-28T22:10:20+05:30,thermal_zone7,x86_pkg_temp,64000,0
2026-08-28T22:10:21+05:30,thermal_zone0,acpitz,48000,128000
2026-08-28T22:10:21+05:30,thermal_zone1,pch_cannonlake,55000,120000
2026-08-28T22:10:21+05:30,thermal_zone2,INT3400 Thermal,20000,0
2026-08-28T22:10:21+05:30,thermal_zone3,SEN1,1050,103050
2026-08-28T22:10:21+05:30,thermal_zone4,SEN2,42050,80050
2026-08-28T22:10:21+05:30,thermal_zone5,B0D4,48050,110050
2026-08-28T22:10:21+05:30,thermal_zone6,iwlwifi_1,56000,0
2026-08-28T22:10:21+05:30,thermal_zone7,x86_pkg_temp,64000,0
2026-08-28T22:10:23+05:30,thermal_zone0,acpitz,48000,128000
2026-08-28T22:10:23+05:30,thermal_zone1,pch_cannonlake,55000,120000
2026-08-28T22:10:23+05:30,thermal_zone2,INT3400 Thermal,20000,0
2026-08-28T22:10:23+05:30,thermal_zone3,SEN1,1050,103050
2026-08-28T22:10:23+05:30,thermal_zone4,SEN2,42050,80050
2026-08-28T22:10:23+05:30,thermal_zone5,B0D4,48050,110050
2026-08-28T22:10:23+05:30,thermal_zone6,iwlwifi_1,56000,0
2026-08-28T22:10:23+05:30,thermal_zone7,x86_pkg_temp,67000,0
2026-08-28T22:10:24+05:30,thermal_zone0,acpitz,48000,128000
2026-08-28T22:10:24+05:30,thermal_zone1,pch_cannonlake,55000,120000
2026-08-28T22:10:24+05:30,thermal_zone2,INT3400 Thermal,20000,0
2026-08-28T22:10:24+05:30,thermal_zone3,SEN1,1050,103050
2026-08-28T22:10:24+05:30,thermal_zone4,SEN2,42050,80050
2026-08-28T22:10:24+05:30,thermal_zone5,B0D4,48050,110050
2026-08-28T22:10:24+05:30,thermal_zone6,iwlwifi_1,56000,0
2026-08-28T22:10:24+05:30,thermal_zone7,x86_pkg_temp,64000,0
2026-08-28T22:10:25+05:30,thermal_zone0,acpitz,48000,128000
2026-08-28T22:10:25+05:30,thermal_zone1,pch_cannonlake,55000,120000
2026-08-28T22:10:25+05:30,thermal_zone2,INT3400 Thermal,20000,0
2026-08-28T22:10:25+05:30,thermal_zone3,SEN1,1050,103050
2026-08-28T22:10:25+05:30,thermal_zone4,SEN2,42050,80050
2026-08-28T22:10:25+05:30,thermal_zone5,B0D4,48050,110050
2026-08-28T22:10:25+05:30,thermal_zone6,iwlwifi_1,56000,0
2026-08-28T22:10:25+05:30,thermal_zone7,x86_pkg_temp,65000,0
2026-08-28T22:10:26+05:30,thermal_zone0,acpitz,48000,128000
2026-08-28T22:10:26+05:30,thermal_zone1,pch_cannonlake,54000,120000
2026-08-28T22:10:26+05:30,thermal_zone2,INT3400 Thermal,20000,0
2026-08-28T22:10:26+05:30,thermal_zone3,SEN1,1050,103050
2026-08-28T22:10:26+05:30,thermal_zone4,SEN2,42050,80050
2026-08-28T22:10:26+05:30,thermal_zone5,B0D4,48050,110050
2026-08-28T22:10:26+05:30,thermal_zone6,iwlwifi_1,57000,0
2026-08-28T22:10:26+05:30,thermal_zone7,x86_pkg_temp,66000,0
2026-08-28T22:10:28+05:30,thermal_zone0,acpitz,48000,128000
2026-08-28T22:10:28+05:30,thermal_zone1,pch_cannonlake,54000,120000
2026-08-28T22:10:28+05:30,thermal_zone2,INT3400 Thermal,20000,0
2026-08-28T22:10:28+05:30,thermal_zone3,SEN1,1050,103050
2026-08-28T22:10:28+05:30,thermal_zone4,SEN2,42050,80050
2026-08-28T22:10:28+05:30,thermal_zone5,B0D4,48050,110050
2026-08-28T22:10:28+05:30,thermal_zone6,iwlwifi_1,56000,0
2026-08-28T22:10:28+05:30,thermal_zone7,x86_pkg_temp,66000,0
2026-08-28T22:10:29+05:30,thermal_zone0,acpitz,48000,128000
2026-08-28T22:10:29+05:30,thermal_zone1,pch_cannonlake,53000,120000
2026-08-28T22:10:29+05:30,thermal_zone2,INT3400 Thermal,20000,0
2026-08-28T22:10:29+05:30,thermal_zone3,SEN1,1050,103050
2026-08-28T22:10:29+05:30,thermal_zone4,SEN2,42050,80050
2026-08-28T22:10:29+05:30,thermal_zone5,B0D4,48050,110050
2026-08-28T22:10:29+05:30,thermal_zone6,iwlwifi_1,56000,0
2026-08-28T22:10:29+05:30,thermal_zone7,x86_pkg_temp,66000,0
2026-08-28T22:10:30+05:30,thermal_zone0,acpitz,48000,128000
2026-08-28T22:10:30+05:30,thermal_zone1,pch_cannonlake,54000,120000
2026-08-28T22:10:30+05:30,thermal_zone2,INT3400 Thermal,20000,0
2026-08-28T22:10:30+05:30,thermal_zone3,SEN1,1050,103050
2026-08-28T22:10:30+05:30,thermal_zone4,SEN2,42050,80050
2026-08-28T22:10:30+05:30,thermal_zone5,B0D4,48050,110050
2026-08-28T22:10:30+05:30,thermal_zone6,iwlwifi_1,57000,0
2026-08-28T22:10:30+05:30,thermal_zone7,x86_pkg_temp,67000,0
2026-08-28T22:10:31+05:30,thermal_zone0,acpitz,48000,128000
2026-08-28T22:10:31+05:30,thermal_zone1,pch_cannonlake,55000,120000
2026-08-28T22:10:31+05:30,thermal_zone2,INT3400 Thermal,20000,0
2026-08-28T22:10:31+05:30,thermal_zone3,SEN1,1050,103050
2026-08-28T22:10:31+05:30,thermal_zone4,SEN2,42050,80050
2026-08-28T22:10:31+05:30,thermal_zone5,B0D4,48050,110050
2026-08-28T22:10:31+05:30,thermal_zone6,iwlwifi_1,56000,0
2026-08-28T22:10:31+05:30,thermal_zone7,x86_pkg_temp,66000,0
2026-08-28T22:10:33+05:30,thermal_zone0,acpitz,48000,128000
2026-08-28T22:10:33+05:30,thermal_zone1,pch_cannonlake,55000,120000
2026-08-28T22:10:33+05:30,thermal_zone2,INT3400 Thermal,20000,0
2026-08-28T22:10:33+05:30,thermal_zone3,SEN1,1050,103050
2026-08-28T22:10:33+05:30,thermal_zone4,SEN2,42050,80050
2026-08-28T22:10:33+05:30,thermal_zone5,B0D4,48050,110050
2026-08-28T22:10:33+05:30,thermal_zone6,iwlwifi_1,57000,0
2026-08-28T22:10:33+05:30,thermal_zone7,x86_pkg_temp,66000,0
2026-08-28T22:10:34+05:30,thermal_zone0,acpitz,48000,128000
2026-08-28T22:10:34+05:30,thermal_zone1,pch_cannonlake,55000,120000
2026-08-28T22:10:34+05:30,thermal_zone2,INT3400 Thermal,20000,0
2026-08-28T22:10:34+05:30,thermal_zone3,SEN1,1050,103050
2026-08-28T22:10:34+05:30,thermal_zone4,SEN2,42050,80050
2026-08-28T22:10:34+05:30,thermal_zone5,B0D4,48050,110050
2026-08-28T22:10:34+05:30,thermal_zone6,iwlwifi_1,56000,0
2026-08-28T22:10:34+05:30,thermal_zone7,x86_pkg_temp,66000,0
2026-08-28T22:10:35+05:30,thermal_zone0,acpitz,48000,128000
2026-08-28T22:10:35+05:30,thermal_zone1,pch_cannonlake,55000,120000
2026-08-28T22:10:35+05:30,thermal_zone2,INT3400 Thermal,20000,0
2026-08-28T22:10:35+05:30,thermal_zone3,SEN1,1050,103050
2026-08-28T22:10:35+05:30,thermal_zone4,SEN2,41050,80050
2026-08-28T22:10:35+05:30,thermal_zone5,B0D4,48050,110050
2026-08-28T22:10:35+05:30,thermal_zone6,iwlwifi_1,56000,0
2026-08-28T22:10:35+05:30,thermal_zone7,x86_pkg_temp,64000,0
2026-08-28T22:10:37+05:30,thermal_zone0,acpitz,48000,128000
2026-08-28T22:10:37+05:30,thermal_zone1,pch_cannonlake,55000,120000
2026-08-28T22:10:37+05:30,thermal_zone2,INT3400 Thermal,20000,0
2026-08-28T22:10:37+05:30,thermal_zone3,SEN1,1050,103050
2026-08-28T22:10:37+05:30,thermal_zone4,SEN2,41050,80050
2026-08-28T22:10:37+05:30,thermal_zone5,B0D4,48050,110050
2026-08-28T22:10:37+05:30,thermal_zone6,iwlwifi_1,56000,0
2026-08-28T22:10:37+05:30,thermal_zone7,x86_pkg_temp,66000,0
2026-08-28T22:10:38+05:30,thermal_zone0,acpitz,48000,128000
2026-08-28T22:10:38+05:30,thermal_zone1,pch_cannonlake,55000,120000
2026-08-28T22:10:38+05:30,thermal_zone2,INT3400 Thermal,20000,0
2026-08-28T22:10:38+05:30,thermal_zone3,SEN1,1050,103050
2026-08-28T22:10:38+05:30,thermal_zone4,SEN2,41050,80050
2026-08-28T22:10:38+05:30,thermal_zone5,B0D4,48050,110050
2026-08-28T22:10:38+05:30,thermal_zone6,iwlwifi_1,56000,0
2026-08-28T22:10:38+05:30,thermal_zone7,x86_pkg_temp,66000,0
2026-08-28T22:10:39+05:30,thermal_zone0,acpitz,48000,128000
2026-08-28T22:10:39+05:30,thermal_zone1,pch_cannonlake,55000,120000
2026-08-28T22:10:39+05:30,thermal_zone2,INT3400 Thermal,20000,0
2026-08-28T22:10:39+05:30,thermal_zone3,SEN1,1050,103050
2026-08-28T22:10:39+05:30,thermal_zone4,SEN2,41050,80050
2026-08-28T22:10:39+05:30,thermal_zone5,B0D4,48050,110050
2026-08-28T22:10:39+05:30,thermal_zone6,iwlwifi_1,56000,0
2026-08-28T22:10:39+05:30,thermal_zone7,x86_pkg_temp,66000,0
2026-08-28T22:10:40+05:30,thermal_zone0,acpitz,48000,128000
2026-08-28T22:10:40+05:30,thermal_zone1,pch_cannonlake,56000,120000
2026-08-28T22:10:40+05:30,thermal_zone2,INT3400 Thermal,20000,0
2026-08-28T22:10:40+05:30,thermal_zone3,SEN1,1050,103050
2026-08-28T22:10:40+05:30,thermal_zone4,SEN2,41050,80050
2026-08-28T22:10:40+05:30,thermal_zone5,B0D4,48050,110050
2026-08-28T22:10:40+05:30,thermal_zone6,iwlwifi_1,55000,0
2026-08-28T22:10:40+05:30,thermal_zone7,x86_pkg_temp,66000,0
2026-08-28T22:10:42+05:30,thermal_zone0,acpitz,48000,128000
2026-08-28T22:10:42+05:30,thermal_zone1,pch_cannonlake,55000,120000
2026-08-28T22:10:42+05:30,thermal_zone2,INT3400 Thermal,20000,0
2026-08-28T22:10:42+05:30,thermal_zone3,SEN1,1050,103050
2026-08-28T22:10:42+05:30,thermal_zone4,SEN2,41050,80050
2026-08-28T22:10:42+05:30,thermal_zone5,B0D4,48050,110050
2026-08-28T22:10:42+05:30,thermal_zone6,iwlwifi_1,55000,0
2026-08-28T22:10:42+05:30,thermal_zone7,x86_pkg_temp,66000,0
2026-08-28T22:10:43+05:30,thermal_zone0,acpitz,48000,128000
2026-08-28T22:10:43+05:30,thermal_zone1,pch_cannonlake,54000,120000
2026-08-28T22:10:43+05:30,thermal_zone2,INT3400 Thermal,20000,0
2026-08-28T22:10:43+05:30,thermal_zone3,SEN1,1050,103050
2026-08-28T22:10:43+05:30,thermal_zone4,SEN2,41050,80050
2026-08-28T22:10:43+05:30,thermal_zone5,B0D4,48050,110050
2026-08-28T22:10:43+05:30,thermal_zone6,iwlwifi_1,57000,0
2026-08-28T22:10:43+05:30,thermal_zone7,x86_pkg_temp,65000,0
2026-08-28T22:10:44+05:30,thermal_zone0,acpitz,48000,128000
2026-08-28T22:10:44+05:30,thermal_zone1,pch_cannonlake,55000,120000
2026-08-28T22:10:44+05:30,thermal_zone2,INT3400 Thermal,20000,0
2026-08-28T22:10:44+05:30,thermal_zone3,SEN1,1050,103050
2026-08-28T22:10:44+05:30,thermal_zone4,SEN2,41050,80050
2026-08-28T22:10:44+05:30,thermal_zone5,B0D4,48050,110050
2026-08-28T22:10:44+05:30,thermal_zone6,iwlwifi_1,56000,0
2026-08-28T22:10:44+05:30,thermal_zone7,x86_pkg_temp,66000,0
2026-08-28T22:10:45+05:30,thermal_zone0,acpitz,48000,128000
2026-08-28T22:10:45+05:30,thermal_zone1,pch_cannonlake,55000,120000
2026-08-28T22:10:45+05:30,thermal_zone2,INT3400 Thermal,20000,0
2026-08-28T22:10:45+05:30,thermal_zone3,SEN1,1050,103050
2026-08-28T22:10:45+05:30,thermal_zone4,SEN2,41050,80050
2026-08-28T22:10:45+05:30,thermal_zone5,B0D4,48050,110050
2026-08-28T22:10:45+05:30,thermal_zone6,iwlwifi_1,56000,0
2026-08-28T22:10:45+05:30,thermal_zone7,x86_pkg_temp,66000,0
2026-08-28T22:10:47+05:30,thermal_zone0,acpitz,48000,128000
2026-08-28T22:10:47+05:30,thermal_zone1,pch_cannonlake,56000,120000
2026-08-28T22:10:47+05:30,thermal_zone2,INT3400 Thermal,20000,0
2026-08-28T22:10:47+05:30,thermal_zone3,SEN1,1050,103050
2026-08-28T22:10:47+05:30,thermal_zone4,SEN2,41050,80050
2026-08-28T22:10:47+05:30,thermal_zone5,B0D4,48050,110050
2026-08-28T22:10:47+05:30,thermal_zone6,iwlwifi_1,56000,0
2026-08-28T22:10:47+05:30,thermal_zone7,x86_pkg_temp,66000,0
2026-08-28T22:10:48+05:30,thermal_zone0,acpitz,48000,128000
2026-08-28T22:10:48+05:30,thermal_zone1,pch_cannonlake,55000,120000
2026-08-28T22:10:48+05:30,thermal_zone2,INT3400 Thermal,20000,0
2026-08-28T22:10:48+05:30,thermal_zone3,SEN1,1050,103050
2026-08-28T22:10:48+05:30,thermal_zone4,SEN2,41050,80050
2026-08-28T22:10:48+05:30,thermal_zone5,B0D4,48050,110050
2026-08-28T22:10:48+05:30,thermal_zone6,iwlwifi_1,55000,0
2026-08-28T22:10:48+05:30,thermal_zone7,x86_pkg_temp,66000,0
2026-08-28T22:10:49+05:30,thermal_zone0,acpitz,48000,128000
2026-08-28T22:10:49+05:30,thermal_zone1,pch_cannonlake,55000,120000
2026-08-28T22:10:49+05:30,thermal_zone2,INT3400 Thermal,20000,0
2026-08-28T22:10:49+05:30,thermal_zone3,SEN1,1050,103050
2026-08-28T22:10:49+05:30,thermal_zone4,SEN2,41050,80050
2026-08-28T22:10:49+05:30,thermal_zone5,B0D4,48050,110050
2026-08-28T22:10:49+05:30,thermal_zone6,iwlwifi_1,55000,0
2026-08-28T22:10:49+05:30,thermal_zone7,x86_pkg_temp,65000,0
2026-08-28T22:10:50+05:30,thermal_zone0,acpitz,48000,128000
2026-08-28T22:10:50+05:30,thermal_zone1,pch_cannonlake,56000,120000
2026-08-28T22:10:50+05:30,thermal_zone2,INT3400 Thermal,20000,0
2026-08-28T22:10:50+05:30,thermal_zone3,SEN1,1050,103050
2026-08-28T22:10:50+05:30,thermal_zone4,SEN2,41050,80050
2026-08-28T22:10:50+05:30,thermal_zone5,B0D4,48050,110050
2026-08-28T22:10:50+05:30,thermal_zone6,iwlwifi_1,56000,0
2026-08-28T22:10:50+05:30,thermal_zone7,x86_pkg_temp,67000,0
2026-08-28T22:10:52+05:30,thermal_zone0,acpitz,48000,128000
2026-08-28T22:10:52+05:30,thermal_zone1,pch_cannonlake,55000,120000
2026-08-28T22:10:52+05:30,thermal_zone2,INT3400 Thermal,20000,0
2026-08-28T22:10:52+05:30,thermal_zone3,SEN1,1050,103050
2026-08-28T22:10:52+05:30,thermal_zone4,SEN2,41050,80050
2026-08-28T22:10:52+05:30,thermal_zone5,B0D4,48050,110050
2026-08-28T22:10:52+05:30,thermal_zone6,iwlwifi_1,56000,0
2026-08-28T22:10:52+05:30,thermal_zone7,x86_pkg_temp,65000,0
2026-08-28T22:10:53+05:30,thermal_zone0,acpitz,48000,128000
2026-08-28T22:10:53+05:30,thermal_zone1,pch_cannonlake,55000,120000
2026-08-28T22:10:53+05:30,thermal_zone2,INT3400 Thermal,20000,0
2026-08-28T22:10:53+05:30,thermal_zone3,SEN1,1050,103050
2026-08-28T22:10:53+05:30,thermal_zone4,SEN2,41050,80050
2026-08-28T22:10:53+05:30,thermal_zone5,B0D4,48050,110050
2026-08-28T22:10:53+05:30,thermal_zone6,iwlwifi_1,57000,0
2026-08-28T22:10:53+05:30,thermal_zone7,x86_pkg_temp,66000,0
2026-08-28T22:10:54+05:30,thermal_zone0,acpitz,48000,128000
2026-08-28T22:10:54+05:30,thermal_zone1,pch_cannonlake,55000,120000
2026-08-28T22:10:54+05:30,thermal_zone2,INT3400 Thermal,20000,0
2026-08-28T22:10:54+05:30,thermal_zone3,SEN1,1050,103050
2026-08-28T22:10:54+05:30,thermal_zone4,SEN2,41050,80050
2026-08-28T22:10:54+05:30,thermal_zone5,B0D4,48050,110050
2026-08-28T22:10:54+05:30,thermal_zone6,iwlwifi_1,56000,0
2026-08-28T22:10:54+05:30,thermal_zone7,x86_pkg_temp,67000,0
2026-08-28T22:10:55+05:30,thermal_zone0,acpitz,48000,128000
2026-08-28T22:10:55+05:30,thermal_zone1,pch_cannonlake,56000,120000
2026-08-28T22:10:55+05:30,thermal_zone2,INT3400 Thermal,20000,0
2026-08-28T22:10:55+05:30,thermal_zone3,SEN1,1050,103050
2026-08-28T22:10:55+05:30,thermal_zone4,SEN2,41050,80050
2026-08-28T22:10:55+05:30,thermal_zone5,B0D4,48050,110050
2026-08-28T22:10:55+05:30,thermal_zone6,iwlwifi_1,57000,0
2026-08-28T22:10:55+05:30,thermal_zone7,x86_pkg_temp,66000,0
2026-08-28T22:10:57+05:30,thermal_zone0,acpitz,48000,128000
2026-08-28T22:10:57+05:30,thermal_zone1,pch_cannonlake,56000,120000
2026-08-28T22:10:57+05:30,thermal_zone2,INT3400 Thermal,20000,0
2026-08-28T22:10:57+05:30,thermal_zone3,SEN1,1050,103050
2026-08-28T22:10:57+05:30,thermal_zone4,SEN2,41050,80050
2026-08-28T22:10:57+05:30,thermal_zone5,B0D4,48050,110050
2026-08-28T22:10:57+05:30,thermal_zone6,iwlwifi_1,56000,0
2026-08-28T22:10:57+05:30,thermal_zone7,x86_pkg_temp,66000,0
2026-08-28T22:10:58+05:30,thermal_zone0,acpitz,48000,128000
2026-08-28T22:10:58+05:30,thermal_zone1,pch_cannonlake,55000,120000
2026-08-28T22:10:58+05:30,thermal_zone2,INT3400 Thermal,20000,0
2026-08-28T22:10:58+05:30,thermal_zone3,SEN1,1050,103050
2026-08-28T22:10:58+05:30,thermal_zone4,SEN2,41050,80050
2026-08-28T22:10:58+05:30,thermal_zone5,B0D4,48050,110050
2026-08-28T22:10:58+05:30,thermal_zone6,iwlwifi_1,56000,0
2026-08-28T22:10:58+05:30,thermal_zone7,x86_pkg_temp,65000,0
2026-08-28T22:10:59+05:30,thermal_zone0,acpitz,48000,128000
2026-08-28T22:10:59+05:30,thermal_zone1,pch_cannonlake,55000,120000
2026-08-28T22:10:59+05:30,thermal_zone2,INT3400 Thermal,20000,0
2026-08-28T22:10:59+05:30,thermal_zone3,SEN1,1050,103050
2026-08-28T22:10:59+05:30,thermal_zone4,SEN2,41050,80050
2026-08-28T22:10:59+05:30,thermal_zone5,B0D4,48050,110050
2026-08-28T22:10:59+05:30,thermal_zone6,iwlwifi_1,56000,0
2026-08-28T22:10:59+05:30,thermal_zone7,x86_pkg_temp,66000,0
2026-08-28T22:11:00+05:30,thermal_zone0,acpitz,48000,128000
2026-08-28T22:11:00+05:30,thermal_zone1,pch_cannonlake,54000,120000
2026-08-28T22:11:00+05:30,thermal_zone2,INT3400 Thermal,20000,0
2026-08-28T22:11:00+05:30,thermal_zone3,SEN1,1050,103050
2026-08-28T22:11:00+05:30,thermal_zone4,SEN2,41050,80050
2026-08-28T22:11:00+05:30,thermal_zone5,B0D4,48050,110050
2026-08-28T22:11:00+05:30,thermal_zone6,iwlwifi_1,56000,0
2026-08-28T22:11:00+05:30,thermal_zone7,x86_pkg_temp,68000,0
2026-08-28T22:11:02+05:30,thermal_zone0,acpitz,48000,128000
2026-08-28T22:11:02+05:30,thermal_zone1,pch_cannonlake,57000,120000
2026-08-28T22:11:02+05:30,thermal_zone2,INT3400 Thermal,20000,0
2026-08-28T22:11:02+05:30,thermal_zone3,SEN1,1050,103050
2026-08-28T22:11:02+05:30,thermal_zone4,SEN2,41050,80050
2026-08-28T22:11:02+05:30,thermal_zone5,B0D4,48050,110050
2026-08-28T22:11:02+05:30,thermal_zone6,iwlwifi_1,57000,0
2026-08-28T22:11:02+05:30,thermal_zone7,x86_pkg_temp,67000,0
2026-08-28T22:11:03+05:30,thermal_zone0,acpitz,48000,128000
2026-08-28T22:11:03+05:30,thermal_zone1,pch_cannonlake,55000,120000
2026-08-28T22:11:03+05:30,thermal_zone2,INT3400 Thermal,20000,0
2026-08-28T22:11:03+05:30,thermal_zone3,SEN1,1050,103050
2026-08-28T22:11:03+05:30,thermal_zone4,SEN2,41050,80050
2026-08-28T22:11:03+05:30,thermal_zone5,B0D4,48050,110050
2026-08-28T22:11:03+05:30,thermal_zone6,iwlwifi_1,57000,0
2026-08-28T22:11:03+05:30,thermal_zone7,x86_pkg_temp,66000,0
2026-08-28T22:11:04+05:30,thermal_zone0,acpitz,48000,128000
2026-08-28T22:11:04+05:30,thermal_zone1,pch_cannonlake,55000,120000
2026-08-28T22:11:04+05:30,thermal_zone2,INT3400 Thermal,20000,0
2026-08-28T22:11:04+05:30,thermal_zone3,SEN1,1050,103050
2026-08-28T22:11:04+05:30,thermal_zone4,SEN2,41050,80050
2026-08-28T22:11:04+05:30,thermal_zone5,B0D4,48050,110050
2026-08-28T22:11:04+05:30,thermal_zone6,iwlwifi_1,56000,0
2026-08-28T22:11:04+05:30,thermal_zone7,x86_pkg_temp,63000,0
2026-08-28T22:11:06+05:30,thermal_zone0,acpitz,48000,128000
2026-08-28T22:11:06+05:30,thermal_zone1,pch_cannonlake,55000,120000
2026-08-28T22:11:06+05:30,thermal_zone2,INT3400 Thermal,20000,0
2026-08-28T22:11:06+05:30,thermal_zone3,SEN1,1050,103050
2026-08-28T22:11:06+05:30,thermal_zone4,SEN2,42050,80050
2026-08-28T22:11:06+05:30,thermal_zone5,B0D4,48050,110050
2026-08-28T22:11:06+05:30,thermal_zone6,iwlwifi_1,56000,0
2026-08-28T22:11:06+05:30,thermal_zone7,x86_pkg_temp,64000,0
2026-08-28T22:11:07+05:30,thermal_zone0,acpitz,48000,128000
2026-08-28T22:11:07+05:30,thermal_zone1,pch_cannonlake,55000,120000
2026-08-28T22:11:07+05:30,thermal_zone2,INT3400 Thermal,20000,0
2026-08-28T22:11:07+05:30,thermal_zone3,SEN1,1050,103050
2026-08-28T22:11:07+05:30,thermal_zone4,SEN2,42050,80050
2026-08-28T22:11:07+05:30,thermal_zone5,B0D4,48050,110050
2026-08-28T22:11:07+05:30,thermal_zone6,iwlwifi_1,56000,0
2026-08-28T22:11:07+05:30,thermal_zone7,x86_pkg_temp,62000,0
2026-08-28T22:11:08+05:30,thermal_zone0,acpitz,48000,128000
2026-08-28T22:11:08+05:30,thermal_zone1,pch_cannonlake,55000,120000
2026-08-28T22:11:08+05:30,thermal_zone2,INT3400 Thermal,20000,0
2026-08-28T22:11:08+05:30,thermal_zone3,SEN1,1050,103050
2026-08-28T22:11:08+05:30,thermal_zone4,SEN2,42050,80050
2026-08-28T22:11:08+05:30,thermal_zone5,B0D4,48050,110050
2026-08-28T22:11:08+05:30,thermal_zone6,iwlwifi_1,56000,0
2026-08-28T22:11:08+05:30,thermal_zone7,x86_pkg_temp,64000,0
2026-08-28T22:11:10+05:30,thermal_zone0,acpitz,48000,128000
2026-08-28T22:11:10+05:30,thermal_zone1,pch_cannonlake,55000,120000
2026-08-28T22:11:10+05:30,thermal_zone2,INT3400 Thermal,20000,0
2026-08-28T22:11:10+05:30,thermal_zone3,SEN1,1050,103050
2026-08-28T22:11:10+05:30,thermal_zone4,SEN2,42050,80050
2026-08-28T22:11:10+05:30,thermal_zone5,B0D4,48050,110050
2026-08-28T22:11:10+05:30,thermal_zone6,iwlwifi_1,56000,0
2026-08-28T22:11:10+05:30,thermal_zone7,x86_pkg_temp,64000,0
2026-08-28T22:11:11+05:30,thermal_zone0,acpitz,48000,128000
2026-08-28T22:11:11+05:30,thermal_zone1,pch_cannonlake,55000,120000
2026-08-28T22:11:11+05:30,thermal_zone2,INT3400 Thermal,20000,0
2026-08-28T22:11:11+05:30,thermal_zone3,SEN1,1050,103050
2026-08-28T22:11:11+05:30,thermal_zone4,SEN2,42050,80050
2026-08-28T22:11:11+05:30,thermal_zone5,B0D4,48050,110050
2026-08-28T22:11:11+05:30,thermal_zone6,iwlwifi_1,56000,0
2026-08-28T22:11:11+05:30,thermal_zone7,x86_pkg_temp,66000,0
2026-08-28T22:11:12+05:30,thermal_zone0,acpitz,48000,128000
2026-08-28T22:11:12+05:30,thermal_zone1,pch_cannonlake,55000,120000
2026-08-28T22:11:12+05:30,thermal_zone2,INT3400 Thermal,20000,0
2026-08-28T22:11:12+05:30,thermal_zone3,SEN1,1050,103050
2026-08-28T22:11:12+05:30,thermal_zone4,SEN2,42050,80050
2026-08-28T22:11:12+05:30,thermal_zone5,B0D4,48050,110050
2026-08-28T22:11:12+05:30,thermal_zone6,iwlwifi_1,56000,0
2026-08-28T22:11:12+05:30,thermal_zone7,x86_pkg_temp,67000,0
2026-08-28T22:11:13+05:30,thermal_zone0,acpitz,48000,128000
2026-08-28T22:11:13+05:30,thermal_zone1,pch_cannonlake,55000,120000
2026-08-28T22:11:13+05:30,thermal_zone2,INT3400 Thermal,20000,0
2026-08-28T22:11:13+05:30,thermal_zone3,SEN1,1050,103050
2026-08-28T22:11:13+05:30,thermal_zone4,SEN2,42050,80050
2026-08-28T22:11:13+05:30,thermal_zone5,B0D4,48050,110050
2026-08-28T22:11:13+05:30,thermal_zone6,iwlwifi_1,58000,0
2026-08-28T22:11:13+05:30,thermal_zone7,x86_pkg_temp,64000,0
2026-08-28T22:11:15+05:30,thermal_zone0,acpitz,48000,128000
2026-08-28T22:11:15+05:30,thermal_zone1,pch_cannonlake,55000,120000
2026-08-28T22:11:15+05:30,thermal_zone2,INT3400 Thermal,20000,0
2026-08-28T22:11:15+05:30,thermal_zone3,SEN1,1050,103050
2026-08-28T22:11:15+05:30,thermal_zone4,SEN2,42050,80050
2026-08-28T22:11:15+05:30,thermal_zone5,B0D4,48050,110050
2026-08-28T22:11:15+05:30,thermal_zone6,iwlwifi_1,56000,0
2026-08-28T22:11:15+05:30,thermal_zone7,x86_pkg_temp,64000,0
2026-08-28T22:11:16+05:30,thermal_zone0,acpitz,48000,128000
2026-08-28T22:11:16+05:30,thermal_zone1,pch_cannonlake,55000,120000
2026-08-28T22:11:16+05:30,thermal_zone2,INT3400 Thermal,20000,0
2026-08-28T22:11:16+05:30,thermal_zone3,SEN1,1050,103050
2026-08-28T22:11:16+05:30,thermal_zone4,SEN2,42050,80050
2026-08-28T22:11:16+05:30,thermal_zone5,B0D4,48050,110050
2026-08-28T22:11:16+05:30,thermal_zone6,iwlwifi_1,57000,0
2026-08-28T22:11:16+05:30,thermal_zone7,x86_pkg_temp,65000,0
2026-08-28T22:11:17+05:30,thermal_zone0,acpitz,48000,128000
2026-08-28T22:11:17+05:30,thermal_zone1,pch_cannonlake,55000,120000
2026-08-28T22:11:17+05:30,thermal_zone2,INT3400 Thermal,20000,0
2026-08-28T22:11:17+05:30,thermal_zone3,SEN1,1050,103050
2026-08-28T22:11:17+05:30,thermal_zone4,SEN2,42050,80050
2026-08-28T22:11:17+05:30,thermal_zone5,B0D4,48050,110050
2026-08-28T22:11:17+05:30,thermal_zone6,iwlwifi_1,57000,0
2026-08-28T22:11:17+05:30,thermal_zone7,x86_pkg_temp,66000,0
2026-08-28T22:11:18+05:30,thermal_zone0,acpitz,48000,128000
2026-08-28T22:11:18+05:30,thermal_zone1,pch_cannonlake,55000,120000
2026-08-28T22:11:18+05:30,thermal_zone2,INT3400 Thermal,20000,0
2026-08-28T22:11:18+05:30,thermal_zone3,SEN1,1050,103050
2026-08-28T22:11:18+05:30,thermal_zone4,SEN2,42050,80050
2026-08-28T22:11:18+05:30,thermal_zone5,B0D4,48050,110050
2026-08-28T22:11:18+05:30,thermal_zone6,iwlwifi_1,57000,0
2026-08-28T22:11:18+05:30,thermal_zone7,x86_pkg_temp,63000,0
2026-08-28T22:11:20+05:30,thermal_zone0,acpitz,48000,128000
2026-08-28T22:11:20+05:30,thermal_zone1,pch_cannonlake,55000,120000
2026-08-28T22:11:20+05:30,thermal_zone2,INT3400 Thermal,20000,0
2026-08-28T22:11:20+05:30,thermal_zone3,SEN1,1050,103050
2026-08-28T22:11:20+05:30,thermal_zone4,SEN2,42050,80050
2026-08-28T22:11:20+05:30,thermal_zone5,B0D4,48050,110050
2026-08-28T22:11:20+05:30,thermal_zone6,iwlwifi_1,57000,0
2026-08-28T22:11:20+05:30,thermal_zone7,x86_pkg_temp,66000,0
2026-08-28T22:11:21+05:30,thermal_zone0,acpitz,48000,128000
2026-08-28T22:11:21+05:30,thermal_zone1,pch_cannonlake,54000,120000
2026-08-28T22:11:21+05:30,thermal_zone2,INT3400 Thermal,20000,0
2026-08-28T22:11:21+05:30,thermal_zone3,SEN1,1050,103050
2026-08-28T22:11:21+05:30,thermal_zone4,SEN2,42050,80050
2026-08-28T22:11:21+05:30,thermal_zone5,B0D4,48050,110050
2026-08-28T22:11:21+05:30,thermal_zone6,iwlwifi_1,57000,0
2026-08-28T22:11:21+05:30,thermal_zone7,x86_pkg_temp,66000,0
2026-08-28T22:11:22+05:30,thermal_zone0,acpitz,48000,128000
2026-08-28T22:11:22+05:30,thermal_zone1,pch_cannonlake,54000,120000
2026-08-28T22:11:22+05:30,thermal_zone2,INT3400 Thermal,20000,0
2026-08-28T22:11:22+05:30,thermal_zone3,SEN1,1050,103050
2026-08-28T22:11:22+05:30,thermal_zone4,SEN2,42050,80050
2026-08-28T22:11:22+05:30,thermal_zone5,B0D4,48050,110050
2026-08-28T22:11:22+05:30,thermal_zone6,iwlwifi_1,56000,0
2026-08-28T22:11:22+05:30,thermal_zone7,x86_pkg_temp,64000,0
2026-08-28T22:11:23+05:30,thermal_zone0,acpitz,48000,128000
2026-08-28T22:11:23+05:30,thermal_zone1,pch_cannonlake,55000,120000
2026-08-28T22:11:23+05:30,thermal_zone2,INT3400 Thermal,20000,0
2026-08-28T22:11:23+05:30,thermal_zone3,SEN1,1050,103050
2026-08-28T22:11:23+05:30,thermal_zone4,SEN2,42050,80050
2026-08-28T22:11:23+05:30,thermal_zone5,B0D4,48050,110050
2026-08-28T22:11:23+05:30,thermal_zone6,iwlwifi_1,57000,0
2026-08-28T22:11:23+05:30,thermal_zone7,x86_pkg_temp,64000,0
2026-08-28T22:11:25+05:30,thermal_zone0,acpitz,48000,128000
2026-08-28T22:11:25+05:30,thermal_zone1,pch_cannonlake,55000,120000
2026-08-28T22:11:25+05:30,thermal_zone2,INT3400 Thermal,20000,0
2026-08-28T22:11:25+05:30,thermal_zone3,SEN1,1050,103050
2026-08-28T22:11:25+05:30,thermal_zone4,SEN2,42050,80050
2026-08-28T22:11:25+05:30,thermal_zone5,B0D4,48050,110050
2026-08-28T22:11:25+05:30,thermal_zone6,iwlwifi_1,57000,0
2026-08-28T22:11:25+05:30,thermal_zone7,x86_pkg_temp,65000,0
2026-08-28T22:11:26+05:30,thermal_zone0,acpitz,48000,128000
2026-08-28T22:11:26+05:30,thermal_zone1,pch_cannonlake,56000,120000
2026-08-28T22:11:26+05:30,thermal_zone2,INT3400 Thermal,20000,0
2026-08-28T22:11:26+05:30,thermal_zone3,SEN1,1050,103050
2026-08-28T22:11:26+05:30,thermal_zone4,SEN2,42050,80050
2026-08-28T22:11:26+05:30,thermal_zone5,B0D4,48050,110050
2026-08-28T22:11:26+05:30,thermal_zone6,iwlwifi_1,59000,0
2026-08-28T22:11:26+05:30,thermal_zone7,x86_pkg_temp,66000,0
2026-08-28T22:11:27+05:30,thermal_zone0,acpitz,48000,128000
2026-08-28T22:11:27+05:30,thermal_zone1,pch_cannonlake,57000,120000
2026-08-28T22:11:27+05:30,thermal_zone2,INT3400 Thermal,20000,0
2026-08-28T22:11:27+05:30,thermal_zone3,SEN1,1050,103050
2026-08-28T22:11:27+05:30,thermal_zone4,SEN2,42050,80050
2026-08-28T22:11:27+05:30,thermal_zone5,B0D4,48050,110050
2026-08-28T22:11:27+05:30,thermal_zone6,iwlwifi_1,59000,0
2026-08-28T22:11:27+05:30,thermal_zone7,x86_pkg_temp,65000,0
2026-08-28T22:11:29+05:30,thermal_zone0,acpitz,48000,128000
2026-08-28T22:11:29+05:30,thermal_zone1,pch_cannonlake,55000,120000
2026-08-28T22:11:29+05:30,thermal_zone2,INT3400 Thermal,20000,0
2026-08-28T22:11:29+05:30,thermal_zone3,SEN1,1050,103050
2026-08-28T22:11:29+05:30,thermal_zone4,SEN2,42050,80050
2026-08-28T22:11:29+05:30,thermal_zone5,B0D4,48050,110050
2026-08-28T22:11:29+05:30,thermal_zone6,iwlwifi_1,57000,0
2026-08-28T22:11:29+05:30,thermal_zone7,x86_pkg_temp,66000,0
2026-08-28T22:11:30+05:30,thermal_zone0,acpitz,48000,128000
2026-08-28T22:11:30+05:30,thermal_zone1,pch_cannonlake,55000,120000
2026-08-28T22:11:30+05:30,thermal_zone2,INT3400 Thermal,20000,0
2026-08-28T22:11:30+05:30,thermal_zone3,SEN1,1050,103050
2026-08-28T22:11:30+05:30,thermal_zone4,SEN2,42050,80050
2026-08-28T22:11:30+05:30,thermal_zone5,B0D4,48050,110050
2026-08-28T22:11:30+05:30,thermal_zone6,iwlwifi_1,57000,0
2026-08-28T22:11:30+05:30,thermal_zone7,x86_pkg_temp,64000,0
2026-08-28T22:11:31+05:30,thermal_zone0,acpitz,48000,128000
2026-08-28T22:11:31+05:30,thermal_zone1,pch_cannonlake,55000,120000
2026-08-28T22:11:31+05:30,thermal_zone2,INT3400 Thermal,20000,0
2026-08-28T22:11:31+05:30,thermal_zone3,SEN1,1050,103050
2026-08-28T22:11:31+05:30,thermal_zone4,SEN2,42050,80050
2026-08-28T22:11:31+05:30,thermal_zone5,B0D4,48050,110050
2026-08-28T22:11:31+05:30,thermal_zone6,iwlwifi_1,57000,0
2026-08-28T22:11:31+05:30,thermal_zone7,x86_pkg_temp,65000,0
2026-08-28T22:11:32+05:30,thermal_zone0,acpitz,48000,128000
2026-08-28T22:11:32+05:30,thermal_zone1,pch_cannonlake,56000,120000
2026-08-28T22:11:32+05:30,thermal_zone2,INT3400 Thermal,20000,0
2026-08-28T22:11:32+05:30,thermal_zone3,SEN1,1050,103050
2026-08-28T22:11:32+05:30,thermal_zone4,SEN2,42050,80050
2026-08-28T22:11:32+05:30,thermal_zone5,B0D4,48050,110050
2026-08-28T22:11:32+05:30,thermal_zone6,iwlwifi_1,59000,0
2026-08-28T22:11:32+05:30,thermal_zone7,x86_pkg_temp,66000,0
2026-08-28T22:11:34+05:30,thermal_zone0,acpitz,48000,128000
2026-08-28T22:11:34+05:30,thermal_zone1,pch_cannonlake,54000,120000
2026-08-28T22:11:34+05:30,thermal_zone2,INT3400 Thermal,20000,0
2026-08-28T22:11:34+05:30,thermal_zone3,SEN1,1050,103050
2026-08-28T22:11:34+05:30,thermal_zone4,SEN2,42050,80050
2026-08-28T22:11:34+05:30,thermal_zone5,B0D4,48050,110050
2026-08-28T22:11:34+05:30,thermal_zone6,iwlwifi_1,59000,0
2026-08-28T22:11:34+05:30,thermal_zone7,x86_pkg_temp,65000,0
2026-08-28T22:11:35+05:30,thermal_zone0,acpitz,48000,128000
2026-08-28T22:11:35+05:30,thermal_zone1,pch_cannonlake,55000,120000
2026-08-28T22:11:35+05:30,thermal_zone2,INT3400 Thermal,20000,0
2026-08-28T22:11:35+05:30,thermal_zone3,SEN1,1050,103050
2026-08-28T22:11:35+05:30,thermal_zone4,SEN2,42050,80050
2026-08-28T22:11:35+05:30,thermal_zone5,B0D4,48050,110050
2026-08-28T22:11:35+05:30,thermal_zone6,iwlwifi_1,57000,0
2026-08-28T22:11:35+05:30,thermal_zone7,x86_pkg_temp,65000,0
2026-08-28T22:11:36+05:30,thermal_zone0,acpitz,48000,128000
2026-08-28T22:11:36+05:30,thermal_zone1,pch_cannonlake,55000,120000
2026-08-28T22:11:36+05:30,thermal_zone2,INT3400 Thermal,20000,0
2026-08-28T22:11:36+05:30,thermal_zone3,SEN1,1050,103050
2026-08-28T22:11:36+05:30,thermal_zone4,SEN2,42050,80050
2026-08-28T22:11:36+05:30,thermal_zone5,B0D4,48050,110050
2026-08-28T22:11:36+05:30,thermal_zone6,iwlwifi_1,57000,0
2026-08-28T22:11:36+05:30,thermal_zone7,x86_pkg_temp,67000,0
2026-08-28T22:11:37+05:30,thermal_zone0,acpitz,48000,128000
2026-08-28T22:11:37+05:30,thermal_zone1,pch_cannonlake,54000,120000
2026-08-28T22:11:37+05:30,thermal_zone2,INT3400 Thermal,20000,0
2026-08-28T22:11:37+05:30,thermal_zone3,SEN1,1050,103050
2026-08-28T22:11:37+05:30,thermal_zone4,SEN2,42050,80050
2026-08-28T22:11:37+05:30,thermal_zone5,B0D4,48050,110050
2026-08-28T22:11:37+05:30,thermal_zone6,iwlwifi_1,57000,0
2026-08-28T22:11:37+05:30,thermal_zone7,x86_pkg_temp,66000,0
2026-08-28T22:11:39+05:30,thermal_zone0,acpitz,48000,128000
2026-08-28T22:11:39+05:30,thermal_zone1,pch_cannonlake,55000,120000
2026-08-28T22:11:39+05:30,thermal_zone2,INT3400 Thermal,20000,0
2026-08-28T22:11:39+05:30,thermal_zone3,SEN1,1050,103050
2026-08-28T22:11:39+05:30,thermal_zone4,SEN2,42050,80050
2026-08-28T22:11:39+05:30,thermal_zone5,B0D4,48050,110050
2026-08-28T22:11:39+05:30,thermal_zone6,iwlwifi_1,56000,0
2026-08-28T22:11:39+05:30,thermal_zone7,x86_pkg_temp,66000,0
2026-08-28T22:11:40+05:30,thermal_zone0,acpitz,48000,128000
2026-08-28T22:11:40+05:30,thermal_zone1,pch_cannonlake,55000,120000
2026-08-28T22:11:40+05:30,thermal_zone2,INT3400 Thermal,20000,0
2026-08-28T22:11:40+05:30,thermal_zone3,SEN1,1050,103050
2026-08-28T22:11:40+05:30,thermal_zone4,SEN2,42050,80050
2026-08-28T22:11:40+05:30,thermal_zone5,B0D4,48050,110050
2026-08-28T22:11:40+05:30,thermal_zone6,iwlwifi_1,56000,0
2026-08-28T22:11:40+05:30,thermal_zone7,x86_pkg_temp,66000,0
2026-08-28T22:11:41+05:30,thermal_zone0,acpitz,48000,128000
2026-08-28T22:11:41+05:30,thermal_zone1,pch_cannonlake,55000,120000
2026-08-28T22:11:41+05:30,thermal_zone2,INT3400 Thermal,20000,0
2026-08-28T22:11:41+05:30,thermal_zone3,SEN1,1050,103050
2026-08-28T22:11:41+05:30,thermal_zone4,SEN2,42050,80050
2026-08-28T22:11:41+05:30,thermal_zone5,B0D4,48050,110050
2026-08-28T22:11:41+05:30,thermal_zone6,iwlwifi_1,56000,0
2026-08-28T22:11:41+05:30,thermal_zone7,x86_pkg_temp,66000,0
2026-08-28T22:11:42+05:30,thermal_zone0,acpitz,48000,128000
2026-08-28T22:11:42+05:30,thermal_zone1,pch_cannonlake,55000,120000
2026-08-28T22:11:42+05:30,thermal_zone2,INT3400 Thermal,20000,0
2026-08-28T22:11:42+05:30,thermal_zone3,SEN1,1050,103050
2026-08-28T22:11:42+05:30,thermal_zone4,SEN2,42050,80050
2026-08-28T22:11:42+05:30,thermal_zone5,B0D4,48050,110050
2026-08-28T22:11:42+05:30,thermal_zone6,iwlwifi_1,56000,0
2026-08-28T22:11:42+05:30,thermal_zone7,x86_pkg_temp,67000,0
2026-08-28T22:11:44+05:30,thermal_zone0,acpitz,48000,128000
2026-08-28T22:11:44+05:30,thermal_zone1,pch_cannonlake,54000,120000
2026-08-28T22:11:44+05:30,thermal_zone2,INT3400 Thermal,20000,0
2026-08-28T22:11:44+05:30,thermal_zone3,SEN1,1050,103050
2026-08-28T22:11:44+05:30,thermal_zone4,SEN2,42050,80050
2026-08-28T22:11:44+05:30,thermal_zone5,B0D4,48050,110050
2026-08-28T22:11:44+05:30,thermal_zone6,iwlwifi_1,57000,0
2026-08-28T22:11:44+05:30,thermal_zone7,x86_pkg_temp,67000,0
2026-08-28T22:11:45+05:30,thermal_zone0,acpitz,48000,128000
2026-08-28T22:11:45+05:30,thermal_zone1,pch_cannonlake,56000,120000
2026-08-28T22:11:45+05:30,thermal_zone2,INT3400 Thermal,20000,0
2026-08-28T22:11:45+05:30,thermal_zone3,SEN1,1050,103050
2026-08-28T22:11:45+05:30,thermal_zone4,SEN2,42050,80050
2026-08-28T22:11:45+05:30,thermal_zone5,B0D4,48050,110050
2026-08-28T22:11:45+05:30,thermal_zone6,iwlwifi_1,57000,0
2026-08-28T22:11:45+05:30,thermal_zone7,x86_pkg_temp,66000,0
2026-08-28T22:11:46+05:30,thermal_zone0,acpitz,48000,128000
2026-08-28T22:11:46+05:30,thermal_zone1,pch_cannonlake,54000,120000
2026-08-28T22:11:46+05:30,thermal_zone2,INT3400 Thermal,20000,0
2026-08-28T22:11:46+05:30,thermal_zone3,SEN1,1050,103050
2026-08-28T22:11:46+05:30,thermal_zone4,SEN2,42050,80050
2026-08-28T22:11:46+05:30,thermal_zone5,B0D4,48050,110050
2026-08-28T22:11:46+05:30,thermal_zone6,iwlwifi_1,56000,0
2026-08-28T22:11:46+05:30,thermal_zone7,x86_pkg_temp,66000,0
2026-08-28T22:11:47+05:30,thermal_zone0,acpitz,48000,128000
2026-08-28T22:11:47+05:30,thermal_zone1,pch_cannonlake,55000,120000
2026-08-28T22:11:47+05:30,thermal_zone2,INT3400 Thermal,20000,0
2026-08-28T22:11:47+05:30,thermal_zone3,SEN1,1050,103050
2026-08-28T22:11:47+05:30,thermal_zone4,SEN2,42050,80050
2026-08-28T22:11:47+05:30,thermal_zone5,B0D4,48050,110050
2026-08-28T22:11:47+05:30,thermal_zone6,iwlwifi_1,57000,0
2026-08-28T22:11:47+05:30,thermal_zone7,x86_pkg_temp,66000,0
2026-08-28T22:11:48+05:30,thermal_zone0,acpitz,48000,128000
2026-08-28T22:11:48+05:30,thermal_zone1,pch_cannonlake,55000,120000
2026-08-28T22:11:48+05:30,thermal_zone2,INT3400 Thermal,20000,0
2026-08-28T22:11:48+05:30,thermal_zone3,SEN1,1050,103050
2026-08-28T22:11:48+05:30,thermal_zone4,SEN2,42050,80050
2026-08-28T22:11:48+05:30,thermal_zone5,B0D4,48050,110050
2026-08-28T22:11:48+05:30,thermal_zone6,iwlwifi_1,56000,0
2026-08-28T22:11:48+05:30,thermal_zone7,x86_pkg_temp,66000,0
2026-08-28T22:11:50+05:30,thermal_zone0,acpitz,48000,128000
2026-08-28T22:11:50+05:30,thermal_zone1,pch_cannonlake,56000,120000
2026-08-28T22:11:50+05:30,thermal_zone2,INT3400 Thermal,20000,0
2026-08-28T22:11:50+05:30,thermal_zone3,SEN1,1050,103050
2026-08-28T22:11:50+05:30,thermal_zone4,SEN2,42050,80050
2026-08-28T22:11:50+05:30,thermal_zone5,B0D4,48050,110050
2026-08-28T22:11:50+05:30,thermal_zone6,iwlwifi_1,56000,0
2026-08-28T22:11:50+05:30,thermal_zone7,x86_pkg_temp,66000,0
2026-08-28T22:11:51+05:30,thermal_zone0,acpitz,48000,128000
2026-08-28T22:11:51+05:30,thermal_zone1,pch_cannonlake,55000,120000
2026-08-28T22:11:51+05:30,thermal_zone2,INT3400 Thermal,20000,0
2026-08-28T22:11:51+05:30,thermal_zone3,SEN1,1050,103050
2026-08-28T22:11:51+05:30,thermal_zone4,SEN2,42050,80050
2026-08-28T22:11:51+05:30,thermal_zone5,B0D4,48050,110050
2026-08-28T22:11:51+05:30,thermal_zone6,iwlwifi_1,56000,0
2026-08-28T22:11:51+05:30,thermal_zone7,x86_pkg_temp,66000,0
2026-08-28T22:11:52+05:30,thermal_zone0,acpitz,48000,128000
2026-08-28T22:11:52+05:30,thermal_zone1,pch_cannonlake,55000,120000
2026-08-28T22:11:52+05:30,thermal_zone2,INT3400 Thermal,20000,0
2026-08-28T22:11:52+05:30,thermal_zone3,SEN1,1050,103050
2026-08-28T22:11:52+05:30,thermal_zone4,SEN2,42050,80050
2026-08-28T22:11:52+05:30,thermal_zone5,B0D4,48050,110050
2026-08-28T22:11:52+05:30,thermal_zone6,iwlwifi_1,56000,0
2026-08-28T22:11:52+05:30,thermal_zone7,x86_pkg_temp,67000,0
2026-08-28T22:11:53+05:30,thermal_zone0,acpitz,48000,128000
2026-08-28T22:11:53+05:30,thermal_zone1,pch_cannonlake,56000,120000
2026-08-28T22:11:53+05:30,thermal_zone2,INT3400 Thermal,20000,0
2026-08-28T22:11:53+05:30,thermal_zone3,SEN1,1050,103050
2026-08-28T22:11:53+05:30,thermal_zone4,SEN2,42050,80050
2026-08-28T22:11:53+05:30,thermal_zone5,B0D4,48050,110050
2026-08-28T22:11:53+05:30,thermal_zone6,iwlwifi_1,57000,0
2026-08-28T22:11:53+05:30,thermal_zone7,x86_pkg_temp,65000,0
2026-08-28T22:11:55+05:30,thermal_zone0,acpitz,48000,128000
2026-08-28T22:11:55+05:30,thermal_zone1,pch_cannonlake,55000,120000
2026-08-28T22:11:55+05:30,thermal_zone2,INT3400 Thermal,20000,0
2026-08-28T22:11:55+05:30,thermal_zone3,SEN1,1050,103050
2026-08-28T22:11:55+05:30,thermal_zone4,SEN2,42050,80050
2026-08-28T22:11:55+05:30,thermal_zone5,B0D4,48050,110050
2026-08-28T22:11:55+05:30,thermal_zone6,iwlwifi_1,56000,0
2026-08-28T22:11:55+05:30,thermal_zone7,x86_pkg_temp,65000,0
2026-08-28T22:11:56+05:30,thermal_zone0,acpitz,48000,128000
2026-08-28T22:11:56+05:30,thermal_zone1,pch_cannonlake,55000,120000
2026-08-28T22:11:56+05:30,thermal_zone2,INT3400 Thermal,20000,0
2026-08-28T22:11:56+05:30,thermal_zone3,SEN1,1050,103050
2026-08-28T22:11:56+05:30,thermal_zone4,SEN2,43050,80050
2026-08-28T22:11:56+05:30,thermal_zone5,B0D4,48050,110050
2026-08-28T22:11:56+05:30,thermal_zone6,iwlwifi_1,57000,0
2026-08-28T22:11:56+05:30,thermal_zone7,x86_pkg_temp,63000,0
2026-08-28T22:11:58+05:30,thermal_zone0,acpitz,48000,128000
2026-08-28T22:11:58+05:30,thermal_zone1,pch_cannonlake,55000,120000
2026-08-28T22:11:58+05:30,thermal_zone2,INT3400 Thermal,20000,0
2026-08-28T22:11:58+05:30,thermal_zone3,SEN1,1050,103050
2026-08-28T22:11:58+05:30,thermal_zone4,SEN2,43050,80050
2026-08-28T22:11:58+05:30,thermal_zone5,B0D4,48050,110050
2026-08-28T22:11:58+05:30,thermal_zone6,iwlwifi_1,56000,0
2026-08-28T22:11:58+05:30,thermal_zone7,x86_pkg_temp,63000,0
2026-08-28T22:11:59+05:30,thermal_zone0,acpitz,48000,128000
2026-08-28T22:11:59+05:30,thermal_zone1,pch_cannonlake,55000,120000
2026-08-28T22:11:59+05:30,thermal_zone2,INT3400 Thermal,20000,0
2026-08-28T22:11:59+05:30,thermal_zone3,SEN1,1050,103050
2026-08-28T22:11:59+05:30,thermal_zone4,SEN2,43050,80050
2026-08-28T22:11:59+05:30,thermal_zone5,B0D4,48050,110050
2026-08-28T22:11:59+05:30,thermal_zone6,iwlwifi_1,57000,0
2026-08-28T22:11:59+05:30,thermal_zone7,x86_pkg_temp,64000,0
2026-08-28T22:12:00+05:30,thermal_zone0,acpitz,48000,128000
2026-08-28T22:12:00+05:30,thermal_zone1,pch_cannonlake,56000,120000
2026-08-28T22:12:00+05:30,thermal_zone2,INT3400 Thermal,20000,0
2026-08-28T22:12:00+05:30,thermal_zone3,SEN1,1050,103050
2026-08-28T22:12:00+05:30,thermal_zone4,SEN2,43050,80050
2026-08-28T22:12:00+05:30,thermal_zone5,B0D4,48050,110050
2026-08-28T22:12:00+05:30,thermal_zone6,iwlwifi_1,56000,0
2026-08-28T22:12:00+05:30,thermal_zone7,x86_pkg_temp,64000,0
2026-08-28T22:12:01+05:30,thermal_zone0,acpitz,48000,128000
2026-08-28T22:12:01+05:30,thermal_zone1,pch_cannonlake,54000,120000
2026-08-28T22:12:01+05:30,thermal_zone2,INT3400 Thermal,20000,0
2026-08-28T22:12:01+05:30,thermal_zone3,SEN1,1050,103050
2026-08-28T22:12:01+05:30,thermal_zone4,SEN2,43050,80050
2026-08-28T22:12:01+05:30,thermal_zone5,B0D4,48050,110050
2026-08-28T22:12:01+05:30,thermal_zone6,iwlwifi_1,56000,0
2026-08-28T22:12:01+05:30,thermal_zone7,x86_pkg_temp,66000,0
2026-08-28T22:12:03+05:30,thermal_zone0,acpitz,48000,128000
2026-08-28T22:12:03+05:30,thermal_zone1,pch_cannonlake,55000,120000
2026-08-28T22:12:03+05:30,thermal_zone2,INT3400 Thermal,20000,0
2026-08-28T22:12:03+05:30,thermal_zone3,SEN1,1050,103050
2026-08-28T22:12:03+05:30,thermal_zone4,SEN2,43050,80050
2026-08-28T22:12:03+05:30,thermal_zone5,B0D4,48050,110050
2026-08-28T22:12:03+05:30,thermal_zone6,iwlwifi_1,56000,0
2026-08-28T22:12:03+05:30,thermal_zone7,x86_pkg_temp,66000,0
2026-08-28T22:12:04+05:30,thermal_zone0,acpitz,48000,128000
2026-08-28T22:12:04+05:30,thermal_zone1,pch_cannonlake,55000,120000
2026-08-28T22:12:04+05:30,thermal_zone2,INT3400 Thermal,20000,0
2026-08-28T22:12:04+05:30,thermal_zone3,SEN1,1050,103050
2026-08-28T22:12:04+05:30,thermal_zone4,SEN2,43050,80050
2026-08-28T22:12:04+05:30,thermal_zone5,B0D4,48050,110050
2026-08-28T22:12:04+05:30,thermal_zone6,iwlwifi_1,57000,0
2026-08-28T22:12:04+05:30,thermal_zone7,x86_pkg_temp,66000,0
2026-08-28T22:12:05+05:30,thermal_zone0,acpitz,48000,128000
2026-08-28T22:12:05+05:30,thermal_zone1,pch_cannonlake,55000,120000
2026-08-28T22:12:05+05:30,thermal_zone2,INT3400 Thermal,20000,0
2026-08-28T22:12:05+05:30,thermal_zone3,SEN1,1050,103050
2026-08-28T22:12:05+05:30,thermal_zone4,SEN2,43050,80050
2026-08-28T22:12:05+05:30,thermal_zone5,B0D4,48050,110050
2026-08-28T22:12:05+05:30,thermal_zone6,iwlwifi_1,57000,0
2026-08-28T22:12:05+05:30,thermal_zone7,x86_pkg_temp,64000,0
2026-08-28T22:12:06+05:30,thermal_zone0,acpitz,48000,128000
2026-08-28T22:12:06+05:30,thermal_zone1,pch_cannonlake,54000,120000
2026-08-28T22:12:06+05:30,thermal_zone2,INT3400 Thermal,20000,0
2026-08-28T22:12:06+05:30,thermal_zone3,SEN1,1050,103050
2026-08-28T22:12:06+05:30,thermal_zone4,SEN2,43050,80050
2026-08-28T22:12:06+05:30,thermal_zone5,B0D4,48050,110050
2026-08-28T22:12:06+05:30,thermal_zone6,iwlwifi_1,56000,0
2026-08-28T22:12:06+05:30,thermal_zone7,x86_pkg_temp,67000,0
2026-08-28T22:12:08+05:30,thermal_zone0,acpitz,48000,128000
2026-08-28T22:12:08+05:30,thermal_zone1,pch_cannonlake,53000,120000
2026-08-28T22:12:08+05:30,thermal_zone2,INT3400 Thermal,20000,0
2026-08-28T22:12:08+05:30,thermal_zone3,SEN1,1050,103050
2026-08-28T22:12:08+05:30,thermal_zone4,SEN2,43050,80050
2026-08-28T22:12:08+05:30,thermal_zone5,B0D4,48050,110050
2026-08-28T22:12:08+05:30,thermal_zone6,iwlwifi_1,56000,0
2026-08-28T22:12:08+05:30,thermal_zone7,x86_pkg_temp,66000,0
2026-08-28T22:12:09+05:30,thermal_zone0,acpitz,48000,128000
2026-08-28T22:12:09+05:30,thermal_zone1,pch_cannonlake,55000,120000
2026-08-28T22:12:09+05:30,thermal_zone2,INT3400 Thermal,20000,0
2026-08-28T22:12:09+05:30,thermal_zone3,SEN1,1050,103050
2026-08-28T22:12:09+05:30,thermal_zone4,SEN2,43050,80050
2026-08-28T22:12:09+05:30,thermal_zone5,B0D4,48050,110050
2026-08-28T22:12:09+05:30,thermal_zone6,iwlwifi_1,56000,0
2026-08-28T22:12:09+05:30,thermal_zone7,x86_pkg_temp,64000,0
2026-08-28T22:12:10+05:30,thermal_zone0,acpitz,48000,128000
2026-08-28T22:12:10+05:30,thermal_zone1,pch_cannonlake,55000,120000
2026-08-28T22:12:10+05:30,thermal_zone2,INT3400 Thermal,20000,0
2026-08-28T22:12:10+05:30,thermal_zone3,SEN1,1050,103050
2026-08-28T22:12:10+05:30,thermal_zone4,SEN2,42050,80050
2026-08-28T22:12:10+05:30,thermal_zone5,B0D4,48050,110050
2026-08-28T22:12:10+05:30,thermal_zone6,iwlwifi_1,56000,0
2026-08-28T22:12:10+05:30,thermal_zone7,x86_pkg_temp,66000,0
2026-08-28T22:12:11+05:30,thermal_zone0,acpitz,48000,128000
2026-08-28T22:12:11+05:30,thermal_zone1,pch_cannonlake,55000,120000
2026-08-28T22:12:11+05:30,thermal_zone2,INT3400 Thermal,20000,0
2026-08-28T22:12:11+05:30,thermal_zone3,SEN1,1050,103050
2026-08-28T22:12:11+05:30,thermal_zone4,SEN2,42050,80050
2026-08-28T22:12:11+05:30,thermal_zone5,B0D4,48050,110050
2026-08-28T22:12:11+05:30,thermal_zone6,iwlwifi_1,56000,0
2026-08-28T22:12:11+05:30,thermal_zone7,x86_pkg_temp,66000,0
2026-08-28T22:12:13+05:30,thermal_zone0,acpitz,48000,128000
2026-08-28T22:12:13+05:30,thermal_zone1,pch_cannonlake,55000,120000
2026-08-28T22:12:13+05:30,thermal_zone2,INT3400 Thermal,20000,0
2026-08-28T22:12:13+05:30,thermal_zone3,SEN1,1050,103050
2026-08-28T22:12:13+05:30,thermal_zone4,SEN2,42050,80050
2026-08-28T22:12:13+05:30,thermal_zone5,B0D4,48050,110050
2026-08-28T22:12:13+05:30,thermal_zone6,iwlwifi_1,56000,0
2026-08-28T22:12:13+05:30,thermal_zone7,x86_pkg_temp,65000,0
2026-08-28T22:12:14+05:30,thermal_zone0,acpitz,48000,128000
2026-08-28T22:12:14+05:30,thermal_zone1,pch_cannonlake,55000,120000
2026-08-28T22:12:14+05:30,thermal_zone2,INT3400 Thermal,20000,0
2026-08-28T22:12:14+05:30,thermal_zone3,SEN1,1050,103050
2026-08-28T22:12:14+05:30,thermal_zone4,SEN2,42050,80050
2026-08-28T22:12:14+05:30,thermal_zone5,B0D4,48050,110050
2026-08-28T22:12:14+05:30,thermal_zone6,iwlwifi_1,56000,0
2026-08-28T22:12:14+05:30,thermal_zone7,x86_pkg_temp,66000,0
2026-08-28T22:12:15+05:30,thermal_zone0,acpitz,48000,128000
2026-08-28T22:12:15+05:30,thermal_zone1,pch_cannonlake,54000,120000
2026-08-28T22:12:15+05:30,thermal_zone2,INT3400 Thermal,20000,0
2026-08-28T22:12:15+05:30,thermal_zone3,SEN1,1050,103050
2026-08-28T22:12:15+05:30,thermal_zone4,SEN2,42050,80050
2026-08-28T22:12:15+05:30,thermal_zone5,B0D4,48050,110050
2026-08-28T22:12:15+05:30,thermal_zone6,iwlwifi_1,57000,0
2026-08-28T22:12:15+05:30,thermal_zone7,x86_pkg_temp,65000,0
2026-08-28T22:12:16+05:30,thermal_zone0,acpitz,48000,128000
2026-08-28T22:12:16+05:30,thermal_zone1,pch_cannonlake,54000,120000
2026-08-28T22:12:16+05:30,thermal_zone2,INT3400 Thermal,20000,0
2026-08-28T22:12:16+05:30,thermal_zone3,SEN1,1050,103050
2026-08-28T22:12:16+05:30,thermal_zone4,SEN2,42050,80050
2026-08-28T22:12:16+05:30,thermal_zone5,B0D4,48050,110050
2026-08-28T22:12:16+05:30,thermal_zone6,iwlwifi_1,56000,0
2026-08-28T22:12:16+05:30,thermal_zone7,x86_pkg_temp,65000,0
2026-08-28T22:12:18+05:30,thermal_zone0,acpitz,48000,128000
2026-08-28T22:12:18+05:30,thermal_zone1,pch_cannonlake,55000,120000
2026-08-28T22:12:18+05:30,thermal_zone2,INT3400 Thermal,20000,0
2026-08-28T22:12:18+05:30,thermal_zone3,SEN1,1050,103050
2026-08-28T22:12:18+05:30,thermal_zone4,SEN2,42050,80050
2026-08-28T22:12:18+05:30,thermal_zone5,B0D4,48050,110050
2026-08-28T22:12:18+05:30,thermal_zone6,iwlwifi_1,56000,0
2026-08-28T22:12:18+05:30,thermal_zone7,x86_pkg_temp,65000,0
2026-08-28T22:12:19+05:30,thermal_zone0,acpitz,48000,128000
2026-08-28T22:12:19+05:30,thermal_zone1,pch_cannonlake,55000,120000
2026-08-28T22:12:19+05:30,thermal_zone2,INT3400 Thermal,20000,0
2026-08-28T22:12:19+05:30,thermal_zone3,SEN1,1050,103050
2026-08-28T22:12:19+05:30,thermal_zone4,SEN2,42050,80050
2026-08-28T22:12:19+05:30,thermal_zone5,B0D4,48050,110050
2026-08-28T22:12:19+05:30,thermal_zone6,iwlwifi_1,56000,0
2026-08-28T22:12:19+05:30,thermal_zone7,x86_pkg_temp,66000,0
2026-08-28T22:12:20+05:30,thermal_zone0,acpitz,48000,128000
2026-08-28T22:12:20+05:30,thermal_zone1,pch_cannonlake,54000,120000
2026-08-28T22:12:20+05:30,thermal_zone2,INT3400 Thermal,20000,0
2026-08-28T22:12:20+05:30,thermal_zone3,SEN1,1050,103050
2026-08-28T22:12:20+05:30,thermal_zone4,SEN2,42050,80050
2026-08-28T22:12:20+05:30,thermal_zone5,B0D4,48050,110050
2026-08-28T22:12:20+05:30,thermal_zone6,iwlwifi_1,56000,0
2026-08-28T22:12:20+05:30,thermal_zone7,x86_pkg_temp,66000,0
2026-08-28T22:12:21+05:30,thermal_zone0,acpitz,48000,128000
2026-08-28T22:12:21+05:30,thermal_zone1,pch_cannonlake,54000,120000
2026-08-28T22:12:21+05:30,thermal_zone2,INT3400 Thermal,20000,0
2026-08-28T22:12:21+05:30,thermal_zone3,SEN1,1050,103050
2026-08-28T22:12:21+05:30,thermal_zone4,SEN2,42050,80050
2026-08-28T22:12:21+05:30,thermal_zone5,B0D4,48050,110050
2026-08-28T22:12:21+05:30,thermal_zone6,iwlwifi_1,57000,0
2026-08-28T22:12:21+05:30,thermal_zone7,x86_pkg_temp,64000,0
2026-08-28T22:12:23+05:30,thermal_zone0,acpitz,48000,128000
2026-08-28T22:12:23+05:30,thermal_zone1,pch_cannonlake,55000,120000
2026-08-28T22:12:23+05:30,thermal_zone2,INT3400 Thermal,20000,0
2026-08-28T22:12:23+05:30,thermal_zone3,SEN1,1050,103050
2026-08-28T22:12:23+05:30,thermal_zone4,SEN2,42050,80050
2026-08-28T22:12:23+05:30,thermal_zone5,B0D4,48050,110050
2026-08-28T22:12:23+05:30,thermal_zone6,iwlwifi_1,56000,0
2026-08-28T22:12:23+05:30,thermal_zone7,x86_pkg_temp,65000,0
2026-08-28T22:12:24+05:30,thermal_zone0,acpitz,48000,128000
2026-08-28T22:12:24+05:30,thermal_zone1,pch_cannonlake,55000,120000
2026-08-28T22:12:24+05:30,thermal_zone2,INT3400 Thermal,20000,0
2026-08-28T22:12:24+05:30,thermal_zone3,SEN1,1050,103050
2026-08-28T22:12:24+05:30,thermal_zone4,SEN2,42050,80050
2026-08-28T22:12:24+05:30,thermal_zone5,B0D4,48050,110050
2026-08-28T22:12:24+05:30,thermal_zone6,iwlwifi_1,56000,0
2026-08-28T22:12:24+05:30,thermal_zone7,x86_pkg_temp,65000,0
2026-08-28T22:12:25+05:30,thermal_zone0,acpitz,48000,128000
2026-08-28T22:12:25+05:30,thermal_zone1,pch_cannonlake,55000,120000
2026-08-28T22:12:25+05:30,thermal_zone2,INT3400 Thermal,20000,0
2026-08-28T22:12:25+05:30,thermal_zone3,SEN1,1050,103050
2026-08-28T22:12:25+05:30,thermal_zone4,SEN2,42050,80050
2026-08-28T22:12:25+05:30,thermal_zone5,B0D4,48050,110050
2026-08-28T22:12:25+05:30,thermal_zone6,iwlwifi_1,56000,0
2026-08-28T22:12:25+05:30,thermal_zone7,x86_pkg_temp,65000,0
2026-08-28T22:12:27+05:30,thermal_zone0,acpitz,48000,128000
2026-08-28T22:12:27+05:30,thermal_zone1,pch_cannonlake,53000,120000
2026-08-28T22:12:27+05:30,thermal_zone2,INT3400 Thermal,20000,0
2026-08-28T22:12:27+05:30,thermal_zone3,SEN1,1050,103050
2026-08-28T22:12:27+05:30,thermal_zone4,SEN2,42050,80050
2026-08-28T22:12:27+05:30,thermal_zone5,B0D4,48050,110050
2026-08-28T22:12:27+05:30,thermal_zone6,iwlwifi_1,56000,0
2026-08-28T22:12:27+05:30,thermal_zone7,x86_pkg_temp,64000,0
2026-08-28T22:12:28+05:30,thermal_zone0,acpitz,48000,128000
2026-08-28T22:12:28+05:30,thermal_zone1,pch_cannonlake,54000,120000
2026-08-28T22:12:28+05:30,thermal_zone2,INT3400 Thermal,20000,0
2026-08-28T22:12:28+05:30,thermal_zone3,SEN1,1050,103050
2026-08-28T22:12:28+05:30,thermal_zone4,SEN2,42050,80050
2026-08-28T22:12:28+05:30,thermal_zone5,B0D4,48050,110050
2026-08-28T22:12:28+05:30,thermal_zone6,iwlwifi_1,58000,0
2026-08-28T22:12:28+05:30,thermal_zone7,x86_pkg_temp,66000,0
2026-08-28T22:12:29+05:30,thermal_zone0,acpitz,48000,128000
2026-08-28T22:12:29+05:30,thermal_zone1,pch_cannonlake,55000,120000
2026-08-28T22:12:29+05:30,thermal_zone2,INT3400 Thermal,20000,0
2026-08-28T22:12:29+05:30,thermal_zone3,SEN1,1050,103050
2026-08-28T22:12:29+05:30,thermal_zone4,SEN2,42050,80050
2026-08-28T22:12:29+05:30,thermal_zone5,B0D4,48050,110050
2026-08-28T22:12:29+05:30,thermal_zone6,iwlwifi_1,57000,0
2026-08-28T22:12:29+05:30,thermal_zone7,x86_pkg_temp,66000,0
2026-08-28T22:12:30+05:30,thermal_zone0,acpitz,48000,128000
2026-08-28T22:12:30+05:30,thermal_zone1,pch_cannonlake,55000,120000
2026-08-28T22:12:30+05:30,thermal_zone2,INT3400 Thermal,20000,0
2026-08-28T22:12:30+05:30,thermal_zone3,SEN1,1050,103050
2026-08-28T22:12:30+05:30,thermal_zone4,SEN2,42050,80050
2026-08-28T22:12:30+05:30,thermal_zone5,B0D4,48050,110050
2026-08-28T22:12:30+05:30,thermal_zone6,iwlwifi_1,56000,0
2026-08-28T22:12:30+05:30,thermal_zone7,x86_pkg_temp,66000,0
2026-08-28T22:12:32+05:30,thermal_zone0,acpitz,48000,128000
2026-08-28T22:12:32+05:30,thermal_zone1,pch_cannonlake,55000,120000
2026-08-28T22:12:32+05:30,thermal_zone2,INT3400 Thermal,20000,0
2026-08-28T22:12:32+05:30,thermal_zone3,SEN1,1050,103050
2026-08-28T22:12:32+05:30,thermal_zone4,SEN2,42050,80050
2026-08-28T22:12:32+05:30,thermal_zone5,B0D4,48050,110050
2026-08-28T22:12:32+05:30,thermal_zone6,iwlwifi_1,56000,0
2026-08-28T22:12:32+05:30,thermal_zone7,x86_pkg_temp,64000,0
2026-08-28T22:12:33+05:30,thermal_zone0,acpitz,48000,128000
2026-08-28T22:12:33+05:30,thermal_zone1,pch_cannonlake,55000,120000
2026-08-28T22:12:33+05:30,thermal_zone2,INT3400 Thermal,20000,0
2026-08-28T22:12:33+05:30,thermal_zone3,SEN1,1050,103050
2026-08-28T22:12:33+05:30,thermal_zone4,SEN2,42050,80050
2026-08-28T22:12:33+05:30,thermal_zone5,B0D4,48050,110050
2026-08-28T22:12:33+05:30,thermal_zone6,iwlwifi_1,57000,0
2026-08-28T22:12:33+05:30,thermal_zone7,x86_pkg_temp,64000,0
2026-08-28T22:12:34+05:30,thermal_zone0,acpitz,48000,128000
2026-08-28T22:12:34+05:30,thermal_zone1,pch_cannonlake,54000,120000
2026-08-28T22:12:34+05:30,thermal_zone2,INT3400 Thermal,20000,0
2026-08-28T22:12:34+05:30,thermal_zone3,SEN1,1050,103050
2026-08-28T22:12:34+05:30,thermal_zone4,SEN2,42050,80050
2026-08-28T22:12:34+05:30,thermal_zone5,B0D4,48050,110050
2026-08-28T22:12:34+05:30,thermal_zone6,iwlwifi_1,56000,0
2026-08-28T22:12:34+05:30,thermal_zone7,x86_pkg_temp,66000,0
2026-08-28T22:12:35+05:30,thermal_zone0,acpitz,48000,128000
2026-08-28T22:12:35+05:30,thermal_zone1,pch_cannonlake,54000,120000
2026-08-28T22:12:35+05:30,thermal_zone2,INT3400 Thermal,20000,0
2026-08-28T22:12:35+05:30,thermal_zone3,SEN1,1050,103050
2026-08-28T22:12:35+05:30,thermal_zone4,SEN2,42050,80050
2026-08-28T22:12:35+05:30,thermal_zone5,B0D4,48050,110050
2026-08-28T22:12:35+05:30,thermal_zone6,iwlwifi_1,56000,0
2026-08-28T22:12:35+05:30,thermal_zone7,x86_pkg_temp,66000,0
2026-08-28T22:12:37+05:30,thermal_zone0,acpitz,48000,128000
2026-08-28T22:12:37+05:30,thermal_zone1,pch_cannonlake,53000,120000
2026-08-28T22:12:37+05:30,thermal_zone2,INT3400 Thermal,20000,0
2026-08-28T22:12:37+05:30,thermal_zone3,SEN1,1050,103050
2026-08-28T22:12:37+05:30,thermal_zone4,SEN2,42050,80050
2026-08-28T22:12:37+05:30,thermal_zone5,B0D4,48050,110050
2026-08-28T22:12:37+05:30,thermal_zone6,iwlwifi_1,56000,0
2026-08-28T22:12:37+05:30,thermal_zone7,x86_pkg_temp,66000,0
2026-08-28T22:12:38+05:30,thermal_zone0,acpitz,48000,128000
2026-08-28T22:12:38+05:30,thermal_zone1,pch_cannonlake,55000,120000
2026-08-28T22:12:38+05:30,thermal_zone2,INT3400 Thermal,20000,0
2026-08-28T22:12:38+05:30,thermal_zone3,SEN1,1050,103050
2026-08-28T22:12:38+05:30,thermal_zone4,SEN2,42050,80050
2026-08-28T22:12:38+05:30,thermal_zone5,B0D4,48050,110050
2026-08-28T22:12:38+05:30,thermal_zone6,iwlwifi_1,59000,0
2026-08-28T22:12:38+05:30,thermal_zone7,x86_pkg_temp,66000,0
2026-08-28T22:12:39+05:30,thermal_zone0,acpitz,48000,128000
2026-08-28T22:12:39+05:30,thermal_zone1,pch_cannonlake,55000,120000
2026-08-28T22:12:39+05:30,thermal_zone2,INT3400 Thermal,20000,0
2026-08-28T22:12:39+05:30,thermal_zone3,SEN1,1050,103050
2026-08-28T22:12:39+05:30,thermal_zone4,SEN2,42050,80050
2026-08-28T22:12:39+05:30,thermal_zone5,B0D4,48050,110050
2026-08-28T22:12:39+05:30,thermal_zone6,iwlwifi_1,57000,0
2026-08-28T22:12:39+05:30,thermal_zone7,x86_pkg_temp,64000,0
2026-08-28T22:12:40+05:30,thermal_zone0,acpitz,48000,128000
2026-08-28T22:12:40+05:30,thermal_zone1,pch_cannonlake,55000,120000
2026-08-28T22:12:40+05:30,thermal_zone2,INT3400 Thermal,20000,0
2026-08-28T22:12:40+05:30,thermal_zone3,SEN1,1050,103050
2026-08-28T22:12:40+05:30,thermal_zone4,SEN2,42050,80050
2026-08-28T22:12:40+05:30,thermal_zone5,B0D4,48050,110050
2026-08-28T22:12:40+05:30,thermal_zone6,iwlwifi_1,57000,0
2026-08-28T22:12:40+05:30,thermal_zone7,x86_pkg_temp,64000,0
2026-08-28T22:12:42+05:30,thermal_zone0,acpitz,48000,128000
2026-08-28T22:12:42+05:30,thermal_zone1,pch_cannonlake,53000,120000
2026-08-28T22:12:42+05:30,thermal_zone2,INT3400 Thermal,20000,0
2026-08-28T22:12:42+05:30,thermal_zone3,SEN1,1050,103050
2026-08-28T22:12:42+05:30,thermal_zone4,SEN2,42050,80050
2026-08-28T22:12:42+05:30,thermal_zone5,B0D4,48050,110050
2026-08-28T22:12:42+05:30,thermal_zone6,iwlwifi_1,58000,0
2026-08-28T22:12:42+05:30,thermal_zone7,x86_pkg_temp,64000,0
2026-08-28T22:12:43+05:30,thermal_zone0,acpitz,48000,128000
2026-08-28T22:12:43+05:30,thermal_zone1,pch_cannonlake,55000,120000
2026-08-28T22:12:43+05:30,thermal_zone2,INT3400 Thermal,20000,0
2026-08-28T22:12:43+05:30,thermal_zone3,SEN1,1050,103050
2026-08-28T22:12:43+05:30,thermal_zone4,SEN2,42050,80050
2026-08-28T22:12:43+05:30,thermal_zone5,B0D4,48050,110050
2026-08-28T22:12:43+05:30,thermal_zone6,iwlwifi_1,57000,0
2026-08-28T22:12:43+05:30,thermal_zone7,x86_pkg_temp,65000,0
2026-08-28T22:12:44+05:30,thermal_zone0,acpitz,48000,128000
2026-08-28T22:12:44+05:30,thermal_zone1,pch_cannonlake,55000,120000
2026-08-28T22:12:44+05:30,thermal_zone2,INT3400 Thermal,20000,0
2026-08-28T22:12:44+05:30,thermal_zone3,SEN1,1050,103050
2026-08-28T22:12:44+05:30,thermal_zone4,SEN2,42050,80050
2026-08-28T22:12:44+05:30,thermal_zone5,B0D4,48050,110050
2026-08-28T22:12:44+05:30,thermal_zone6,iwlwifi_1,57000,0
2026-08-28T22:12:44+05:30,thermal_zone7,x86_pkg_temp,66000,0
2026-08-28T22:12:45+05:30,thermal_zone0,acpitz,48000,128000
2026-08-28T22:12:45+05:30,thermal_zone1,pch_cannonlake,54000,120000
2026-08-28T22:12:45+05:30,thermal_zone2,INT3400 Thermal,20000,0
2026-08-28T22:12:45+05:30,thermal_zone3,SEN1,1050,103050
2026-08-28T22:12:45+05:30,thermal_zone4,SEN2,42050,80050
2026-08-28T22:12:45+05:30,thermal_zone5,B0D4,48050,110050
2026-08-28T22:12:45+05:30,thermal_zone6,iwlwifi_1,56000,0
2026-08-28T22:12:45+05:30,thermal_zone7,x86_pkg_temp,64000,0
2026-08-28T22:12:47+05:30,thermal_zone0,acpitz,48000,128000
2026-08-28T22:12:47+05:30,thermal_zone1,pch_cannonlake,55000,120000
2026-08-28T22:12:47+05:30,thermal_zone2,INT3400 Thermal,20000,0
2026-08-28T22:12:47+05:30,thermal_zone3,SEN1,1050,103050
2026-08-28T22:12:47+05:30,thermal_zone4,SEN2,42050,80050
2026-08-28T22:12:47+05:30,thermal_zone5,B0D4,48050,110050
2026-08-28T22:12:47+05:30,thermal_zone6,iwlwifi_1,56000,0
2026-08-28T22:12:47+05:30,thermal_zone7,x86_pkg_temp,66000,0
2026-08-28T22:12:48+05:30,thermal_zone0,acpitz,48000,128000
2026-08-28T22:12:48+05:30,thermal_zone1,pch_cannonlake,55000,120000
2026-08-28T22:12:48+05:30,thermal_zone2,INT3400 Thermal,20000,0
2026-08-28T22:12:48+05:30,thermal_zone3,SEN1,1050,103050
2026-08-28T22:12:48+05:30,thermal_zone4,SEN2,42050,80050
2026-08-28T22:12:48+05:30,thermal_zone5,B0D4,48050,110050
2026-08-28T22:12:48+05:30,thermal_zone6,iwlwifi_1,57000,0
2026-08-28T22:12:48+05:30,thermal_zone7,x86_pkg_temp,65000,0
2026-08-28T22:12:49+05:30,thermal_zone0,acpitz,48000,128000
2026-08-28T22:12:49+05:30,thermal_zone1,pch_cannonlake,55000,120000
2026-08-28T22:12:49+05:30,thermal_zone2,INT3400 Thermal,20000,0
2026-08-28T22:12:49+05:30,thermal_zone3,SEN1,1050,103050
2026-08-28T22:12:49+05:30,thermal_zone4,SEN2,42050,80050
2026-08-28T22:12:49+05:30,thermal_zone5,B0D4,48050,110050
2026-08-28T22:12:49+05:30,thermal_zone6,iwlwifi_1,56000,0
2026-08-28T22:12:49+05:30,thermal_zone7,x86_pkg_temp,66000,0
2026-08-28T22:12:50+05:30,thermal_zone0,acpitz,48000,128000
2026-08-28T22:12:50+05:30,thermal_zone1,pch_cannonlake,55000,120000
2026-08-28T22:12:50+05:30,thermal_zone2,INT3400 Thermal,20000,0
2026-08-28T22:12:50+05:30,thermal_zone3,SEN1,1050,103050
2026-08-28T22:12:50+05:30,thermal_zone4,SEN2,42050,80050
2026-08-28T22:12:50+05:30,thermal_zone5,B0D4,48050,110050
2026-08-28T22:12:50+05:30,thermal_zone6,iwlwifi_1,56000,0
2026-08-28T22:12:50+05:30,thermal_zone7,x86_pkg_temp,66000,0
2026-08-28T22:12:52+05:30,thermal_zone0,acpitz,48000,128000
2026-08-28T22:12:52+05:30,thermal_zone1,pch_cannonlake,55000,120000
2026-08-28T22:12:52+05:30,thermal_zone2,INT3400 Thermal,20000,0
2026-08-28T22:12:52+05:30,thermal_zone3,SEN1,1050,103050
2026-08-28T22:12:52+05:30,thermal_zone4,SEN2,42050,80050
2026-08-28T22:12:52+05:30,thermal_zone5,B0D4,48050,110050
2026-08-28T22:12:52+05:30,thermal_zone6,iwlwifi_1,57000,0
2026-08-28T22:12:52+05:30,thermal_zone7,x86_pkg_temp,66000,0
2026-08-28T22:12:53+05:30,thermal_zone0,acpitz,48000,128000
2026-08-28T22:12:53+05:30,thermal_zone1,pch_cannonlake,55000,120000
2026-08-28T22:12:53+05:30,thermal_zone2,INT3400 Thermal,20000,0
2026-08-28T22:12:53+05:30,thermal_zone3,SEN1,1050,103050
2026-08-28T22:12:53+05:30,thermal_zone4,SEN2,42050,80050
2026-08-28T22:12:53+05:30,thermal_zone5,B0D4,48050,110050
2026-08-28T22:12:53+05:30,thermal_zone6,iwlwifi_1,56000,0
2026-08-28T22:12:53+05:30,thermal_zone7,x86_pkg_temp,65000,0
2026-08-28T22:12:54+05:30,thermal_zone0,acpitz,48000,128000
2026-08-28T22:12:54+05:30,thermal_zone1,pch_cannonlake,55000,120000
2026-08-28T22:12:54+05:30,thermal_zone2,INT3400 Thermal,20000,0
2026-08-28T22:12:54+05:30,thermal_zone3,SEN1,1050,103050
2026-08-28T22:12:54+05:30,thermal_zone4,SEN2,42050,80050
2026-08-28T22:12:54+05:30,thermal_zone5,B0D4,48050,110050
2026-08-28T22:12:54+05:30,thermal_zone6,iwlwifi_1,57000,0
2026-08-28T22:12:54+05:30,thermal_zone7,x86_pkg_temp,66000,0
2026-08-28T22:12:55+05:30,thermal_zone0,acpitz,48000,128000
2026-08-28T22:12:55+05:30,thermal_zone1,pch_cannonlake,55000,120000
2026-08-28T22:12:55+05:30,thermal_zone2,INT3400 Thermal,20000,0
2026-08-28T22:12:55+05:30,thermal_zone3,SEN1,1050,103050
2026-08-28T22:12:55+05:30,thermal_zone4,SEN2,42050,80050
2026-08-28T22:12:55+05:30,thermal_zone5,B0D4,48050,110050
2026-08-28T22:12:55+05:30,thermal_zone6,iwlwifi_1,56000,0
2026-08-28T22:12:55+05:30,thermal_zone7,x86_pkg_temp,64000,0
2026-08-28T22:12:57+05:30,thermal_zone0,acpitz,48000,128000
2026-08-28T22:12:57+05:30,thermal_zone1,pch_cannonlake,55000,120000
2026-08-28T22:12:57+05:30,thermal_zone2,INT3400 Thermal,20000,0
2026-08-28T22:12:57+05:30,thermal_zone3,SEN1,1050,103050
2026-08-28T22:12:57+05:30,thermal_zone4,SEN2,42050,80050
2026-08-28T22:12:57+05:30,thermal_zone5,B0D4,48050,110050
2026-08-28T22:12:57+05:30,thermal_zone6,iwlwifi_1,56000,0
2026-08-28T22:12:57+05:30,thermal_zone7,x86_pkg_temp,64000,0
2026-08-28T22:12:58+05:30,thermal_zone0,acpitz,48000,128000
2026-08-28T22:12:58+05:30,thermal_zone1,pch_cannonlake,55000,120000
2026-08-28T22:12:58+05:30,thermal_zone2,INT3400 Thermal,20000,0
2026-08-28T22:12:58+05:30,thermal_zone3,SEN1,1050,103050
2026-08-28T22:12:58+05:30,thermal_zone4,SEN2,42050,80050
2026-08-28T22:12:58+05:30,thermal_zone5,B0D4,48050,110050
2026-08-28T22:12:58+05:30,thermal_zone6,iwlwifi_1,56000,0
2026-08-28T22:12:58+05:30,thermal_zone7,x86_pkg_temp,66000,0
2026-08-28T22:12:59+05:30,thermal_zone0,acpitz,48000,128000
2026-08-28T22:12:59+05:30,thermal_zone1,pch_cannonlake,56000,120000
2026-08-28T22:12:59+05:30,thermal_zone2,INT3400 Thermal,20000,0
2026-08-28T22:12:59+05:30,thermal_zone3,SEN1,1050,103050
2026-08-28T22:12:59+05:30,thermal_zone4,SEN2,42050,80050
2026-08-28T22:12:59+05:30,thermal_zone5,B0D4,48050,110050
2026-08-28T22:12:59+05:30,thermal_zone6,iwlwifi_1,56000,0
2026-08-28T22:12:59+05:30,thermal_zone7,x86_pkg_temp,66000,0
2026-08-28T22:13:01+05:30,thermal_zone0,acpitz,48000,128000
2026-08-28T22:13:01+05:30,thermal_zone1,pch_cannonlake,56000,120000
2026-08-28T22:13:01+05:30,thermal_zone2,INT3400 Thermal,20000,0
2026-08-28T22:13:01+05:30,thermal_zone3,SEN1,1050,103050
2026-08-28T22:13:01+05:30,thermal_zone4,SEN2,42050,80050
2026-08-28T22:13:01+05:30,thermal_zone5,B0D4,48050,110050
2026-08-28T22:13:01+05:30,thermal_zone6,iwlwifi_1,56000,0
2026-08-28T22:13:01+05:30,thermal_zone7,x86_pkg_temp,66000,0
2026-08-28T22:13:02+05:30,thermal_zone0,acpitz,48000,128000
2026-08-28T22:13:02+05:30,thermal_zone1,pch_cannonlake,55000,120000
2026-08-28T22:13:02+05:30,thermal_zone2,INT3400 Thermal,20000,0
2026-08-28T22:13:02+05:30,thermal_zone3,SEN1,1050,103050
2026-08-28T22:13:02+05:30,thermal_zone4,SEN2,42050,80050
2026-08-28T22:13:02+05:30,thermal_zone5,B0D4,48050,110050
2026-08-28T22:13:02+05:30,thermal_zone6,iwlwifi_1,56000,0
2026-08-28T22:13:02+05:30,thermal_zone7,x86_pkg_temp,66000,0
2026-08-28T22:13:03+05:30,thermal_zone0,acpitz,48000,128000
2026-08-28T22:13:03+05:30,thermal_zone1,pch_cannonlake,54000,120000
2026-08-28T22:13:03+05:30,thermal_zone2,INT3400 Thermal,20000,0
2026-08-28T22:13:03+05:30,thermal_zone3,SEN1,1050,103050
2026-08-28T22:13:03+05:30,thermal_zone4,SEN2,42050,80050
2026-08-28T22:13:03+05:30,thermal_zone5,B0D4,48050,110050
2026-08-28T22:13:03+05:30,thermal_zone6,iwlwifi_1,56000,0
2026-08-28T22:13:03+05:30,thermal_zone7,x86_pkg_temp,64000,0
2026-08-28T22:13:04+05:30,thermal_zone0,acpitz,48000,128000
2026-08-28T22:13:04+05:30,thermal_zone1,pch_cannonlake,55000,120000
2026-08-28T22:13:04+05:30,thermal_zone2,INT3400 Thermal,20000,0
2026-08-28T22:13:04+05:30,thermal_zone3,SEN1,1050,103050
2026-08-28T22:13:04+05:30,thermal_zone4,SEN2,42050,80050
2026-08-28T22:13:04+05:30,thermal_zone5,B0D4,48050,110050
2026-08-28T22:13:04+05:30,thermal_zone6,iwlwifi_1,56000,0
2026-08-28T22:13:04+05:30,thermal_zone7,x86_pkg_temp,66000,0
2026-08-28T22:13:06+05:30,thermal_zone0,acpitz,48000,128000
2026-08-28T22:13:06+05:30,thermal_zone1,pch_cannonlake,55000,120000
2026-08-28T22:13:06+05:30,thermal_zone2,INT3400 Thermal,20000,0
2026-08-28T22:13:06+05:30,thermal_zone3,SEN1,1050,103050
2026-08-28T22:13:06+05:30,thermal_zone4,SEN2,42050,80050
2026-08-28T22:13:06+05:30,thermal_zone5,B0D4,48050,110050
2026-08-28T22:13:06+05:30,thermal_zone6,iwlwifi_1,56000,0
2026-08-28T22:13:06+05:30,thermal_zone7,x86_pkg_temp,65000,0
2026-08-28T22:13:07+05:30,thermal_zone0,acpitz,48000,128000
2026-08-28T22:13:07+05:30,thermal_zone1,pch_cannonlake,56000,120000
2026-08-28T22:13:07+05:30,thermal_zone2,INT3400 Thermal,20000,0
2026-08-28T22:13:07+05:30,thermal_zone3,SEN1,1050,103050
2026-08-28T22:13:07+05:30,thermal_zone4,SEN2,42050,80050
2026-08-28T22:13:07+05:30,thermal_zone5,B0D4,48050,110050
2026-08-28T22:13:07+05:30,thermal_zone6,iwlwifi_1,57000,0
2026-08-28T22:13:07+05:30,thermal_zone7,x86_pkg_temp,64000,0
2026-08-28T22:13:08+05:30,thermal_zone0,acpitz,48000,128000
2026-08-28T22:13:08+05:30,thermal_zone1,pch_cannonlake,54000,120000
2026-08-28T22:13:08+05:30,thermal_zone2,INT3400 Thermal,20000,0
2026-08-28T22:13:08+05:30,thermal_zone3,SEN1,1050,103050
2026-08-28T22:13:08+05:30,thermal_zone4,SEN2,42050,80050
2026-08-28T22:13:08+05:30,thermal_zone5,B0D4,48050,110050
2026-08-28T22:13:08+05:30,thermal_zone6,iwlwifi_1,57000,0
2026-08-28T22:13:08+05:30,thermal_zone7,x86_pkg_temp,66000,0
2026-08-28T22:13:09+05:30,thermal_zone0,acpitz,48000,128000
2026-08-28T22:13:09+05:30,thermal_zone1,pch_cannonlake,54000,120000
2026-08-28T22:13:09+05:30,thermal_zone2,INT3400 Thermal,20000,0
2026-08-28T22:13:09+05:30,thermal_zone3,SEN1,1050,103050
2026-08-28T22:13:09+05:30,thermal_zone4,SEN2,42050,80050
2026-08-28T22:13:09+05:30,thermal_zone5,B0D4,48050,110050
2026-08-28T22:13:09+05:30,thermal_zone6,iwlwifi_1,56000,0
2026-08-28T22:13:09+05:30,thermal_zone7,x86_pkg_temp,66000,0
2026-08-28T22:13:11+05:30,thermal_zone0,acpitz,48000,128000
2026-08-28T22:13:11+05:30,thermal_zone1,pch_cannonlake,55000,120000
2026-08-28T22:13:11+05:30,thermal_zone2,INT3400 Thermal,20000,0
2026-08-28T22:13:11+05:30,thermal_zone3,SEN1,1050,103050
2026-08-28T22:13:11+05:30,thermal_zone4,SEN2,42050,80050
2026-08-28T22:13:11+05:30,thermal_zone5,B0D4,48050,110050
2026-08-28T22:13:11+05:30,thermal_zone6,iwlwifi_1,57000,0
2026-08-28T22:13:11+05:30,thermal_zone7,x86_pkg_temp,66000,0
2026-08-28T22:13:12+05:30,thermal_zone0,acpitz,48000,128000
2026-08-28T22:13:12+05:30,thermal_zone1,pch_cannonlake,55000,120000
2026-08-28T22:13:12+05:30,thermal_zone2,INT3400 Thermal,20000,0
2026-08-28T22:13:12+05:30,thermal_zone3,SEN1,1050,103050
2026-08-28T22:13:12+05:30,thermal_zone4,SEN2,42050,80050
2026-08-28T22:13:12+05:30,thermal_zone5,B0D4,48050,110050
2026-08-28T22:13:12+05:30,thermal_zone6,iwlwifi_1,57000,0
2026-08-28T22:13:12+05:30,thermal_zone7,x86_pkg_temp,63000,0
2026-08-28T22:13:13+05:30,thermal_zone0,acpitz,48000,128000
2026-08-28T22:13:13+05:30,thermal_zone1,pch_cannonlake,55000,120000
2026-08-28T22:13:13+05:30,thermal_zone2,INT3400 Thermal,20000,0
2026-08-28T22:13:13+05:30,thermal_zone3,SEN1,1050,103050
2026-08-28T22:13:13+05:30,thermal_zone4,SEN2,42050,80050
2026-08-28T22:13:13+05:30,thermal_zone5,B0D4,48050,110050
2026-08-28T22:13:13+05:30,thermal_zone6,iwlwifi_1,58000,0
2026-08-28T22:13:13+05:30,thermal_zone7,x86_pkg_temp,64000,0
2026-08-28T22:13:14+05:30,thermal_zone0,acpitz,48000,128000
2026-08-28T22:13:14+05:30,thermal_zone1,pch_cannonlake,55000,120000
2026-08-28T22:13:14+05:30,thermal_zone2,INT3400 Thermal,20000,0
2026-08-28T22:13:14+05:30,thermal_zone3,SEN1,1050,103050
2026-08-28T22:13:14+05:30,thermal_zone4,SEN2,42050,80050
2026-08-28T22:13:14+05:30,thermal_zone5,B0D4,48050,110050
2026-08-28T22:13:14+05:30,thermal_zone6,iwlwifi_1,57000,0
2026-08-28T22:13:14+05:30,thermal_zone7,x86_pkg_temp,66000,0
2026-08-28T22:13:16+05:30,thermal_zone0,acpitz,48000,128000
2026-08-28T22:13:16+05:30,thermal_zone1,pch_cannonlake,55000,120000
2026-08-28T22:13:16+05:30,thermal_zone2,INT3400 Thermal,20000,0
2026-08-28T22:13:16+05:30,thermal_zone3,SEN1,1050,103050
2026-08-28T22:13:16+05:30,thermal_zone4,SEN2,42050,80050
2026-08-28T22:13:16+05:30,thermal_zone5,B0D4,48050,110050
2026-08-28T22:13:16+05:30,thermal_zone6,iwlwifi_1,56000,0
2026-08-28T22:13:16+05:30,thermal_zone7,x86_pkg_temp,64000,0
2026-08-28T22:13:17+05:30,thermal_zone0,acpitz,48000,128000
2026-08-28T22:13:17+05:30,thermal_zone1,pch_cannonlake,55000,120000
2026-08-28T22:13:17+05:30,thermal_zone2,INT3400 Thermal,20000,0
2026-08-28T22:13:17+05:30,thermal_zone3,SEN1,1050,103050
2026-08-28T22:13:17+05:30,thermal_zone4,SEN2,42050,80050
2026-08-28T22:13:17+05:30,thermal_zone5,B0D4,48050,110050
2026-08-28T22:13:17+05:30,thermal_zone6,iwlwifi_1,56000,0
2026-08-28T22:13:17+05:30,thermal_zone7,x86_pkg_temp,64000,0
2026-08-28T22:13:18+05:30,thermal_zone0,acpitz,48000,128000
2026-08-28T22:13:18+05:30,thermal_zone1,pch_cannonlake,54000,120000
2026-08-28T22:13:18+05:30,thermal_zone2,INT3400 Thermal,20000,0
2026-08-28T22:13:18+05:30,thermal_zone3,SEN1,1050,103050
2026-08-28T22:13:18+05:30,thermal_zone4,SEN2,42050,80050
2026-08-28T22:13:18+05:30,thermal_zone5,B0D4,48050,110050
2026-08-28T22:13:18+05:30,thermal_zone6,iwlwifi_1,56000,0
2026-08-28T22:13:18+05:30,thermal_zone7,x86_pkg_temp,64000,0
2026-08-28T22:13:20+05:30,thermal_zone0,acpitz,48000,128000
2026-08-28T22:13:20+05:30,thermal_zone1,pch_cannonlake,55000,120000
2026-08-28T22:13:20+05:30,thermal_zone2,INT3400 Thermal,20000,0
2026-08-28T22:13:20+05:30,thermal_zone3,SEN1,1050,103050
2026-08-28T22:13:20+05:30,thermal_zone4,SEN2,42050,80050
2026-08-28T22:13:20+05:30,thermal_zone5,B0D4,48050,110050
2026-08-28T22:13:20+05:30,thermal_zone6,iwlwifi_1,56000,0
2026-08-28T22:13:20+05:30,thermal_zone7,x86_pkg_temp,65000,0
2026-08-28T22:13:21+05:30,thermal_zone0,acpitz,48000,128000
2026-08-28T22:13:21+05:30,thermal_zone1,pch_cannonlake,54000,120000
2026-08-28T22:13:21+05:30,thermal_zone2,INT3400 Thermal,20000,0
2026-08-28T22:13:21+05:30,thermal_zone3,SEN1,1050,103050
2026-08-28T22:13:21+05:30,thermal_zone4,SEN2,42050,80050
2026-08-28T22:13:21+05:30,thermal_zone5,B0D4,48050,110050
2026-08-28T22:13:21+05:30,thermal_zone6,iwlwifi_1,57000,0
2026-08-28T22:13:21+05:30,thermal_zone7,x86_pkg_temp,65000,0
2026-08-28T22:13:22+05:30,thermal_zone0,acpitz,48000,128000
2026-08-28T22:13:22+05:30,thermal_zone1,pch_cannonlake,54000,120000
2026-08-28T22:13:22+05:30,thermal_zone2,INT3400 Thermal,20000,0
2026-08-28T22:13:22+05:30,thermal_zone3,SEN1,1050,103050
2026-08-28T22:13:22+05:30,thermal_zone4,SEN2,42050,80050
2026-08-28T22:13:22+05:30,thermal_zone5,B0D4,48050,110050
2026-08-28T22:13:22+05:30,thermal_zone6,iwlwifi_1,56000,0
2026-08-28T22:13:22+05:30,thermal_zone7,x86_pkg_temp,66000,0
2026-08-28T22:13:23+05:30,thermal_zone0,acpitz,48000,128000
2026-08-28T22:13:23+05:30,thermal_zone1,pch_cannonlake,55000,120000
2026-08-28T22:13:23+05:30,thermal_zone2,INT3400 Thermal,20000,0
2026-08-28T22:13:23+05:30,thermal_zone3,SEN1,1050,103050
2026-08-28T22:13:23+05:30,thermal_zone4,SEN2,42050,80050
2026-08-28T22:13:23+05:30,thermal_zone5,B0D4,48050,110050
2026-08-28T22:13:23+05:30,thermal_zone6,iwlwifi_1,56000,0
2026-08-28T22:13:23+05:30,thermal_zone7,x86_pkg_temp,65000,0
2026-08-28T22:13:25+05:30,thermal_zone0,acpitz,48000,128000
2026-08-28T22:13:25+05:30,thermal_zone1,pch_cannonlake,56000,120000
2026-08-28T22:13:25+05:30,thermal_zone2,INT3400 Thermal,20000,0
2026-08-28T22:13:25+05:30,thermal_zone3,SEN1,1050,103050
2026-08-28T22:13:25+05:30,thermal_zone4,SEN2,42050,80050
2026-08-28T22:13:25+05:30,thermal_zone5,B0D4,48050,110050
2026-08-28T22:13:25+05:30,thermal_zone6,iwlwifi_1,57000,0
2026-08-28T22:13:25+05:30,thermal_zone7,x86_pkg_temp,65000,0
2026-08-28T22:13:26+05:30,thermal_zone0,acpitz,48000,128000
2026-08-28T22:13:26+05:30,thermal_zone1,pch_cannonlake,54000,120000
2026-08-28T22:13:26+05:30,thermal_zone2,INT3400 Thermal,20000,0
2026-08-28T22:13:26+05:30,thermal_zone3,SEN1,1050,103050
2026-08-28T22:13:26+05:30,thermal_zone4,SEN2,42050,80050
2026-08-28T22:13:26+05:30,thermal_zone5,B0D4,48050,110050
2026-08-28T22:13:26+05:30,thermal_zone6,iwlwifi_1,56000,0
2026-08-28T22:13:26+05:30,thermal_zone7,x86_pkg_temp,66000,0
2026-08-28T22:13:27+05:30,thermal_zone0,acpitz,48000,128000
2026-08-28T22:13:27+05:30,thermal_zone1,pch_cannonlake,53000,120000
2026-08-28T22:13:27+05:30,thermal_zone2,INT3400 Thermal,20000,0
2026-08-28T22:13:27+05:30,thermal_zone3,SEN1,1050,103050
2026-08-28T22:13:27+05:30,thermal_zone4,SEN2,42050,80050
2026-08-28T22:13:27+05:30,thermal_zone5,B0D4,48050,110050
2026-08-28T22:13:27+05:30,thermal_zone6,iwlwifi_1,56000,0
2026-08-28T22:13:27+05:30,thermal_zone7,x86_pkg_temp,63000,0
2026-08-28T22:13:28+05:30,thermal_zone0,acpitz,48000,128000
2026-08-28T22:13:28+05:30,thermal_zone1,pch_cannonlake,55000,120000
2026-08-28T22:13:28+05:30,thermal_zone2,INT3400 Thermal,20000,0
2026-08-28T22:13:28+05:30,thermal_zone3,SEN1,1050,103050
2026-08-28T22:13:28+05:30,thermal_zone4,SEN2,42050,80050
2026-08-28T22:13:28+05:30,thermal_zone5,B0D4,48050,110050
2026-08-28T22:13:28+05:30,thermal_zone6,iwlwifi_1,56000,0
2026-08-28T22:13:28+05:30,thermal_zone7,x86_pkg_temp,65000,0
2026-08-28T22:13:30+05:30,thermal_zone0,acpitz,48000,128000
2026-08-28T22:13:30+05:30,thermal_zone1,pch_cannonlake,55000,120000
2026-08-28T22:13:30+05:30,thermal_zone2,INT3400 Thermal,20000,0
2026-08-28T22:13:30+05:30,thermal_zone3,SEN1,1050,103050
2026-08-28T22:13:30+05:30,thermal_zone4,SEN2,42050,80050
2026-08-28T22:13:30+05:30,thermal_zone5,B0D4,48050,110050
2026-08-28T22:13:30+05:30,thermal_zone6,iwlwifi_1,56000,0
2026-08-28T22:13:30+05:30,thermal_zone7,x86_pkg_temp,65000,0
2026-08-28T22:13:31+05:30,thermal_zone0,acpitz,48000,128000
2026-08-28T22:13:31+05:30,thermal_zone1,pch_cannonlake,56000,120000
2026-08-28T22:13:31+05:30,thermal_zone2,INT3400 Thermal,20000,0
2026-08-28T22:13:31+05:30,thermal_zone3,SEN1,1050,103050
2026-08-28T22:13:31+05:30,thermal_zone4,SEN2,42050,80050
2026-08-28T22:13:31+05:30,thermal_zone5,B0D4,48050,110050
2026-08-28T22:13:31+05:30,thermal_zone6,iwlwifi_1,55000,0
2026-08-28T22:13:31+05:30,thermal_zone7,x86_pkg_temp,65000,0
2026-08-28T22:13:32+05:30,thermal_zone0,acpitz,48000,128000
2026-08-28T22:13:32+05:30,thermal_zone1,pch_cannonlake,55000,120000
2026-08-28T22:13:32+05:30,thermal_zone2,INT3400 Thermal,20000,0
2026-08-28T22:13:32+05:30,thermal_zone3,SEN1,1050,103050
2026-08-28T22:13:32+05:30,thermal_zone4,SEN2,42050,80050
2026-08-28T22:13:32+05:30,thermal_zone5,B0D4,48050,110050
2026-08-28T22:13:32+05:30,thermal_zone6,iwlwifi_1,56000,0
2026-08-28T22:13:32+05:30,thermal_zone7,x86_pkg_temp,66000,0
2026-08-28T22:13:33+05:30,thermal_zone0,acpitz,48000,128000
2026-08-28T22:13:33+05:30,thermal_zone1,pch_cannonlake,55000,120000
2026-08-28T22:13:33+05:30,thermal_zone2,INT3400 Thermal,20000,0
2026-08-28T22:13:33+05:30,thermal_zone3,SEN1,1050,103050
2026-08-28T22:13:33+05:30,thermal_zone4,SEN2,42050,80050
2026-08-28T22:13:33+05:30,thermal_zone5,B0D4,48050,110050
2026-08-28T22:13:33+05:30,thermal_zone6,iwlwifi_1,56000,0
2026-08-28T22:13:33+05:30,thermal_zone7,x86_pkg_temp,65000,0
2026-08-28T22:13:35+05:30,thermal_zone0,acpitz,48000,128000
2026-08-28T22:13:35+05:30,thermal_zone1,pch_cannonlake,55000,120000
2026-08-28T22:13:35+05:30,thermal_zone2,INT3400 Thermal,20000,0
2026-08-28T22:13:35+05:30,thermal_zone3,SEN1,1050,103050
2026-08-28T22:13:35+05:30,thermal_zone4,SEN2,42050,80050
2026-08-28T22:13:35+05:30,thermal_zone5,B0D4,48050,110050
2026-08-28T22:13:35+05:30,thermal_zone6,iwlwifi_1,57000,0
2026-08-28T22:13:35+05:30,thermal_zone7,x86_pkg_temp,64000,0
2026-08-28T22:13:36+05:30,thermal_zone0,acpitz,48000,128000
2026-08-28T22:13:36+05:30,thermal_zone1,pch_cannonlake,56000,120000
2026-08-28T22:13:36+05:30,thermal_zone2,INT3400 Thermal,20000,0
2026-08-28T22:13:36+05:30,thermal_zone3,SEN1,1050,103050
2026-08-28T22:13:36+05:30,thermal_zone4,SEN2,42050,80050
2026-08-28T22:13:36+05:30,thermal_zone5,B0D4,48050,110050
2026-08-28T22:13:36+05:30,thermal_zone6,iwlwifi_1,56000,0
2026-08-28T22:13:36+05:30,thermal_zone7,x86_pkg_temp,65000,0
2026-08-28T22:13:37+05:30,thermal_zone0,acpitz,48000,128000
2026-08-28T22:13:37+05:30,thermal_zone1,pch_cannonlake,55000,120000
2026-08-28T22:13:37+05:30,thermal_zone2,INT3400 Thermal,20000,0
2026-08-28T22:13:37+05:30,thermal_zone3,SEN1,1050,103050
2026-08-28T22:13:37+05:30,thermal_zone4,SEN2,42050,80050
2026-08-28T22:13:37+05:30,thermal_zone5,B0D4,48050,110050
2026-08-28T22:13:37+05:30,thermal_zone6,iwlwifi_1,57000,0
2026-08-28T22:13:37+05:30,thermal_zone7,x86_pkg_temp,65000,0
2026-08-28T22:13:38+05:30,thermal_zone0,acpitz,48000,128000
2026-08-28T22:13:38+05:30,thermal_zone1,pch_cannonlake,55000,120000
2026-08-28T22:13:38+05:30,thermal_zone2,INT3400 Thermal,20000,0
2026-08-28T22:13:38+05:30,thermal_zone3,SEN1,1050,103050
2026-08-28T22:13:38+05:30,thermal_zone4,SEN2,42050,80050
2026-08-28T22:13:38+05:30,thermal_zone5,B0D4,48050,110050
2026-08-28T22:13:38+05:30,thermal_zone6,iwlwifi_1,56000,0
2026-08-28T22:13:38+05:30,thermal_zone7,x86_pkg_temp,66000,0
2026-08-28T22:13:40+05:30,thermal_zone0,acpitz,48000,128000
2026-08-28T22:13:40+05:30,thermal_zone1,pch_cannonlake,55000,120000
2026-08-28T22:13:40+05:30,thermal_zone2,INT3400 Thermal,20000,0
2026-08-28T22:13:40+05:30,thermal_zone3,SEN1,1050,103050
2026-08-28T22:13:40+05:30,thermal_zone4,SEN2,42050,80050
2026-08-28T22:13:40+05:30,thermal_zone5,B0D4,48050,110050
2026-08-28T22:13:40+05:30,thermal_zone6,iwlwifi_1,56000,0
2026-08-28T22:13:40+05:30,thermal_zone7,x86_pkg_temp,65000,0
2026-08-28T22:13:41+05:30,thermal_zone0,acpitz,48000,128000
2026-08-28T22:13:41+05:30,thermal_zone1,pch_cannonlake,55000,120000
2026-08-28T22:13:41+05:30,thermal_zone2,INT3400 Thermal,20000,0
2026-08-28T22:13:41+05:30,thermal_zone3,SEN1,1050,103050
2026-08-28T22:13:41+05:30,thermal_zone4,SEN2,42050,80050
2026-08-28T22:13:41+05:30,thermal_zone5,B0D4,48050,110050
2026-08-28T22:13:41+05:30,thermal_zone6,iwlwifi_1,56000,0
2026-08-28T22:13:41+05:30,thermal_zone7,x86_pkg_temp,64000,0
2026-08-28T22:13:42+05:30,thermal_zone0,acpitz,48000,128000
2026-08-28T22:13:42+05:30,thermal_zone1,pch_cannonlake,55000,120000
2026-08-28T22:13:42+05:30,thermal_zone2,INT3400 Thermal,20000,0
2026-08-28T22:13:42+05:30,thermal_zone3,SEN1,1050,103050
2026-08-28T22:13:42+05:30,thermal_zone4,SEN2,42050,80050
2026-08-28T22:13:42+05:30,thermal_zone5,B0D4,48050,110050
2026-08-28T22:13:42+05:30,thermal_zone6,iwlwifi_1,56000,0
2026-08-28T22:13:42+05:30,thermal_zone7,x86_pkg_temp,64000,0
2026-08-28T22:13:44+05:30,thermal_zone0,acpitz,48000,128000
2026-08-28T22:13:44+05:30,thermal_zone1,pch_cannonlake,55000,120000
2026-08-28T22:13:44+05:30,thermal_zone2,INT3400 Thermal,20000,0
2026-08-28T22:13:44+05:30,thermal_zone3,SEN1,1050,103050
2026-08-28T22:13:44+05:30,thermal_zone4,SEN2,42050,80050
2026-08-28T22:13:44+05:30,thermal_zone5,B0D4,48050,110050
2026-08-28T22:13:44+05:30,thermal_zone6,iwlwifi_1,57000,0
2026-08-28T22:13:44+05:30,thermal_zone7,x86_pkg_temp,64000,0
2026-08-28T22:13:45+05:30,thermal_zone0,acpitz,48000,128000
2026-08-28T22:13:45+05:30,thermal_zone1,pch_cannonlake,53000,120000
2026-08-28T22:13:45+05:30,thermal_zone2,INT3400 Thermal,20000,0
2026-08-28T22:13:45+05:30,thermal_zone3,SEN1,1050,103050
2026-08-28T22:13:45+05:30,thermal_zone4,SEN2,42050,80050
2026-08-28T22:13:45+05:30,thermal_zone5,B0D4,48050,110050
2026-08-28T22:13:45+05:30,thermal_zone6,iwlwifi_1,56000,0
2026-08-28T22:13:45+05:30,thermal_zone7,x86_pkg_temp,65000,0
2026-08-28T22:13:46+05:30,thermal_zone0,acpitz,48000,128000
2026-08-28T22:13:46+05:30,thermal_zone1,pch_cannonlake,55000,120000
2026-08-28T22:13:46+05:30,thermal_zone2,INT3400 Thermal,20000,0
2026-08-28T22:13:46+05:30,thermal_zone3,SEN1,1050,103050
2026-08-28T22:13:46+05:30,thermal_zone4,SEN2,42050,80050
2026-08-28T22:13:46+05:30,thermal_zone5,B0D4,48050,110050
2026-08-28T22:13:46+05:30,thermal_zone6,iwlwifi_1,59000,0
2026-08-28T22:13:46+05:30,thermal_zone7,x86_pkg_temp,66000,0
2026-08-28T22:13:47+05:30,thermal_zone0,acpitz,48000,128000
2026-08-28T22:13:47+05:30,thermal_zone1,pch_cannonlake,55000,120000
2026-08-28T22:13:47+05:30,thermal_zone2,INT3400 Thermal,20000,0
2026-08-28T22:13:47+05:30,thermal_zone3,SEN1,1050,103050
2026-08-28T22:13:47+05:30,thermal_zone4,SEN2,42050,80050
2026-08-28T22:13:47+05:30,thermal_zone5,B0D4,48050,110050
2026-08-28T22:13:47+05:30,thermal_zone6,iwlwifi_1,59000,0
2026-08-28T22:13:47+05:30,thermal_zone7,x86_pkg_temp,64000,0
2026-08-28T22:13:49+05:30,thermal_zone0,acpitz,48000,128000
2026-08-28T22:13:49+05:30,thermal_zone1,pch_cannonlake,55000,120000
2026-08-28T22:13:49+05:30,thermal_zone2,INT3400 Thermal,20000,0
2026-08-28T22:13:49+05:30,thermal_zone3,SEN1,1050,103050
2026-08-28T22:13:49+05:30,thermal_zone4,SEN2,42050,80050
2026-08-28T22:13:49+05:30,thermal_zone5,B0D4,48050,110050
2026-08-28T22:13:49+05:30,thermal_zone6,iwlwifi_1,57000,0
2026-08-28T22:13:49+05:30,thermal_zone7,x86_pkg_temp,66000,0
2026-08-28T22:13:50+05:30,thermal_zone0,acpitz,48000,128000
2026-08-28T22:13:50+05:30,thermal_zone1,pch_cannonlake,55000,120000
2026-08-28T22:13:50+05:30,thermal_zone2,INT3400 Thermal,20000,0
2026-08-28T22:13:50+05:30,thermal_zone3,SEN1,1050,103050
2026-08-28T22:13:50+05:30,thermal_zone4,SEN2,42050,80050
2026-08-28T22:13:50+05:30,thermal_zone5,B0D4,48050,110050
2026-08-28T22:13:50+05:30,thermal_zone6,iwlwifi_1,58000,0
2026-08-28T22:13:50+05:30,thermal_zone7,x86_pkg_temp,65000,0
2026-08-28T22:13:51+05:30,thermal_zone0,acpitz,48000,128000
2026-08-28T22:13:51+05:30,thermal_zone1,pch_cannonlake,55000,120000
2026-08-28T22:13:51+05:30,thermal_zone2,INT3400 Thermal,20000,0
2026-08-28T22:13:51+05:30,thermal_zone3,SEN1,1050,103050
2026-08-28T22:13:51+05:30,thermal_zone4,SEN2,42050,80050
2026-08-28T22:13:51+05:30,thermal_zone5,B0D4,48050,110050
2026-08-28T22:13:51+05:30,thermal_zone6,iwlwifi_1,57000,0
2026-08-28T22:13:51+05:30,thermal_zone7,x86_pkg_temp,66000,0
2026-08-28T22:13:52+05:30,thermal_zone0,acpitz,48000,128000
2026-08-28T22:13:52+05:30,thermal_zone1,pch_cannonlake,55000,120000
2026-08-28T22:13:52+05:30,thermal_zone2,INT3400 Thermal,20000,0
2026-08-28T22:13:52+05:30,thermal_zone3,SEN1,1050,103050
2026-08-28T22:13:52+05:30,thermal_zone4,SEN2,42050,80050
2026-08-28T22:13:52+05:30,thermal_zone5,B0D4,48050,110050
2026-08-28T22:13:52+05:30,thermal_zone6,iwlwifi_1,56000,0
2026-08-28T22:13:52+05:30,thermal_zone7,x86_pkg_temp,67000,0
2026-08-28T22:13:54+05:30,thermal_zone0,acpitz,48000,128000
2026-08-28T22:13:54+05:30,thermal_zone1,pch_cannonlake,55000,120000
2026-08-28T22:13:54+05:30,thermal_zone2,INT3400 Thermal,20000,0
2026-08-28T22:13:54+05:30,thermal_zone3,SEN1,1050,103050
2026-08-28T22:13:54+05:30,thermal_zone4,SEN2,42050,80050
2026-08-28T22:13:54+05:30,thermal_zone5,B0D4,48050,110050
2026-08-28T22:13:54+05:30,thermal_zone6,iwlwifi_1,57000,0
2026-08-28T22:13:54+05:30,thermal_zone7,x86_pkg_temp,66000,0
2026-08-28T22:13:55+05:30,thermal_zone0,acpitz,48000,128000
2026-08-28T22:13:55+05:30,thermal_zone1,pch_cannonlake,54000,120000
2026-08-28T22:13:55+05:30,thermal_zone2,INT3400 Thermal,20000,0
2026-08-28T22:13:55+05:30,thermal_zone3,SEN1,1050,103050
2026-08-28T22:13:55+05:30,thermal_zone4,SEN2,42050,80050
2026-08-28T22:13:55+05:30,thermal_zone5,B0D4,48050,110050
2026-08-28T22:13:55+05:30,thermal_zone6,iwlwifi_1,56000,0
2026-08-28T22:13:55+05:30,thermal_zone7,x86_pkg_temp,66000,0
2026-08-28T22:13:56+05:30,thermal_zone0,acpitz,48000,128000
2026-08-28T22:13:56+05:30,thermal_zone1,pch_cannonlake,54000,120000
2026-08-28T22:13:56+05:30,thermal_zone2,INT3400 Thermal,20000,0
2026-08-28T22:13:56+05:30,thermal_zone3,SEN1,1050,103050
2026-08-28T22:13:56+05:30,thermal_zone4,SEN2,42050,80050
2026-08-28T22:13:56+05:30,thermal_zone5,B0D4,48050,110050
2026-08-28T22:13:56+05:30,thermal_zone6,iwlwifi_1,56000,0
2026-08-28T22:13:56+05:30,thermal_zone7,x86_pkg_temp,67000,0
2026-08-28T22:13:57+05:30,thermal_zone0,acpitz,48000,128000
2026-08-28T22:13:57+05:30,thermal_zone1,pch_cannonlake,55000,120000
2026-08-28T22:13:57+05:30,thermal_zone2,INT3400 Thermal,20000,0
2026-08-28T22:13:57+05:30,thermal_zone3,SEN1,1050,103050
2026-08-28T22:13:57+05:30,thermal_zone4,SEN2,42050,80050
2026-08-28T22:13:57+05:30,thermal_zone5,B0D4,48050,110050
2026-08-28T22:13:57+05:30,thermal_zone6,iwlwifi_1,56000,0
2026-08-28T22:13:57+05:30,thermal_zone7,x86_pkg_temp,66000,0
2026-08-28T22:13:58+05:30,thermal_zone0,acpitz,48000,128000
2026-08-28T22:13:58+05:30,thermal_zone1,pch_cannonlake,55000,120000
2026-08-28T22:13:58+05:30,thermal_zone2,INT3400 Thermal,20000,0
2026-08-28T22:13:58+05:30,thermal_zone3,SEN1,1050,103050
2026-08-28T22:13:58+05:30,thermal_zone4,SEN2,42050,80050
2026-08-28T22:13:58+05:30,thermal_zone5,B0D4,48050,110050
2026-08-28T22:13:58+05:30,thermal_zone6,iwlwifi_1,56000,0
2026-08-28T22:13:58+05:30,thermal_zone7,x86_pkg_temp,65000,0
2026-08-28T22:14:00+05:30,thermal_zone0,acpitz,48000,128000
2026-08-28T22:14:00+05:30,thermal_zone1,pch_cannonlake,54000,120000
2026-08-28T22:14:00+05:30,thermal_zone2,INT3400 Thermal,20000,0
2026-08-28T22:14:00+05:30,thermal_zone3,SEN1,1050,103050
2026-08-28T22:14:00+05:30,thermal_zone4,SEN2,42050,80050
2026-08-28T22:14:00+05:30,thermal_zone5,B0D4,48050,110050
2026-08-28T22:14:00+05:30,thermal_zone6,iwlwifi_1,56000,0
2026-08-28T22:14:00+05:30,thermal_zone7,x86_pkg_temp,66000,0
2026-08-28T22:14:01+05:30,thermal_zone0,acpitz,48000,128000
2026-08-28T22:14:01+05:30,thermal_zone1,pch_cannonlake,55000,120000
2026-08-28T22:14:01+05:30,thermal_zone2,INT3400 Thermal,20000,0
2026-08-28T22:14:01+05:30,thermal_zone3,SEN1,1050,103050
2026-08-28T22:14:01+05:30,thermal_zone4,SEN2,42050,80050
2026-08-28T22:14:01+05:30,thermal_zone5,B0D4,48050,110050
2026-08-28T22:14:01+05:30,thermal_zone6,iwlwifi_1,55000,0
2026-08-28T22:14:01+05:30,thermal_zone7,x86_pkg_temp,66000,0
2026-08-28T22:14:02+05:30,thermal_zone0,acpitz,48000,128000
2026-08-28T22:14:02+05:30,thermal_zone1,pch_cannonlake,53000,120000
2026-08-28T22:14:02+05:30,thermal_zone2,INT3400 Thermal,20000,0
2026-08-28T22:14:02+05:30,thermal_zone3,SEN1,1050,103050
2026-08-28T22:14:02+05:30,thermal_zone4,SEN2,42050,80050
2026-08-28T22:14:02+05:30,thermal_zone5,B0D4,48050,110050
2026-08-28T22:14:02+05:30,thermal_zone6,iwlwifi_1,55000,0
2026-08-28T22:14:02+05:30,thermal_zone7,x86_pkg_temp,66000,0
2026-08-28T22:14:03+05:30,thermal_zone0,acpitz,48000,128000
2026-08-28T22:14:03+05:30,thermal_zone1,pch_cannonlake,55000,120000
2026-08-28T22:14:03+05:30,thermal_zone2,INT3400 Thermal,20000,0
2026-08-28T22:14:03+05:30,thermal_zone3,SEN1,1050,103050
2026-08-28T22:14:03+05:30,thermal_zone4,SEN2,42050,80050
2026-08-28T22:14:03+05:30,thermal_zone5,B0D4,48050,110050
2026-08-28T22:14:03+05:30,thermal_zone6,iwlwifi_1,57000,0
2026-08-28T22:14:03+05:30,thermal_zone7,x86_pkg_temp,66000,0
2026-08-28T22:14:05+05:30,thermal_zone0,acpitz,48000,128000
2026-08-28T22:14:05+05:30,thermal_zone1,pch_cannonlake,55000,120000
2026-08-28T22:14:05+05:30,thermal_zone2,INT3400 Thermal,20000,0
2026-08-28T22:14:05+05:30,thermal_zone3,SEN1,1050,103050
2026-08-28T22:14:05+05:30,thermal_zone4,SEN2,42050,80050
2026-08-28T22:14:05+05:30,thermal_zone5,B0D4,48050,110050
2026-08-28T22:14:05+05:30,thermal_zone6,iwlwifi_1,56000,0
2026-08-28T22:14:05+05:30,thermal_zone7,x86_pkg_temp,66000,0
2026-08-28T22:14:06+05:30,thermal_zone0,acpitz,48000,128000
2026-08-28T22:14:06+05:30,thermal_zone1,pch_cannonlake,53000,120000
2026-08-28T22:14:06+05:30,thermal_zone2,INT3400 Thermal,20000,0
2026-08-28T22:14:06+05:30,thermal_zone3,SEN1,1050,103050
2026-08-28T22:14:06+05:30,thermal_zone4,SEN2,42050,80050
2026-08-28T22:14:06+05:30,thermal_zone5,B0D4,48050,110050
2026-08-28T22:14:06+05:30,thermal_zone6,iwlwifi_1,55000,0
2026-08-28T22:14:06+05:30,thermal_zone7,x86_pkg_temp,65000,0
2026-08-28T22:14:07+05:30,thermal_zone0,acpitz,48000,128000
2026-08-28T22:14:07+05:30,thermal_zone1,pch_cannonlake,54000,120000
2026-08-28T22:14:07+05:30,thermal_zone2,INT3400 Thermal,20000,0
2026-08-28T22:14:07+05:30,thermal_zone3,SEN1,1050,103050
2026-08-28T22:14:07+05:30,thermal_zone4,SEN2,42050,80050
2026-08-28T22:14:07+05:30,thermal_zone5,B0D4,48050,110050
2026-08-28T22:14:07+05:30,thermal_zone6,iwlwifi_1,56000,0
2026-08-28T22:14:07+05:30,thermal_zone7,x86_pkg_temp,66000,0
2026-08-28T22:14:08+05:30,thermal_zone0,acpitz,48000,128000
2026-08-28T22:14:08+05:30,thermal_zone1,pch_cannonlake,55000,120000
2026-08-28T22:14:08+05:30,thermal_zone2,INT3400 Thermal,20000,0
2026-08-28T22:14:08+05:30,thermal_zone3,SEN1,1050,103050
2026-08-28T22:14:08+05:30,thermal_zone4,SEN2,42050,80050
2026-08-28T22:14:08+05:30,thermal_zone5,B0D4,48050,110050
2026-08-28T22:14:08+05:30,thermal_zone6,iwlwifi_1,55000,0
2026-08-28T22:14:08+05:30,thermal_zone7,x86_pkg_temp,66000,0
2026-08-28T22:14:10+05:30,thermal_zone0,acpitz,48000,128000
2026-08-28T22:14:10+05:30,thermal_zone1,pch_cannonlake,55000,120000
2026-08-28T22:14:10+05:30,thermal_zone2,INT3400 Thermal,20000,0
2026-08-28T22:14:10+05:30,thermal_zone3,SEN1,1050,103050
2026-08-28T22:14:10+05:30,thermal_zone4,SEN2,42050,80050
2026-08-28T22:14:10+05:30,thermal_zone5,B0D4,48050,110050
2026-08-28T22:14:10+05:30,thermal_zone6,iwlwifi_1,57000,0
2026-08-28T22:14:10+05:30,thermal_zone7,x86_pkg_temp,66000,0
2026-08-28T22:14:11+05:30,thermal_zone0,acpitz,48000,128000
2026-08-28T22:14:11+05:30,thermal_zone1,pch_cannonlake,55000,120000
2026-08-28T22:14:11+05:30,thermal_zone2,INT3400 Thermal,20000,0
2026-08-28T22:14:11+05:30,thermal_zone3,SEN1,1050,103050
2026-08-28T22:14:11+05:30,thermal_zone4,SEN2,42050,80050
2026-08-28T22:14:11+05:30,thermal_zone5,B0D4,48050,110050
2026-08-28T22:14:11+05:30,thermal_zone6,iwlwifi_1,55000,0
2026-08-28T22:14:11+05:30,thermal_zone7,x86_pkg_temp,66000,0
2026-08-28T22:14:12+05:30,thermal_zone0,acpitz,48000,128000
2026-08-28T22:14:12+05:30,thermal_zone1,pch_cannonlake,54000,120000
2026-08-28T22:14:12+05:30,thermal_zone2,INT3400 Thermal,20000,0
2026-08-28T22:14:12+05:30,thermal_zone3,SEN1,1050,103050
2026-08-28T22:14:12+05:30,thermal_zone4,SEN2,42050,80050
2026-08-28T22:14:12+05:30,thermal_zone5,B0D4,48050,110050
2026-08-28T22:14:12+05:30,thermal_zone6,iwlwifi_1,55000,0
2026-08-28T22:14:12+05:30,thermal_zone7,x86_pkg_temp,67000,0
2026-08-28T22:14:13+05:30,thermal_zone0,acpitz,48000,128000
2026-08-28T22:14:13+05:30,thermal_zone1,pch_cannonlake,55000,120000
2026-08-28T22:14:13+05:30,thermal_zone2,INT3400 Thermal,20000,0
2026-08-28T22:14:13+05:30,thermal_zone3,SEN1,1050,103050
2026-08-28T22:14:13+05:30,thermal_zone4,SEN2,42050,80050
2026-08-28T22:14:13+05:30,thermal_zone5,B0D4,48050,110050
2026-08-28T22:14:13+05:30,thermal_zone6,iwlwifi_1,56000,0
2026-08-28T22:14:13+05:30,thermal_zone7,x86_pkg_temp,64000,0
2026-08-28T22:14:15+05:30,thermal_zone0,acpitz,48000,128000
2026-08-28T22:14:15+05:30,thermal_zone1,pch_cannonlake,54000,120000
2026-08-28T22:14:15+05:30,thermal_zone2,INT3400 Thermal,20000,0
2026-08-28T22:14:15+05:30,thermal_zone3,SEN1,1050,103050
2026-08-28T22:14:15+05:30,thermal_zone4,SEN2,42050,80050
2026-08-28T22:14:15+05:30,thermal_zone5,B0D4,48050,110050
2026-08-28T22:14:15+05:30,thermal_zone6,iwlwifi_1,56000,0
2026-08-28T22:14:15+05:30,thermal_zone7,x86_pkg_temp,66000,0
2026-08-28T22:14:16+05:30,thermal_zone0,acpitz,48000,128000
2026-08-28T22:14:16+05:30,thermal_zone1,pch_cannonlake,54000,120000
2026-08-28T22:14:16+05:30,thermal_zone2,INT3400 Thermal,20000,0
2026-08-28T22:14:16+05:30,thermal_zone3,SEN1,1050,103050
2026-08-28T22:14:16+05:30,thermal_zone4,SEN2,42050,80050
2026-08-28T22:14:16+05:30,thermal_zone5,B0D4,48050,110050
2026-08-28T22:14:16+05:30,thermal_zone6,iwlwifi_1,57000,0
2026-08-28T22:14:16+05:30,thermal_zone7,x86_pkg_temp,66000,0
2026-08-28T22:14:17+05:30,thermal_zone0,acpitz,48000,128000
2026-08-28T22:14:17+05:30,thermal_zone1,pch_cannonlake,54000,120000
2026-08-28T22:14:17+05:30,thermal_zone2,INT3400 Thermal,20000,0
2026-08-28T22:14:17+05:30,thermal_zone3,SEN1,1050,103050
2026-08-28T22:14:17+05:30,thermal_zone4,SEN2,42050,80050
2026-08-28T22:14:17+05:30,thermal_zone5,B0D4,48050,110050
2026-08-28T22:14:17+05:30,thermal_zone6,iwlwifi_1,56000,0
2026-08-28T22:14:17+05:30,thermal_zone7,x86_pkg_temp,66000,0
2026-08-28T22:14:18+05:30,thermal_zone0,acpitz,48000,128000
2026-08-28T22:14:18+05:30,thermal_zone1,pch_cannonlake,54000,120000
2026-08-28T22:14:18+05:30,thermal_zone2,INT3400 Thermal,20000,0
2026-08-28T22:14:18+05:30,thermal_zone3,SEN1,1050,103050
2026-08-28T22:14:18+05:30,thermal_zone4,SEN2,41050,80050
2026-08-28T22:14:18+05:30,thermal_zone5,B0D4,48050,110050
2026-08-28T22:14:18+05:30,thermal_zone6,iwlwifi_1,56000,0
2026-08-28T22:14:18+05:30,thermal_zone7,x86_pkg_temp,65000,0
2026-08-28T22:14:20+05:30,thermal_zone0,acpitz,48000,128000
2026-08-28T22:14:20+05:30,thermal_zone1,pch_cannonlake,54000,120000
2026-08-28T22:14:20+05:30,thermal_zone2,INT3400 Thermal,20000,0
2026-08-28T22:14:20+05:30,thermal_zone3,SEN1,1050,103050
2026-08-28T22:14:20+05:30,thermal_zone4,SEN2,41050,80050
2026-08-28T22:14:20+05:30,thermal_zone5,B0D4,48050,110050
2026-08-28T22:14:20+05:30,thermal_zone6,iwlwifi_1,55000,0
2026-08-28T22:14:20+05:30,thermal_zone7,x86_pkg_temp,66000,0
2026-08-28T22:14:21+05:30,thermal_zone0,acpitz,48000,128000
2026-08-28T22:14:21+05:30,thermal_zone1,pch_cannonlake,55000,120000
2026-08-28T22:14:21+05:30,thermal_zone2,INT3400 Thermal,20000,0
2026-08-28T22:14:21+05:30,thermal_zone3,SEN1,1050,103050
2026-08-28T22:14:21+05:30,thermal_zone4,SEN2,41050,80050
2026-08-28T22:14:21+05:30,thermal_zone5,B0D4,48050,110050
2026-08-28T22:14:21+05:30,thermal_zone6,iwlwifi_1,56000,0
2026-08-28T22:14:21+05:30,thermal_zone7,x86_pkg_temp,64000,0
2026-08-28T22:14:22+05:30,thermal_zone0,acpitz,48000,128000
2026-08-28T22:14:22+05:30,thermal_zone1,pch_cannonlake,55000,120000
2026-08-28T22:14:22+05:30,thermal_zone2,INT3400 Thermal,20000,0
2026-08-28T22:14:22+05:30,thermal_zone3,SEN1,1050,103050
2026-08-28T22:14:22+05:30,thermal_zone4,SEN2,41050,80050
2026-08-28T22:14:22+05:30,thermal_zone5,B0D4,48050,110050
2026-08-28T22:14:22+05:30,thermal_zone6,iwlwifi_1,55000,0
2026-08-28T22:14:22+05:30,thermal_zone7,x86_pkg_temp,66000,0
2026-08-28T22:14:23+05:30,thermal_zone0,acpitz,48000,128000
2026-08-28T22:14:23+05:30,thermal_zone1,pch_cannonlake,55000,120000
2026-08-28T22:14:23+05:30,thermal_zone2,INT3400 Thermal,20000,0
2026-08-28T22:14:23+05:30,thermal_zone3,SEN1,1050,103050
2026-08-28T22:14:23+05:30,thermal_zone4,SEN2,41050,80050
2026-08-28T22:14:23+05:30,thermal_zone5,B0D4,48050,110050
2026-08-28T22:14:23+05:30,thermal_zone6,iwlwifi_1,57000,0
2026-08-28T22:14:23+05:30,thermal_zone7,x86_pkg_temp,66000,0
2026-08-28T22:14:25+05:30,thermal_zone0,acpitz,48000,128000
2026-08-28T22:14:25+05:30,thermal_zone1,pch_cannonlake,54000,120000
2026-08-28T22:14:25+05:30,thermal_zone2,INT3400 Thermal,20000,0
2026-08-28T22:14:25+05:30,thermal_zone3,SEN1,1050,103050
2026-08-28T22:14:25+05:30,thermal_zone4,SEN2,41050,80050
2026-08-28T22:14:25+05:30,thermal_zone5,B0D4,48050,110050
2026-08-28T22:14:25+05:30,thermal_zone6,iwlwifi_1,56000,0
2026-08-28T22:14:25+05:30,thermal_zone7,x86_pkg_temp,65000,0
2026-08-28T22:14:26+05:30,thermal_zone0,acpitz,48000,128000
2026-08-28T22:14:26+05:30,thermal_zone1,pch_cannonlake,55000,120000
2026-08-28T22:14:26+05:30,thermal_zone2,INT3400 Thermal,20000,0
2026-08-28T22:14:26+05:30,thermal_zone3,SEN1,1050,103050
2026-08-28T22:14:26+05:30,thermal_zone4,SEN2,41050,80050
2026-08-28T22:14:26+05:30,thermal_zone5,B0D4,48050,110050
2026-08-28T22:14:26+05:30,thermal_zone6,iwlwifi_1,56000,0
2026-08-28T22:14:26+05:30,thermal_zone7,x86_pkg_temp,65000,0
2026-08-28T22:14:27+05:30,thermal_zone0,acpitz,48000,128000
2026-08-28T22:14:27+05:30,thermal_zone1,pch_cannonlake,55000,120000
2026-08-28T22:14:27+05:30,thermal_zone2,INT3400 Thermal,20000,0
2026-08-28T22:14:27+05:30,thermal_zone3,SEN1,1050,103050
2026-08-28T22:14:27+05:30,thermal_zone4,SEN2,41050,80050
2026-08-28T22:14:27+05:30,thermal_zone5,B0D4,48050,110050
2026-08-28T22:14:27+05:30,thermal_zone6,iwlwifi_1,56000,0
2026-08-28T22:14:27+05:30,thermal_zone7,x86_pkg_temp,66000,0
2026-08-28T22:14:28+05:30,thermal_zone0,acpitz,48000,128000
2026-08-28T22:14:28+05:30,thermal_zone1,pch_cannonlake,55000,120000
2026-08-28T22:14:28+05:30,thermal_zone2,INT3400 Thermal,20000,0
2026-08-28T22:14:28+05:30,thermal_zone3,SEN1,1050,103050
2026-08-28T22:14:28+05:30,thermal_zone4,SEN2,41050,80050
2026-08-28T22:14:28+05:30,thermal_zone5,B0D4,48050,110050
2026-08-28T22:14:28+05:30,thermal_zone6,iwlwifi_1,56000,0
2026-08-28T22:14:28+05:30,thermal_zone7,x86_pkg_temp,64000,0
2026-08-28T22:14:30+05:30,thermal_zone0,acpitz,48000,128000
2026-08-28T22:14:30+05:30,thermal_zone1,pch_cannonlake,54000,120000
2026-08-28T22:14:30+05:30,thermal_zone2,INT3400 Thermal,20000,0
2026-08-28T22:14:30+05:30,thermal_zone3,SEN1,1050,103050
2026-08-28T22:14:30+05:30,thermal_zone4,SEN2,41050,80050
2026-08-28T22:14:30+05:30,thermal_zone5,B0D4,48050,110050
2026-08-28T22:14:30+05:30,thermal_zone6,iwlwifi_1,55000,0
2026-08-28T22:14:30+05:30,thermal_zone7,x86_pkg_temp,62000,0
2026-08-28T22:14:31+05:30,thermal_zone0,acpitz,48000,128000
2026-08-28T22:14:31+05:30,thermal_zone1,pch_cannonlake,54000,120000
2026-08-28T22:14:31+05:30,thermal_zone2,INT3400 Thermal,20000,0
2026-08-28T22:14:31+05:30,thermal_zone3,SEN1,1050,103050
2026-08-28T22:14:31+05:30,thermal_zone4,SEN2,41050,80050
2026-08-28T22:14:31+05:30,thermal_zone5,B0D4,48050,110050
2026-08-28T22:14:31+05:30,thermal_zone6,iwlwifi_1,56000,0
2026-08-28T22:14:31+05:30,thermal_zone7,x86_pkg_temp,64000,0
2026-08-28T22:14:32+05:30,thermal_zone0,acpitz,48000,128000
2026-08-28T22:14:32+05:30,thermal_zone1,pch_cannonlake,55000,120000
2026-08-28T22:14:32+05:30,thermal_zone2,INT3400 Thermal,20000,0
2026-08-28T22:14:32+05:30,thermal_zone3,SEN1,1050,103050
2026-08-28T22:14:32+05:30,thermal_zone4,SEN2,41050,80050
2026-08-28T22:14:32+05:30,thermal_zone5,B0D4,48050,110050
2026-08-28T22:14:32+05:30,thermal_zone6,iwlwifi_1,57000,0
2026-08-28T22:14:32+05:30,thermal_zone7,x86_pkg_temp,66000,0
2026-08-28T22:14:33+05:30,thermal_zone0,acpitz,48000,128000
2026-08-28T22:14:33+05:30,thermal_zone1,pch_cannonlake,53000,120000
2026-08-28T22:14:33+05:30,thermal_zone2,INT3400 Thermal,20000,0
2026-08-28T22:14:33+05:30,thermal_zone3,SEN1,1050,103050
2026-08-28T22:14:33+05:30,thermal_zone4,SEN2,41050,80050
2026-08-28T22:14:33+05:30,thermal_zone5,B0D4,48050,110050
2026-08-28T22:14:33+05:30,thermal_zone6,iwlwifi_1,56000,0
2026-08-28T22:14:33+05:30,thermal_zone7,x86_pkg_temp,66000,0
2026-08-28T22:14:35+05:30,thermal_zone0,acpitz,48000,128000
2026-08-28T22:14:35+05:30,thermal_zone1,pch_cannonlake,55000,120000
2026-08-28T22:14:35+05:30,thermal_zone2,INT3400 Thermal,20000,0
2026-08-28T22:14:35+05:30,thermal_zone3,SEN1,1050,103050
2026-08-28T22:14:35+05:30,thermal_zone4,SEN2,41050,80050
2026-08-28T22:14:35+05:30,thermal_zone5,B0D4,48050,110050
2026-08-28T22:14:35+05:30,thermal_zone6,iwlwifi_1,56000,0
2026-08-28T22:14:35+05:30,thermal_zone7,x86_pkg_temp,65000,0
2026-08-28T22:14:36+05:30,thermal_zone0,acpitz,48000,128000
2026-08-28T22:14:36+05:30,thermal_zone1,pch_cannonlake,55000,120000
2026-08-28T22:14:36+05:30,thermal_zone2,INT3400 Thermal,20000,0
2026-08-28T22:14:36+05:30,thermal_zone3,SEN1,1050,103050
2026-08-28T22:14:36+05:30,thermal_zone4,SEN2,41050,80050
2026-08-28T22:14:36+05:30,thermal_zone5,B0D4,48050,110050
2026-08-28T22:14:36+05:30,thermal_zone6,iwlwifi_1,57000,0
2026-08-28T22:14:36+05:30,thermal_zone7,x86_pkg_temp,64000,0
2026-08-28T22:14:37+05:30,thermal_zone0,acpitz,48000,128000
2026-08-28T22:14:37+05:30,thermal_zone1,pch_cannonlake,55000,120000
2026-08-28T22:14:37+05:30,thermal_zone2,INT3400 Thermal,20000,0
2026-08-28T22:14:37+05:30,thermal_zone3,SEN1,1050,103050
2026-08-28T22:14:37+05:30,thermal_zone4,SEN2,41050,80050
2026-08-28T22:14:37+05:30,thermal_zone5,B0D4,48050,110050
2026-08-28T22:14:37+05:30,thermal_zone6,iwlwifi_1,55000,0
2026-08-28T22:14:37+05:30,thermal_zone7,x86_pkg_temp,64000,0
2026-08-28T22:14:38+05:30,thermal_zone0,acpitz,48000,128000
2026-08-28T22:14:38+05:30,thermal_zone1,pch_cannonlake,54000,120000
2026-08-28T22:14:38+05:30,thermal_zone2,INT3400 Thermal,20000,0
2026-08-28T22:14:38+05:30,thermal_zone3,SEN1,1050,103050
2026-08-28T22:14:38+05:30,thermal_zone4,SEN2,41050,80050
2026-08-28T22:14:38+05:30,thermal_zone5,B0D4,48050,110050
2026-08-28T22:14:38+05:30,thermal_zone6,iwlwifi_1,56000,0
2026-08-28T22:14:38+05:30,thermal_zone7,x86_pkg_temp,64000,0
2026-08-28T22:14:40+05:30,thermal_zone0,acpitz,48000,128000
2026-08-28T22:14:40+05:30,thermal_zone1,pch_cannonlake,55000,120000
2026-08-28T22:14:40+05:30,thermal_zone2,INT3400 Thermal,20000,0
2026-08-28T22:14:40+05:30,thermal_zone3,SEN1,1050,103050
2026-08-28T22:14:40+05:30,thermal_zone4,SEN2,41050,80050
2026-08-28T22:14:40+05:30,thermal_zone5,B0D4,48050,110050
2026-08-28T22:14:40+05:30,thermal_zone6,iwlwifi_1,55000,0
2026-08-28T22:14:40+05:30,thermal_zone7,x86_pkg_temp,65000,0
2026-08-28T22:14:41+05:30,thermal_zone0,acpitz,48000,128000
2026-08-28T22:14:41+05:30,thermal_zone1,pch_cannonlake,54000,120000
2026-08-28T22:14:41+05:30,thermal_zone2,INT3400 Thermal,20000,0
2026-08-28T22:14:41+05:30,thermal_zone3,SEN1,1050,103050
2026-08-28T22:14:41+05:30,thermal_zone4,SEN2,41050,80050
2026-08-28T22:14:41+05:30,thermal_zone5,B0D4,48050,110050
2026-08-28T22:14:41+05:30,thermal_zone6,iwlwifi_1,55000,0
2026-08-28T22:14:41+05:30,thermal_zone7,x86_pkg_temp,66000,0
2026-08-28T22:14:42+05:30,thermal_zone0,acpitz,48000,128000
2026-08-28T22:14:42+05:30,thermal_zone1,pch_cannonlake,55000,120000
2026-08-28T22:14:42+05:30,thermal_zone2,INT3400 Thermal,20000,0
2026-08-28T22:14:42+05:30,thermal_zone3,SEN1,1050,103050
2026-08-28T22:14:42+05:30,thermal_zone4,SEN2,41050,80050
2026-08-28T22:14:42+05:30,thermal_zone5,B0D4,48050,110050
2026-08-28T22:14:42+05:30,thermal_zone6,iwlwifi_1,55000,0
2026-08-28T22:14:42+05:30,thermal_zone7,x86_pkg_temp,65000,0
2026-08-28T22:14:43+05:30,thermal_zone0,acpitz,48000,128000
2026-08-28T22:14:43+05:30,thermal_zone1,pch_cannonlake,54000,120000
2026-08-28T22:14:43+05:30,thermal_zone2,INT3400 Thermal,20000,0
2026-08-28T22:14:43+05:30,thermal_zone3,SEN1,1050,103050
2026-08-28T22:14:43+05:30,thermal_zone4,SEN2,41050,80050
2026-08-28T22:14:43+05:30,thermal_zone5,B0D4,48050,110050
2026-08-28T22:14:43+05:30,thermal_zone6,iwlwifi_1,55000,0
2026-08-28T22:14:43+05:30,thermal_zone7,x86_pkg_temp,65000,0
2026-08-28T22:14:45+05:30,thermal_zone0,acpitz,48000,128000
2026-08-28T22:14:45+05:30,thermal_zone1,pch_cannonlake,55000,120000
2026-08-28T22:14:45+05:30,thermal_zone2,INT3400 Thermal,20000,0
2026-08-28T22:14:45+05:30,thermal_zone3,SEN1,1050,103050
2026-08-28T22:14:45+05:30,thermal_zone4,SEN2,41050,80050
2026-08-28T22:14:45+05:30,thermal_zone5,B0D4,48050,110050
2026-08-28T22:14:45+05:30,thermal_zone6,iwlwifi_1,55000,0
2026-08-28T22:14:45+05:30,thermal_zone7,x86_pkg_temp,63000,0
2026-08-28T22:14:46+05:30,thermal_zone0,acpitz,48000,128000
2026-08-28T22:14:46+05:30,thermal_zone1,pch_cannonlake,54000,120000
2026-08-28T22:14:46+05:30,thermal_zone2,INT3400 Thermal,20000,0
2026-08-28T22:14:46+05:30,thermal_zone3,SEN1,1050,103050
2026-08-28T22:14:46+05:30,thermal_zone4,SEN2,41050,80050
2026-08-28T22:14:46+05:30,thermal_zone5,B0D4,48050,110050
2026-08-28T22:14:46+05:30,thermal_zone6,iwlwifi_1,55000,0
2026-08-28T22:14:46+05:30,thermal_zone7,x86_pkg_temp,65000,0
2026-08-28T22:14:47+05:30,thermal_zone0,acpitz,48000,128000
2026-08-28T22:14:47+05:30,thermal_zone1,pch_cannonlake,55000,120000
2026-08-28T22:14:47+05:30,thermal_zone2,INT3400 Thermal,20000,0
2026-08-28T22:14:47+05:30,thermal_zone3,SEN1,1050,103050
2026-08-28T22:14:47+05:30,thermal_zone4,SEN2,41050,80050
2026-08-28T22:14:47+05:30,thermal_zone5,B0D4,48050,110050
2026-08-28T22:14:47+05:30,thermal_zone6,iwlwifi_1,56000,0
2026-08-28T22:14:47+05:30,thermal_zone7,x86_pkg_temp,64000,0
2026-08-28T22:14:49+05:30,thermal_zone0,acpitz,48000,128000
2026-08-28T22:14:49+05:30,thermal_zone1,pch_cannonlake,54000,120000
2026-08-28T22:14:49+05:30,thermal_zone2,INT3400 Thermal,20000,0
2026-08-28T22:14:49+05:30,thermal_zone3,SEN1,1050,103050
2026-08-28T22:14:49+05:30,thermal_zone4,SEN2,41050,80050
2026-08-28T22:14:49+05:30,thermal_zone5,B0D4,48050,110050
2026-08-28T22:14:49+05:30,thermal_zone6,iwlwifi_1,57000,0
2026-08-28T22:14:49+05:30,thermal_zone7,x86_pkg_temp,65000,0
2026-08-28T22:14:50+05:30,thermal_zone0,acpitz,48000,128000
2026-08-28T22:14:50+05:30,thermal_zone1,pch_cannonlake,54000,120000
2026-08-28T22:14:50+05:30,thermal_zone2,INT3400 Thermal,20000,0
2026-08-28T22:14:50+05:30,thermal_zone3,SEN1,1050,103050
2026-08-28T22:14:50+05:30,thermal_zone4,SEN2,41050,80050
2026-08-28T22:14:50+05:30,thermal_zone5,B0D4,48050,110050
2026-08-28T22:14:50+05:30,thermal_zone6,iwlwifi_1,58000,0
2026-08-28T22:14:50+05:30,thermal_zone7,x86_pkg_temp,64000,0
2026-08-28T22:14:51+05:30,thermal_zone0,acpitz,48000,128000
2026-08-28T22:14:51+05:30,thermal_zone1,pch_cannonlake,54000,120000
2026-08-28T22:14:51+05:30,thermal_zone2,INT3400 Thermal,20000,0
2026-08-28T22:14:51+05:30,thermal_zone3,SEN1,1050,103050
2026-08-28T22:14:51+05:30,thermal_zone4,SEN2,41050,80050
2026-08-28T22:14:51+05:30,thermal_zone5,B0D4,48050,110050
2026-08-28T22:14:51+05:30,thermal_zone6,iwlwifi_1,57000,0
2026-08-28T22:14:51+05:30,thermal_zone7,x86_pkg_temp,64000,0
2026-08-28T22:14:53+05:30,thermal_zone0,acpitz,48000,128000
2026-08-28T22:14:53+05:30,thermal_zone1,pch_cannonlake,55000,120000
2026-08-28T22:14:53+05:30,thermal_zone2,INT3400 Thermal,20000,0
2026-08-28T22:14:53+05:30,thermal_zone3,SEN1,1050,103050
2026-08-28T22:14:53+05:30,thermal_zone4,SEN2,41050,80050
2026-08-28T22:14:53+05:30,thermal_zone5,B0D4,48050,110050
2026-08-28T22:14:53+05:30,thermal_zone6,iwlwifi_1,58000,0
2026-08-28T22:14:53+05:30,thermal_zone7,x86_pkg_temp,63000,0
2026-08-28T22:14:54+05:30,thermal_zone0,acpitz,48000,128000
2026-08-28T22:14:54+05:30,thermal_zone1,pch_cannonlake,54000,120000
2026-08-28T22:14:54+05:30,thermal_zone2,INT3400 Thermal,20000,0
2026-08-28T22:14:54+05:30,thermal_zone3,SEN1,1050,103050
2026-08-28T22:14:54+05:30,thermal_zone4,SEN2,41050,80050
2026-08-28T22:14:54+05:30,thermal_zone5,B0D4,48050,110050
2026-08-28T22:14:54+05:30,thermal_zone6,iwlwifi_1,57000,0
2026-08-28T22:14:54+05:30,thermal_zone7,x86_pkg_temp,62000,0
2026-08-28T22:14:56+05:30,thermal_zone0,acpitz,48000,128000
2026-08-28T22:14:56+05:30,thermal_zone1,pch_cannonlake,53000,120000
2026-08-28T22:14:56+05:30,thermal_zone2,INT3400 Thermal,20000,0
2026-08-28T22:14:56+05:30,thermal_zone3,SEN1,1050,103050
2026-08-28T22:14:56+05:30,thermal_zone4,SEN2,41050,80050
2026-08-28T22:14:56+05:30,thermal_zone5,B0D4,48050,110050
2026-08-28T22:14:56+05:30,thermal_zone6,iwlwifi_1,59000,0
2026-08-28T22:14:56+05:30,thermal_zone7,x86_pkg_temp,65000,0
2026-08-28T22:14:57+05:30,thermal_zone0,acpitz,48000,128000
2026-08-28T22:14:57+05:30,thermal_zone1,pch_cannonlake,55000,120000
2026-08-28T22:14:57+05:30,thermal_zone2,INT3400 Thermal,20000,0
2026-08-28T22:14:57+05:30,thermal_zone3,SEN1,1050,103050
2026-08-28T22:14:57+05:30,thermal_zone4,SEN2,41050,80050
2026-08-28T22:14:57+05:30,thermal_zone5,B0D4,48050,110050
2026-08-28T22:14:57+05:30,thermal_zone6,iwlwifi_1,59000,0
2026-08-28T22:14:57+05:30,thermal_zone7,x86_pkg_temp,64000,0
2026-08-28T22:14:59+05:30,thermal_zone0,acpitz,48000,128000
2026-08-28T22:14:59+05:30,thermal_zone1,pch_cannonlake,55000,120000
2026-08-28T22:14:59+05:30,thermal_zone2,INT3400 Thermal,20000,0
2026-08-28T22:14:59+05:30,thermal_zone3,SEN1,1050,103050
2026-08-28T22:14:59+05:30,thermal_zone4,SEN2,41050,80050
2026-08-28T22:14:59+05:30,thermal_zone5,B0D4,48050,110050
2026-08-28T22:14:59+05:30,thermal_zone6,iwlwifi_1,57000,0
2026-08-28T22:14:59+05:30,thermal_zone7,x86_pkg_temp,65000,0
2026-08-28T22:15:00+05:30,thermal_zone0,acpitz,48000,128000
2026-08-28T22:15:00+05:30,thermal_zone1,pch_cannonlake,55000,120000
2026-08-28T22:15:00+05:30,thermal_zone2,INT3400 Thermal,20000,0
2026-08-28T22:15:00+05:30,thermal_zone3,SEN1,1050,103050
2026-08-28T22:15:00+05:30,thermal_zone4,SEN2,41050,80050
2026-08-28T22:15:00+05:30,thermal_zone5,B0D4,48050,110050
2026-08-28T22:15:00+05:30,thermal_zone6,iwlwifi_1,57000,0
2026-08-28T22:15:00+05:30,thermal_zone7,x86_pkg_temp,65000,0
2026-08-28T22:15:01+05:30,thermal_zone0,acpitz,48000,128000
2026-08-28T22:15:01+05:30,thermal_zone1,pch_cannonlake,53000,120000
2026-08-28T22:15:01+05:30,thermal_zone2,INT3400 Thermal,20000,0
2026-08-28T22:15:01+05:30,thermal_zone3,SEN1,1050,103050
2026-08-28T22:15:01+05:30,thermal_zone4,SEN2,41050,80050
2026-08-28T22:15:01+05:30,thermal_zone5,B0D4,48050,110050
2026-08-28T22:15:01+05:30,thermal_zone6,iwlwifi_1,57000,0
2026-08-28T22:15:01+05:30,thermal_zone7,x86_pkg_temp,65000,0
2026-08-28T22:15:03+05:30,thermal_zone0,acpitz,48000,128000
2026-08-28T22:15:03+05:30,thermal_zone1,pch_cannonlake,54000,120000
2026-08-28T22:15:03+05:30,thermal_zone2,INT3400 Thermal,20000,0
2026-08-28T22:15:03+05:30,thermal_zone3,SEN1,1050,103050
2026-08-28T22:15:03+05:30,thermal_zone4,SEN2,41050,80050
2026-08-28T22:15:03+05:30,thermal_zone5,B0D4,48050,110050
2026-08-28T22:15:03+05:30,thermal_zone6,iwlwifi_1,57000,0
2026-08-28T22:15:03+05:30,thermal_zone7,x86_pkg_temp,66000,0
2026-08-28T22:15:04+05:30,thermal_zone0,acpitz,48000,128000
2026-08-28T22:15:04+05:30,thermal_zone1,pch_cannonlake,55000,120000
2026-08-28T22:15:04+05:30,thermal_zone2,INT3400 Thermal,20000,0
2026-08-28T22:15:04+05:30,thermal_zone3,SEN1,1050,103050
2026-08-28T22:15:04+05:30,thermal_zone4,SEN2,41050,80050
2026-08-28T22:15:04+05:30,thermal_zone5,B0D4,48050,110050
2026-08-28T22:15:04+05:30,thermal_zone6,iwlwifi_1,57000,0
2026-08-28T22:15:04+05:30,thermal_zone7,x86_pkg_temp,67000,0
2026-08-28T22:15:05+05:30,thermal_zone0,acpitz,48000,128000
2026-08-28T22:15:05+05:30,thermal_zone1,pch_cannonlake,54000,120000
2026-08-28T22:15:05+05:30,thermal_zone2,INT3400 Thermal,20000,0
2026-08-28T22:15:05+05:30,thermal_zone3,SEN1,1050,103050
2026-08-28T22:15:05+05:30,thermal_zone4,SEN2,41050,80050
2026-08-28T22:15:05+05:30,thermal_zone5,B0D4,48050,110050
2026-08-28T22:15:05+05:30,thermal_zone6,iwlwifi_1,56000,0
2026-08-28T22:15:05+05:30,thermal_zone7,x86_pkg_temp,66000,0
2026-08-28T22:15:07+05:30,thermal_zone0,acpitz,48000,128000
2026-08-28T22:15:07+05:30,thermal_zone1,pch_cannonlake,54000,120000
2026-08-28T22:15:07+05:30,thermal_zone2,INT3400 Thermal,20000,0
2026-08-28T22:15:07+05:30,thermal_zone3,SEN1,1050,103050
2026-08-28T22:15:07+05:30,thermal_zone4,SEN2,41050,80050
2026-08-28T22:15:07+05:30,thermal_zone5,B0D4,48050,110050
2026-08-28T22:15:07+05:30,thermal_zone6,iwlwifi_1,56000,0
2026-08-28T22:15:07+05:30,thermal_zone7,x86_pkg_temp,66000,0
2026-08-28T22:15:08+05:30,thermal_zone0,acpitz,48000,128000
2026-08-28T22:15:08+05:30,thermal_zone1,pch_cannonlake,55000,120000
2026-08-28T22:15:08+05:30,thermal_zone2,INT3400 Thermal,20000,0
2026-08-28T22:15:08+05:30,thermal_zone3,SEN1,1050,103050
2026-08-28T22:15:08+05:30,thermal_zone4,SEN2,41050,80050
2026-08-28T22:15:08+05:30,thermal_zone5,B0D4,48050,110050
2026-08-28T22:15:08+05:30,thermal_zone6,iwlwifi_1,57000,0
2026-08-28T22:15:08+05:30,thermal_zone7,x86_pkg_temp,66000,0
2026-08-28T22:15:09+05:30,thermal_zone0,acpitz,48000,128000
2026-08-28T22:15:09+05:30,thermal_zone1,pch_cannonlake,53000,120000
2026-08-28T22:15:09+05:30,thermal_zone2,INT3400 Thermal,20000,0
2026-08-28T22:15:09+05:30,thermal_zone3,SEN1,1050,103050
2026-08-28T22:15:09+05:30,thermal_zone4,SEN2,41050,80050
2026-08-28T22:15:09+05:30,thermal_zone5,B0D4,48050,110050
2026-08-28T22:15:09+05:30,thermal_zone6,iwlwifi_1,57000,0
2026-08-28T22:15:09+05:30,thermal_zone7,x86_pkg_temp,66000,0
2026-08-28T22:15:11+05:30,thermal_zone0,acpitz,48000,128000
2026-08-28T22:15:11+05:30,thermal_zone1,pch_cannonlake,55000,120000
2026-08-28T22:15:11+05:30,thermal_zone2,INT3400 Thermal,20000,0
2026-08-28T22:15:11+05:30,thermal_zone3,SEN1,1050,103050
2026-08-28T22:15:11+05:30,thermal_zone4,SEN2,41050,80050
2026-08-28T22:15:11+05:30,thermal_zone5,B0D4,48050,110050
2026-08-28T22:15:11+05:30,thermal_zone6,iwlwifi_1,57000,0
2026-08-28T22:15:11+05:30,thermal_zone7,x86_pkg_temp,67000,0
2026-08-28T22:15:12+05:30,thermal_zone0,acpitz,48000,128000
2026-08-28T22:15:12+05:30,thermal_zone1,pch_cannonlake,54000,120000
2026-08-28T22:15:12+05:30,thermal_zone2,INT3400 Thermal,20000,0
2026-08-28T22:15:12+05:30,thermal_zone3,SEN1,1050,103050
2026-08-28T22:15:12+05:30,thermal_zone4,SEN2,41050,80050
2026-08-28T22:15:12+05:30,thermal_zone5,B0D4,48050,110050
2026-08-28T22:15:12+05:30,thermal_zone6,iwlwifi_1,56000,0
2026-08-28T22:15:12+05:30,thermal_zone7,x86_pkg_temp,67000,0
2026-08-28T22:15:13+05:30,thermal_zone0,acpitz,48000,128000
2026-08-28T22:15:13+05:30,thermal_zone1,pch_cannonlake,55000,120000
2026-08-28T22:15:13+05:30,thermal_zone2,INT3400 Thermal,20000,0
2026-08-28T22:15:13+05:30,thermal_zone3,SEN1,1050,103050
2026-08-28T22:15:13+05:30,thermal_zone4,SEN2,41050,80050
2026-08-28T22:15:13+05:30,thermal_zone5,B0D4,48050,110050
2026-08-28T22:15:13+05:30,thermal_zone6,iwlwifi_1,57000,0
2026-08-28T22:15:13+05:30,thermal_zone7,x86_pkg_temp,67000,0
2026-08-28T22:15:14+05:30,thermal_zone0,acpitz,48000,128000
2026-08-28T22:15:14+05:30,thermal_zone1,pch_cannonlake,54000,120000
2026-08-28T22:15:14+05:30,thermal_zone2,INT3400 Thermal,20000,0
2026-08-28T22:15:14+05:30,thermal_zone3,SEN1,1050,103050
2026-08-28T22:15:14+05:30,thermal_zone4,SEN2,41050,80050
2026-08-28T22:15:14+05:30,thermal_zone5,B0D4,48050,110050
2026-08-28T22:15:14+05:30,thermal_zone6,iwlwifi_1,56000,0
2026-08-28T22:15:14+05:30,thermal_zone7,x86_pkg_temp,67000,0
2026-08-28T22:15:16+05:30,thermal_zone0,acpitz,48000,128000
2026-08-28T22:15:16+05:30,thermal_zone1,pch_cannonlake,55000,120000
2026-08-28T22:15:16+05:30,thermal_zone2,INT3400 Thermal,20000,0
2026-08-28T22:15:16+05:30,thermal_zone3,SEN1,1050,103050
2026-08-28T22:15:16+05:30,thermal_zone4,SEN2,41050,80050
2026-08-28T22:15:16+05:30,thermal_zone5,B0D4,48050,110050
2026-08-28T22:15:16+05:30,thermal_zone6,iwlwifi_1,56000,0
2026-08-28T22:15:16+05:30,thermal_zone7,x86_pkg_temp,66000,0
2026-08-28T22:15:17+05:30,thermal_zone0,acpitz,48000,128000
2026-08-28T22:15:17+05:30,thermal_zone1,pch_cannonlake,54000,120000
2026-08-28T22:15:17+05:30,thermal_zone2,INT3400 Thermal,20000,0
2026-08-28T22:15:17+05:30,thermal_zone3,SEN1,1050,103050
2026-08-28T22:15:17+05:30,thermal_zone4,SEN2,41050,80050
2026-08-28T22:15:17+05:30,thermal_zone5,B0D4,48050,110050
2026-08-28T22:15:17+05:30,thermal_zone6,iwlwifi_1,55000,0
2026-08-28T22:15:17+05:30,thermal_zone7,x86_pkg_temp,66000,0
2026-08-28T22:15:18+05:30,thermal_zone0,acpitz,48000,128000
2026-08-28T22:15:18+05:30,thermal_zone1,pch_cannonlake,55000,120000
2026-08-28T22:15:18+05:30,thermal_zone2,INT3400 Thermal,20000,0
2026-08-28T22:15:18+05:30,thermal_zone3,SEN1,1050,103050
2026-08-28T22:15:18+05:30,thermal_zone4,SEN2,41050,80050
2026-08-28T22:15:18+05:30,thermal_zone5,B0D4,48050,110050
2026-08-28T22:15:18+05:30,thermal_zone6,iwlwifi_1,57000,0
2026-08-28T22:15:18+05:30,thermal_zone7,x86_pkg_temp,63000,0
2026-08-28T22:15:20+05:30,thermal_zone0,acpitz,48000,128000
2026-08-28T22:15:20+05:30,thermal_zone1,pch_cannonlake,54000,120000
2026-08-28T22:15:20+05:30,thermal_zone2,INT3400 Thermal,20000,0
2026-08-28T22:15:20+05:30,thermal_zone3,SEN1,1050,103050
2026-08-28T22:15:20+05:30,thermal_zone4,SEN2,41050,80050
2026-08-28T22:15:20+05:30,thermal_zone5,B0D4,48050,110050
2026-08-28T22:15:20+05:30,thermal_zone6,iwlwifi_1,57000,0
2026-08-28T22:15:20+05:30,thermal_zone7,x86_pkg_temp,62000,0
2026-08-28T22:15:21+05:30,thermal_zone0,acpitz,48000,128000
2026-08-28T22:15:21+05:30,thermal_zone1,pch_cannonlake,55000,120000
2026-08-28T22:15:21+05:30,thermal_zone2,INT3400 Thermal,20000,0
2026-08-28T22:15:21+05:30,thermal_zone3,SEN1,1050,103050
2026-08-28T22:15:21+05:30,thermal_zone4,SEN2,41050,80050
2026-08-28T22:15:21+05:30,thermal_zone5,B0D4,48050,110050
2026-08-28T22:15:21+05:30,thermal_zone6,iwlwifi_1,56000,0
2026-08-28T22:15:21+05:30,thermal_zone7,x86_pkg_temp,63000,0
2026-08-28T22:15:23+05:30,thermal_zone0,acpitz,48000,128000
2026-08-28T22:15:23+05:30,thermal_zone1,pch_cannonlake,55000,120000
2026-08-28T22:15:23+05:30,thermal_zone2,INT3400 Thermal,20000,0
2026-08-28T22:15:23+05:30,thermal_zone3,SEN1,1050,103050
2026-08-28T22:15:23+05:30,thermal_zone4,SEN2,42050,80050
2026-08-28T22:15:23+05:30,thermal_zone5,B0D4,48050,110050
2026-08-28T22:15:23+05:30,thermal_zone6,iwlwifi_1,56000,0
2026-08-28T22:15:23+05:30,thermal_zone7,x86_pkg_temp,64000,0
2026-08-28T22:15:24+05:30,thermal_zone0,acpitz,48000,128000
2026-08-28T22:15:24+05:30,thermal_zone1,pch_cannonlake,53000,120000
2026-08-28T22:15:24+05:30,thermal_zone2,INT3400 Thermal,20000,0
2026-08-28T22:15:24+05:30,thermal_zone3,SEN1,1050,103050
2026-08-28T22:15:24+05:30,thermal_zone4,SEN2,42050,80050
2026-08-28T22:15:24+05:30,thermal_zone5,B0D4,48050,110050
2026-08-28T22:15:24+05:30,thermal_zone6,iwlwifi_1,56000,0
2026-08-28T22:15:24+05:30,thermal_zone7,x86_pkg_temp,64000,0
2026-08-28T22:15:26+05:30,thermal_zone0,acpitz,48000,128000
2026-08-28T22:15:26+05:30,thermal_zone1,pch_cannonlake,55000,120000
2026-08-28T22:15:26+05:30,thermal_zone2,INT3400 Thermal,20000,0
2026-08-28T22:15:26+05:30,thermal_zone3,SEN1,1050,103050
2026-08-28T22:15:26+05:30,thermal_zone4,SEN2,42050,80050
2026-08-28T22:15:26+05:30,thermal_zone5,B0D4,48050,110050
2026-08-28T22:15:26+05:30,thermal_zone6,iwlwifi_1,57000,0
2026-08-28T22:15:26+05:30,thermal_zone7,x86_pkg_temp,67000,0
2026-08-28T22:15:27+05:30,thermal_zone0,acpitz,48000,128000
2026-08-28T22:15:27+05:30,thermal_zone1,pch_cannonlake,54000,120000
2026-08-28T22:15:27+05:30,thermal_zone2,INT3400 Thermal,20000,0
2026-08-28T22:15:27+05:30,thermal_zone3,SEN1,1050,103050
2026-08-28T22:15:27+05:30,thermal_zone4,SEN2,42050,80050
2026-08-28T22:15:27+05:30,thermal_zone5,B0D4,48050,110050
2026-08-28T22:15:27+05:30,thermal_zone6,iwlwifi_1,56000,0
2026-08-28T22:15:27+05:30,thermal_zone7,x86_pkg_temp,68000,0
2026-08-28T22:15:28+05:30,thermal_zone0,acpitz,48000,128000
2026-08-28T22:15:28+05:30,thermal_zone1,pch_cannonlake,55000,120000
2026-08-28T22:15:28+05:30,thermal_zone2,INT3400 Thermal,20000,0
2026-08-28T22:15:28+05:30,thermal_zone3,SEN1,1050,103050
2026-08-28T22:15:28+05:30,thermal_zone4,SEN2,42050,80050
2026-08-28T22:15:28+05:30,thermal_zone5,B0D4,48050,110050
2026-08-28T22:15:28+05:30,thermal_zone6,iwlwifi_1,56000,0
2026-08-28T22:15:28+05:30,thermal_zone7,x86_pkg_temp,67000,0
2026-08-28T22:15:30+05:30,thermal_zone0,acpitz,48000,128000
2026-08-28T22:15:30+05:30,thermal_zone1,pch_cannonlake,55000,120000
2026-08-28T22:15:30+05:30,thermal_zone2,INT3400 Thermal,20000,0
2026-08-28T22:15:30+05:30,thermal_zone3,SEN1,1050,103050
2026-08-28T22:15:30+05:30,thermal_zone4,SEN2,42050,80050
2026-08-28T22:15:30+05:30,thermal_zone5,B0D4,48050,110050
2026-08-28T22:15:30+05:30,thermal_zone6,iwlwifi_1,56000,0
2026-08-28T22:15:30+05:30,thermal_zone7,x86_pkg_temp,66000,0
2026-08-28T22:15:31+05:30,thermal_zone0,acpitz,48000,128000
2026-08-28T22:15:31+05:30,thermal_zone1,pch_cannonlake,54000,120000
2026-08-28T22:15:31+05:30,thermal_zone2,INT3400 Thermal,20000,0
2026-08-28T22:15:31+05:30,thermal_zone3,SEN1,1050,103050
2026-08-28T22:15:31+05:30,thermal_zone4,SEN2,42050,80050
2026-08-28T22:15:31+05:30,thermal_zone5,B0D4,48050,110050
2026-08-28T22:15:31+05:30,thermal_zone6,iwlwifi_1,57000,0
2026-08-28T22:15:31+05:30,thermal_zone7,x86_pkg_temp,65000,0
2026-08-28T22:15:32+05:30,thermal_zone0,acpitz,48000,128000
2026-08-28T22:15:32+05:30,thermal_zone1,pch_cannonlake,54000,120000
2026-08-28T22:15:32+05:30,thermal_zone2,INT3400 Thermal,20000,0
2026-08-28T22:15:32+05:30,thermal_zone3,SEN1,1050,103050
2026-08-28T22:15:32+05:30,thermal_zone4,SEN2,42050,80050
2026-08-28T22:15:32+05:30,thermal_zone5,B0D4,48050,110050
2026-08-28T22:15:32+05:30,thermal_zone6,iwlwifi_1,57000,0
2026-08-28T22:15:32+05:30,thermal_zone7,x86_pkg_temp,68000,0
2026-08-28T22:15:34+05:30,thermal_zone0,acpitz,48000,128000
2026-08-28T22:15:34+05:30,thermal_zone1,pch_cannonlake,55000,120000
2026-08-28T22:15:34+05:30,thermal_zone2,INT3400 Thermal,20000,0
2026-08-28T22:15:34+05:30,thermal_zone3,SEN1,1050,103050
2026-08-28T22:15:34+05:30,thermal_zone4,SEN2,42050,80050
2026-08-28T22:15:34+05:30,thermal_zone5,B0D4,48050,110050
2026-08-28T22:15:34+05:30,thermal_zone6,iwlwifi_1,58000,0
2026-08-28T22:15:34+05:30,thermal_zone7,x86_pkg_temp,66000,0
2026-08-28T22:15:35+05:30,thermal_zone0,acpitz,48000,128000
2026-08-28T22:15:35+05:30,thermal_zone1,pch_cannonlake,56000,120000
2026-08-28T22:15:35+05:30,thermal_zone2,INT3400 Thermal,20000,0
2026-08-28T22:15:35+05:30,thermal_zone3,SEN1,1050,103050
2026-08-28T22:15:35+05:30,thermal_zone4,SEN2,42050,80050
2026-08-28T22:15:35+05:30,thermal_zone5,B0D4,48050,110050
2026-08-28T22:15:35+05:30,thermal_zone6,iwlwifi_1,57000,0
2026-08-28T22:15:35+05:30,thermal_zone7,x86_pkg_temp,64000,0
2026-08-28T22:15:36+05:30,thermal_zone0,acpitz,48000,128000
2026-08-28T22:15:36+05:30,thermal_zone1,pch_cannonlake,55000,120000
2026-08-28T22:15:36+05:30,thermal_zone2,INT3400 Thermal,20000,0
2026-08-28T22:15:36+05:30,thermal_zone3,SEN1,1050,103050
2026-08-28T22:15:36+05:30,thermal_zone4,SEN2,42050,80050
2026-08-28T22:15:36+05:30,thermal_zone5,B0D4,48050,110050
2026-08-28T22:15:36+05:30,thermal_zone6,iwlwifi_1,58000,0
2026-08-28T22:15:36+05:30,thermal_zone7,x86_pkg_temp,66000,0
2026-08-28T22:15:38+05:30,thermal_zone0,acpitz,48000,128000
2026-08-28T22:15:38+05:30,thermal_zone1,pch_cannonlake,55000,120000
2026-08-28T22:15:38+05:30,thermal_zone2,INT3400 Thermal,20000,0
2026-08-28T22:15:38+05:30,thermal_zone3,SEN1,1050,103050
2026-08-28T22:15:38+05:30,thermal_zone4,SEN2,42050,80050
2026-08-28T22:15:38+05:30,thermal_zone5,B0D4,48050,110050
2026-08-28T22:15:38+05:30,thermal_zone6,iwlwifi_1,56000,0
2026-08-28T22:15:38+05:30,thermal_zone7,x86_pkg_temp,65000,0
2026-08-28T22:15:39+05:30,thermal_zone0,acpitz,48000,128000
2026-08-28T22:15:39+05:30,thermal_zone1,pch_cannonlake,54000,120000
2026-08-28T22:15:39+05:30,thermal_zone2,INT3400 Thermal,20000,0
2026-08-28T22:15:39+05:30,thermal_zone3,SEN1,1050,103050
2026-08-28T22:15:39+05:30,thermal_zone4,SEN2,42050,80050
2026-08-28T22:15:39+05:30,thermal_zone5,B0D4,48050,110050
2026-08-28T22:15:39+05:30,thermal_zone6,iwlwifi_1,56000,0
2026-08-28T22:15:39+05:30,thermal_zone7,x86_pkg_temp,64000,0
2026-08-28T22:15:40+05:30,thermal_zone0,acpitz,48000,128000
2026-08-28T22:15:40+05:30,thermal_zone1,pch_cannonlake,54000,120000
2026-08-28T22:15:40+05:30,thermal_zone2,INT3400 Thermal,20000,0
2026-08-28T22:15:40+05:30,thermal_zone3,SEN1,1050,103050
2026-08-28T22:15:40+05:30,thermal_zone4,SEN2,41050,80050
2026-08-28T22:15:40+05:30,thermal_zone5,B0D4,48050,110050
2026-08-28T22:15:40+05:30,thermal_zone6,iwlwifi_1,56000,0
2026-08-28T22:15:40+05:30,thermal_zone7,x86_pkg_temp,66000,0
2026-08-28T22:15:42+05:30,thermal_zone0,acpitz,48000,128000
2026-08-28T22:15:42+05:30,thermal_zone1,pch_cannonlake,54000,120000
2026-08-28T22:15:42+05:30,thermal_zone2,INT3400 Thermal,20000,0
2026-08-28T22:15:42+05:30,thermal_zone3,SEN1,1050,103050
2026-08-28T22:15:42+05:30,thermal_zone4,SEN2,41050,80050
2026-08-28T22:15:42+05:30,thermal_zone5,B0D4,48050,110050
2026-08-28T22:15:42+05:30,thermal_zone6,iwlwifi_1,56000,0
2026-08-28T22:15:42+05:30,thermal_zone7,x86_pkg_temp,66000,0
2026-08-28T22:15:43+05:30,thermal_zone0,acpitz,48000,128000
2026-08-28T22:15:43+05:30,thermal_zone1,pch_cannonlake,55000,120000
2026-08-28T22:15:43+05:30,thermal_zone2,INT3400 Thermal,20000,0
2026-08-28T22:15:43+05:30,thermal_zone3,SEN1,1050,103050
2026-08-28T22:15:43+05:30,thermal_zone4,SEN2,41050,80050
2026-08-28T22:15:43+05:30,thermal_zone5,B0D4,48050,110050
2026-08-28T22:15:43+05:30,thermal_zone6,iwlwifi_1,55000,0
2026-08-28T22:15:43+05:30,thermal_zone7,x86_pkg_temp,65000,0
2026-08-28T22:15:44+05:30,thermal_zone0,acpitz,48000,128000
2026-08-28T22:15:44+05:30,thermal_zone1,pch_cannonlake,55000,120000
2026-08-28T22:15:44+05:30,thermal_zone2,INT3400 Thermal,20000,0
2026-08-28T22:15:44+05:30,thermal_zone3,SEN1,1050,103050
2026-08-28T22:15:44+05:30,thermal_zone4,SEN2,41050,80050
2026-08-28T22:15:44+05:30,thermal_zone5,B0D4,48050,110050
2026-08-28T22:15:44+05:30,thermal_zone6,iwlwifi_1,56000,0
2026-08-28T22:15:44+05:30,thermal_zone7,x86_pkg_temp,66000,0
2026-08-28T22:15:46+05:30,thermal_zone0,acpitz,48000,128000
2026-08-28T22:15:46+05:30,thermal_zone1,pch_cannonlake,54000,120000
2026-08-28T22:15:46+05:30,thermal_zone2,INT3400 Thermal,20000,0
2026-08-28T22:15:46+05:30,thermal_zone3,SEN1,1050,103050
2026-08-28T22:15:46+05:30,thermal_zone4,SEN2,41050,80050
2026-08-28T22:15:46+05:30,thermal_zone5,B0D4,48050,110050
2026-08-28T22:15:46+05:30,thermal_zone6,iwlwifi_1,56000,0
2026-08-28T22:15:46+05:30,thermal_zone7,x86_pkg_temp,66000,0
2026-08-28T22:15:47+05:30,thermal_zone0,acpitz,48000,128000
2026-08-28T22:15:47+05:30,thermal_zone1,pch_cannonlake,55000,120000
2026-08-28T22:15:47+05:30,thermal_zone2,INT3400 Thermal,20000,0
2026-08-28T22:15:47+05:30,thermal_zone3,SEN1,1050,103050
2026-08-28T22:15:47+05:30,thermal_zone4,SEN2,41050,80050
2026-08-28T22:15:47+05:30,thermal_zone5,B0D4,48050,110050
2026-08-28T22:15:47+05:30,thermal_zone6,iwlwifi_1,56000,0
2026-08-28T22:15:47+05:30,thermal_zone7,x86_pkg_temp,63000,0
2026-08-28T22:15:48+05:30,thermal_zone0,acpitz,48000,128000
2026-08-28T22:15:48+05:30,thermal_zone1,pch_cannonlake,55000,120000
2026-08-28T22:15:48+05:30,thermal_zone2,INT3400 Thermal,20000,0
2026-08-28T22:15:48+05:30,thermal_zone3,SEN1,1050,103050
2026-08-28T22:15:48+05:30,thermal_zone4,SEN2,41050,80050
2026-08-28T22:15:48+05:30,thermal_zone5,B0D4,48050,110050
2026-08-28T22:15:48+05:30,thermal_zone6,iwlwifi_1,57000,0
2026-08-28T22:15:48+05:30,thermal_zone7,x86_pkg_temp,65000,0
2026-08-28T22:15:50+05:30,thermal_zone0,acpitz,48000,128000
2026-08-28T22:15:50+05:30,thermal_zone1,pch_cannonlake,55000,120000
2026-08-28T22:15:50+05:30,thermal_zone2,INT3400 Thermal,20000,0
2026-08-28T22:15:50+05:30,thermal_zone3,SEN1,1050,103050
2026-08-28T22:15:50+05:30,thermal_zone4,SEN2,41050,80050
2026-08-28T22:15:50+05:30,thermal_zone5,B0D4,48050,110050
2026-08-28T22:15:50+05:30,thermal_zone6,iwlwifi_1,56000,0
2026-08-28T22:15:50+05:30,thermal_zone7,x86_pkg_temp,64000,0
2026-08-28T22:15:51+05:30,thermal_zone0,acpitz,48000,128000
2026-08-28T22:15:51+05:30,thermal_zone1,pch_cannonlake,55000,120000
2026-08-28T22:15:51+05:30,thermal_zone2,INT3400 Thermal,20000,0
2026-08-28T22:15:51+05:30,thermal_zone3,SEN1,1050,103050
2026-08-28T22:15:51+05:30,thermal_zone4,SEN2,41050,80050
2026-08-28T22:15:51+05:30,thermal_zone5,B0D4,48050,110050
2026-08-28T22:15:51+05:30,thermal_zone6,iwlwifi_1,55000,0
2026-08-28T22:15:51+05:30,thermal_zone7,x86_pkg_temp,64000,0
2026-08-28T22:15:52+05:30,thermal_zone0,acpitz,48000,128000
2026-08-28T22:15:52+05:30,thermal_zone1,pch_cannonlake,54000,120000
2026-08-28T22:15:52+05:30,thermal_zone2,INT3400 Thermal,20000,0
2026-08-28T22:15:52+05:30,thermal_zone3,SEN1,1050,103050
2026-08-28T22:15:52+05:30,thermal_zone4,SEN2,41050,80050
2026-08-28T22:15:52+05:30,thermal_zone5,B0D4,48050,110050
2026-08-28T22:15:52+05:30,thermal_zone6,iwlwifi_1,57000,0
2026-08-28T22:15:52+05:30,thermal_zone7,x86_pkg_temp,66000,0
2026-08-28T22:15:54+05:30,thermal_zone0,acpitz,48000,128000
2026-08-28T22:15:54+05:30,thermal_zone1,pch_cannonlake,55000,120000
2026-08-28T22:15:54+05:30,thermal_zone2,INT3400 Thermal,20000,0
2026-08-28T22:15:54+05:30,thermal_zone3,SEN1,1050,103050
2026-08-28T22:15:54+05:30,thermal_zone4,SEN2,41050,80050
2026-08-28T22:15:54+05:30,thermal_zone5,B0D4,48050,110050
2026-08-28T22:15:54+05:30,thermal_zone6,iwlwifi_1,55000,0
2026-08-28T22:15:54+05:30,thermal_zone7,x86_pkg_temp,66000,0
2026-08-28T22:15:55+05:30,thermal_zone0,acpitz,48000,128000
2026-08-28T22:15:55+05:30,thermal_zone1,pch_cannonlake,55000,120000
2026-08-28T22:15:55+05:30,thermal_zone2,INT3400 Thermal,20000,0
2026-08-28T22:15:55+05:30,thermal_zone3,SEN1,1050,103050
2026-08-28T22:15:55+05:30,thermal_zone4,SEN2,42050,80050
2026-08-28T22:15:55+05:30,thermal_zone5,B0D4,48050,110050
2026-08-28T22:15:55+05:30,thermal_zone6,iwlwifi_1,55000,0
2026-08-28T22:15:55+05:30,thermal_zone7,x86_pkg_temp,64000,0
2026-08-28T22:15:56+05:30,thermal_zone0,acpitz,48000,128000
2026-08-28T22:15:56+05:30,thermal_zone1,pch_cannonlake,55000,120000
2026-08-28T22:15:56+05:30,thermal_zone2,INT3400 Thermal,20000,0
2026-08-28T22:15:56+05:30,thermal_zone3,SEN1,1050,103050
2026-08-28T22:15:56+05:30,thermal_zone4,SEN2,42050,80050
2026-08-28T22:15:56+05:30,thermal_zone5,B0D4,48050,110050
2026-08-28T22:15:56+05:30,thermal_zone6,iwlwifi_1,55000,0
2026-08-28T22:15:56+05:30,thermal_zone7,x86_pkg_temp,66000,0
2026-08-28T22:15:58+05:30,thermal_zone0,acpitz,48000,128000
2026-08-28T22:15:58+05:30,thermal_zone1,pch_cannonlake,53000,120000
2026-08-28T22:15:58+05:30,thermal_zone2,INT3400 Thermal,20000,0
2026-08-28T22:15:58+05:30,thermal_zone3,SEN1,1050,103050
2026-08-28T22:15:58+05:30,thermal_zone4,SEN2,42050,80050
2026-08-28T22:15:58+05:30,thermal_zone5,B0D4,48050,110050
2026-08-28T22:15:58+05:30,thermal_zone6,iwlwifi_1,55000,0
2026-08-28T22:15:58+05:30,thermal_zone7,x86_pkg_temp,66000,0
2026-08-28T22:15:59+05:30,thermal_zone0,acpitz,48000,128000
2026-08-28T22:15:59+05:30,thermal_zone1,pch_cannonlake,54000,120000
2026-08-28T22:15:59+05:30,thermal_zone2,INT3400 Thermal,20000,0
2026-08-28T22:15:59+05:30,thermal_zone3,SEN1,1050,103050
2026-08-28T22:15:59+05:30,thermal_zone4,SEN2,42050,80050
2026-08-28T22:15:59+05:30,thermal_zone5,B0D4,48050,110050
2026-08-28T22:15:59+05:30,thermal_zone6,iwlwifi_1,55000,0
2026-08-28T22:15:59+05:30,thermal_zone7,x86_pkg_temp,65000,0
2026-08-28T22:16:00+05:30,thermal_zone0,acpitz,48000,128000
2026-08-28T22:16:00+05:30,thermal_zone1,pch_cannonlake,53000,120000
2026-08-28T22:16:00+05:30,thermal_zone2,INT3400 Thermal,20000,0
2026-08-28T22:16:00+05:30,thermal_zone3,SEN1,1050,103050
2026-08-28T22:16:00+05:30,thermal_zone4,SEN2,42050,80050
2026-08-28T22:16:00+05:30,thermal_zone5,B0D4,48050,110050
2026-08-28T22:16:00+05:30,thermal_zone6,iwlwifi_1,56000,0
2026-08-28T22:16:00+05:30,thermal_zone7,x86_pkg_temp,66000,0
2026-08-28T22:16:02+05:30,thermal_zone0,acpitz,48000,128000
2026-08-28T22:16:02+05:30,thermal_zone1,pch_cannonlake,55000,120000
2026-08-28T22:16:02+05:30,thermal_zone2,INT3400 Thermal,20000,0
2026-08-28T22:16:02+05:30,thermal_zone3,SEN1,1050,103050
2026-08-28T22:16:02+05:30,thermal_zone4,SEN2,42050,80050
2026-08-28T22:16:02+05:30,thermal_zone5,B0D4,48050,110050
2026-08-28T22:16:02+05:30,thermal_zone6,iwlwifi_1,55000,0
2026-08-28T22:16:02+05:30,thermal_zone7,x86_pkg_temp,65000,0
2026-08-28T22:16:03+05:30,thermal_zone0,acpitz,48000,128000
2026-08-28T22:16:03+05:30,thermal_zone1,pch_cannonlake,54000,120000
2026-08-28T22:16:03+05:30,thermal_zone2,INT3400 Thermal,20000,0
2026-08-28T22:16:03+05:30,thermal_zone3,SEN1,1050,103050
2026-08-28T22:16:03+05:30,thermal_zone4,SEN2,42050,80050
2026-08-28T22:16:03+05:30,thermal_zone5,B0D4,48050,110050
2026-08-28T22:16:03+05:30,thermal_zone6,iwlwifi_1,56000,0
2026-08-28T22:16:03+05:30,thermal_zone7,x86_pkg_temp,64000,0
2026-08-28T22:16:04+05:30,thermal_zone0,acpitz,48000,128000
2026-08-28T22:16:04+05:30,thermal_zone1,pch_cannonlake,55000,120000
2026-08-28T22:16:04+05:30,thermal_zone2,INT3400 Thermal,20000,0
2026-08-28T22:16:04+05:30,thermal_zone3,SEN1,1050,103050
2026-08-28T22:16:04+05:30,thermal_zone4,SEN2,42050,80050
2026-08-28T22:16:04+05:30,thermal_zone5,B0D4,48050,110050
2026-08-28T22:16:04+05:30,thermal_zone6,iwlwifi_1,56000,0
2026-08-28T22:16:04+05:30,thermal_zone7,x86_pkg_temp,64000,0
2026-08-28T22:16:06+05:30,thermal_zone0,acpitz,48000,128000
2026-08-28T22:16:06+05:30,thermal_zone1,pch_cannonlake,54000,120000
2026-08-28T22:16:06+05:30,thermal_zone2,INT3400 Thermal,20000,0
2026-08-28T22:16:06+05:30,thermal_zone3,SEN1,1050,103050
2026-08-28T22:16:06+05:30,thermal_zone4,SEN2,42050,80050
2026-08-28T22:16:06+05:30,thermal_zone5,B0D4,48050,110050
2026-08-28T22:16:06+05:30,thermal_zone6,iwlwifi_1,57000,0
2026-08-28T22:16:06+05:30,thermal_zone7,x86_pkg_temp,66000,0
2026-08-28T22:16:07+05:30,thermal_zone0,acpitz,48000,128000
2026-08-28T22:16:07+05:30,thermal_zone1,pch_cannonlake,55000,120000
2026-08-28T22:16:07+05:30,thermal_zone2,INT3400 Thermal,20000,0
2026-08-28T22:16:07+05:30,thermal_zone3,SEN1,1050,103050
2026-08-28T22:16:07+05:30,thermal_zone4,SEN2,42050,80050
2026-08-28T22:16:07+05:30,thermal_zone5,B0D4,48050,110050
2026-08-28T22:16:07+05:30,thermal_zone6,iwlwifi_1,56000,0
2026-08-28T22:16:07+05:30,thermal_zone7,x86_pkg_temp,66000,0
2026-08-28T22:16:08+05:30,thermal_zone0,acpitz,48000,128000
2026-08-28T22:16:08+05:30,thermal_zone1,pch_cannonlake,55000,120000
2026-08-28T22:16:08+05:30,thermal_zone2,INT3400 Thermal,20000,0
2026-08-28T22:16:08+05:30,thermal_zone3,SEN1,1050,103050
2026-08-28T22:16:08+05:30,thermal_zone4,SEN2,42050,80050
2026-08-28T22:16:08+05:30,thermal_zone5,B0D4,48050,110050
2026-08-28T22:16:08+05:30,thermal_zone6,iwlwifi_1,57000,0
2026-08-28T22:16:08+05:30,thermal_zone7,x86_pkg_temp,66000,0
2026-08-28T22:16:10+05:30,thermal_zone0,acpitz,48000,128000
2026-08-28T22:16:10+05:30,thermal_zone1,pch_cannonlake,55000,120000
2026-08-28T22:16:10+05:30,thermal_zone2,INT3400 Thermal,20000,0
2026-08-28T22:16:10+05:30,thermal_zone3,SEN1,1050,103050
2026-08-28T22:16:10+05:30,thermal_zone4,SEN2,42050,80050
2026-08-28T22:16:10+05:30,thermal_zone5,B0D4,48050,110050
2026-08-28T22:16:10+05:30,thermal_zone6,iwlwifi_1,57000,0
2026-08-28T22:16:10+05:30,thermal_zone7,x86_pkg_temp,66000,0
2026-08-28T22:16:11+05:30,thermal_zone0,acpitz,48000,128000
2026-08-28T22:16:11+05:30,thermal_zone1,pch_cannonlake,55000,120000
2026-08-28T22:16:11+05:30,thermal_zone2,INT3400 Thermal,20000,0
2026-08-28T22:16:11+05:30,thermal_zone3,SEN1,1050,103050
2026-08-28T22:16:11+05:30,thermal_zone4,SEN2,41050,80050
2026-08-28T22:16:11+05:30,thermal_zone5,B0D4,48050,110050
2026-08-28T22:16:11+05:30,thermal_zone6,iwlwifi_1,57000,0
2026-08-28T22:16:11+05:30,thermal_zone7,x86_pkg_temp,64000,0
2026-08-28T22:16:12+05:30,thermal_zone0,acpitz,48000,128000
2026-08-28T22:16:12+05:30,thermal_zone1,pch_cannonlake,55000,120000
2026-08-28T22:16:12+05:30,thermal_zone2,INT3400 Thermal,20000,0
2026-08-28T22:16:12+05:30,thermal_zone3,SEN1,1050,103050
2026-08-28T22:16:12+05:30,thermal_zone4,SEN2,41050,80050
2026-08-28T22:16:12+05:30,thermal_zone5,B0D4,48050,110050
2026-08-28T22:16:12+05:30,thermal_zone6,iwlwifi_1,57000,0
2026-08-28T22:16:12+05:30,thermal_zone7,x86_pkg_temp,67000,0
2026-08-28T22:16:14+05:30,thermal_zone0,acpitz,48000,128000
2026-08-28T22:16:14+05:30,thermal_zone1,pch_cannonlake,55000,120000
2026-08-28T22:16:14+05:30,thermal_zone2,INT3400 Thermal,20000,0
2026-08-28T22:16:14+05:30,thermal_zone3,SEN1,1050,103050
2026-08-28T22:16:14+05:30,thermal_zone4,SEN2,41050,80050
2026-08-28T22:16:14+05:30,thermal_zone5,B0D4,48050,110050
2026-08-28T22:16:14+05:30,thermal_zone6,iwlwifi_1,57000,0
2026-08-28T22:16:14+05:30,thermal_zone7,x86_pkg_temp,66000,0
2026-08-28T22:16:15+05:30,thermal_zone0,acpitz,48000,128000
2026-08-28T22:16:15+05:30,thermal_zone1,pch_cannonlake,53000,120000
2026-08-28T22:16:15+05:30,thermal_zone2,INT3400 Thermal,20000,0
2026-08-28T22:16:15+05:30,thermal_zone3,SEN1,1050,103050
2026-08-28T22:16:15+05:30,thermal_zone4,SEN2,41050,80050
2026-08-28T22:16:15+05:30,thermal_zone5,B0D4,48050,110050
2026-08-28T22:16:15+05:30,thermal_zone6,iwlwifi_1,57000,0
2026-08-28T22:16:15+05:30,thermal_zone7,x86_pkg_temp,66000,0
2026-08-28T22:16:16+05:30,thermal_zone0,acpitz,48000,128000
2026-08-28T22:16:16+05:30,thermal_zone1,pch_cannonlake,54000,120000
2026-08-28T22:16:16+05:30,thermal_zone2,INT3400 Thermal,20000,0
2026-08-28T22:16:16+05:30,thermal_zone3,SEN1,1050,103050
2026-08-28T22:16:16+05:30,thermal_zone4,SEN2,41050,80050
2026-08-28T22:16:16+05:30,thermal_zone5,B0D4,48050,110050
2026-08-28T22:16:16+05:30,thermal_zone6,iwlwifi_1,56000,0
2026-08-28T22:16:16+05:30,thermal_zone7,x86_pkg_temp,67000,0
2026-08-28T22:16:18+05:30,thermal_zone0,acpitz,48000,128000
2026-08-28T22:16:18+05:30,thermal_zone1,pch_cannonlake,54000,120000
2026-08-28T22:16:18+05:30,thermal_zone2,INT3400 Thermal,20000,0
2026-08-28T22:16:18+05:30,thermal_zone3,SEN1,1050,103050
2026-08-28T22:16:18+05:30,thermal_zone4,SEN2,41050,80050
2026-08-28T22:16:18+05:30,thermal_zone5,B0D4,48050,110050
2026-08-28T22:16:18+05:30,thermal_zone6,iwlwifi_1,55000,0
2026-08-28T22:16:18+05:30,thermal_zone7,x86_pkg_temp,66000,0
2026-08-28T22:16:19+05:30,thermal_zone0,acpitz,48000,128000
2026-08-28T22:16:19+05:30,thermal_zone1,pch_cannonlake,54000,120000
2026-08-28T22:16:19+05:30,thermal_zone2,INT3400 Thermal,20000,0
2026-08-28T22:16:19+05:30,thermal_zone3,SEN1,1050,103050
2026-08-28T22:16:19+05:30,thermal_zone4,SEN2,41050,80050
2026-08-28T22:16:19+05:30,thermal_zone5,B0D4,48050,110050
2026-08-28T22:16:19+05:30,thermal_zone6,iwlwifi_1,55000,0
2026-08-28T22:16:19+05:30,thermal_zone7,x86_pkg_temp,65000,0
2026-08-28T22:16:20+05:30,thermal_zone0,acpitz,48000,128000
2026-08-28T22:16:20+05:30,thermal_zone1,pch_cannonlake,55000,120000
2026-08-28T22:16:20+05:30,thermal_zone2,INT3400 Thermal,20000,0
2026-08-28T22:16:20+05:30,thermal_zone3,SEN1,1050,103050
2026-08-28T22:16:20+05:30,thermal_zone4,SEN2,41050,80050
2026-08-28T22:16:20+05:30,thermal_zone5,B0D4,48050,110050
2026-08-28T22:16:20+05:30,thermal_zone6,iwlwifi_1,55000,0
2026-08-28T22:16:20+05:30,thermal_zone7,x86_pkg_temp,66000,0
2026-08-28T22:16:22+05:30,thermal_zone0,acpitz,48000,128000
2026-08-28T22:16:22+05:30,thermal_zone1,pch_cannonlake,54000,120000
2026-08-28T22:16:22+05:30,thermal_zone2,INT3400 Thermal,20000,0
2026-08-28T22:16:22+05:30,thermal_zone3,SEN1,1050,103050
2026-08-28T22:16:22+05:30,thermal_zone4,SEN2,41050,80050
2026-08-28T22:16:22+05:30,thermal_zone5,B0D4,48050,110050
2026-08-28T22:16:22+05:30,thermal_zone6,iwlwifi_1,57000,0
2026-08-28T22:16:22+05:30,thermal_zone7,x86_pkg_temp,66000,0
2026-08-28T22:16:23+05:30,thermal_zone0,acpitz,48000,128000
2026-08-28T22:16:23+05:30,thermal_zone1,pch_cannonlake,55000,120000
2026-08-28T22:16:23+05:30,thermal_zone2,INT3400 Thermal,20000,0
2026-08-28T22:16:23+05:30,thermal_zone3,SEN1,1050,103050
2026-08-28T22:16:23+05:30,thermal_zone4,SEN2,41050,80050
2026-08-28T22:16:23+05:30,thermal_zone5,B0D4,48050,110050
2026-08-28T22:16:23+05:30,thermal_zone6,iwlwifi_1,55000,0
2026-08-28T22:16:23+05:30,thermal_zone7,x86_pkg_temp,66000,0
2026-08-28T22:16:24+05:30,thermal_zone0,acpitz,48000,128000
2026-08-28T22:16:24+05:30,thermal_zone1,pch_cannonlake,54000,120000
2026-08-28T22:16:24+05:30,thermal_zone2,INT3400 Thermal,20000,0
2026-08-28T22:16:24+05:30,thermal_zone3,SEN1,1050,103050
2026-08-28T22:16:24+05:30,thermal_zone4,SEN2,41050,80050
2026-08-28T22:16:24+05:30,thermal_zone5,B0D4,48050,110050
2026-08-28T22:16:24+05:30,thermal_zone6,iwlwifi_1,55000,0
2026-08-28T22:16:24+05:30,thermal_zone7,x86_pkg_temp,66000,0
2026-08-28T22:16:26+05:30,thermal_zone0,acpitz,48000,128000
2026-08-28T22:16:26+05:30,thermal_zone1,pch_cannonlake,55000,120000
2026-08-28T22:16:26+05:30,thermal_zone2,INT3400 Thermal,20000,0
2026-08-28T22:16:26+05:30,thermal_zone3,SEN1,1050,103050
2026-08-28T22:16:26+05:30,thermal_zone4,SEN2,41050,80050
2026-08-28T22:16:26+05:30,thermal_zone5,B0D4,48050,110050
2026-08-28T22:16:26+05:30,thermal_zone6,iwlwifi_1,57000,0
2026-08-28T22:16:26+05:30,thermal_zone7,x86_pkg_temp,64000,0
2026-08-28T22:16:27+05:30,thermal_zone0,acpitz,48000,128000
2026-08-28T22:16:27+05:30,thermal_zone1,pch_cannonlake,55000,120000
2026-08-28T22:16:27+05:30,thermal_zone2,INT3400 Thermal,20000,0
2026-08-28T22:16:27+05:30,thermal_zone3,SEN1,1050,103050
2026-08-28T22:16:27+05:30,thermal_zone4,SEN2,43050,80050
2026-08-28T22:16:27+05:30,thermal_zone5,B0D4,48050,110050
2026-08-28T22:16:27+05:30,thermal_zone6,iwlwifi_1,55000,0
2026-08-28T22:16:27+05:30,thermal_zone7,x86_pkg_temp,66000,0
2026-08-28T22:16:28+05:30,thermal_zone0,acpitz,48000,128000
2026-08-28T22:16:28+05:30,thermal_zone1,pch_cannonlake,55000,120000
2026-08-28T22:16:28+05:30,thermal_zone2,INT3400 Thermal,20000,0
2026-08-28T22:16:28+05:30,thermal_zone3,SEN1,1050,103050
2026-08-28T22:16:28+05:30,thermal_zone4,SEN2,43050,80050
2026-08-28T22:16:28+05:30,thermal_zone5,B0D4,48050,110050
2026-08-28T22:16:28+05:30,thermal_zone6,iwlwifi_1,55000,0
2026-08-28T22:16:28+05:30,thermal_zone7,x86_pkg_temp,66000,0
2026-08-28T22:16:30+05:30,thermal_zone0,acpitz,48000,128000
2026-08-28T22:16:30+05:30,thermal_zone1,pch_cannonlake,54000,120000
2026-08-28T22:16:30+05:30,thermal_zone2,INT3400 Thermal,20000,0
2026-08-28T22:16:30+05:30,thermal_zone3,SEN1,1050,103050
2026-08-28T22:16:30+05:30,thermal_zone4,SEN2,43050,80050
2026-08-28T22:16:30+05:30,thermal_zone5,B0D4,48050,110050
2026-08-28T22:16:30+05:30,thermal_zone6,iwlwifi_1,55000,0
2026-08-28T22:16:30+05:30,thermal_zone7,x86_pkg_temp,66000,0
2026-08-28T22:16:31+05:30,thermal_zone0,acpitz,48000,128000
2026-08-28T22:16:31+05:30,thermal_zone1,pch_cannonlake,55000,120000
2026-08-28T22:16:31+05:30,thermal_zone2,INT3400 Thermal,20000,0
2026-08-28T22:16:31+05:30,thermal_zone3,SEN1,1050,103050
2026-08-28T22:16:31+05:30,thermal_zone4,SEN2,43050,80050
2026-08-28T22:16:31+05:30,thermal_zone5,B0D4,48050,110050
2026-08-28T22:16:31+05:30,thermal_zone6,iwlwifi_1,55000,0
2026-08-28T22:16:31+05:30,thermal_zone7,x86_pkg_temp,66000,0
2026-08-28T22:16:32+05:30,thermal_zone0,acpitz,48000,128000
2026-08-28T22:16:32+05:30,thermal_zone1,pch_cannonlake,54000,120000
2026-08-28T22:16:32+05:30,thermal_zone2,INT3400 Thermal,20000,0
2026-08-28T22:16:32+05:30,thermal_zone3,SEN1,1050,103050
2026-08-28T22:16:32+05:30,thermal_zone4,SEN2,43050,80050
2026-08-28T22:16:32+05:30,thermal_zone5,B0D4,48050,110050
2026-08-28T22:16:32+05:30,thermal_zone6,iwlwifi_1,55000,0
2026-08-28T22:16:32+05:30,thermal_zone7,x86_pkg_temp,67000,0
2026-08-28T22:16:34+05:30,thermal_zone0,acpitz,48000,128000
2026-08-28T22:16:34+05:30,thermal_zone1,pch_cannonlake,55000,120000
2026-08-28T22:16:34+05:30,thermal_zone2,INT3400 Thermal,20000,0
2026-08-28T22:16:34+05:30,thermal_zone3,SEN1,1050,103050
2026-08-28T22:16:34+05:30,thermal_zone4,SEN2,43050,80050
2026-08-28T22:16:34+05:30,thermal_zone5,B0D4,48050,110050
2026-08-28T22:16:34+05:30,thermal_zone6,iwlwifi_1,55000,0
2026-08-28T22:16:34+05:30,thermal_zone7,x86_pkg_temp,65000,0
2026-08-28T22:16:35+05:30,thermal_zone0,acpitz,48000,128000
2026-08-28T22:16:35+05:30,thermal_zone1,pch_cannonlake,55000,120000
2026-08-28T22:16:35+05:30,thermal_zone2,INT3400 Thermal,20000,0
2026-08-28T22:16:35+05:30,thermal_zone3,SEN1,1050,103050
2026-08-28T22:16:35+05:30,thermal_zone4,SEN2,43050,80050
2026-08-28T22:16:35+05:30,thermal_zone5,B0D4,48050,110050
2026-08-28T22:16:35+05:30,thermal_zone6,iwlwifi_1,55000,0
2026-08-28T22:16:35+05:30,thermal_zone7,x86_pkg_temp,65000,0
2026-08-28T22:16:36+05:30,thermal_zone0,acpitz,48000,128000
2026-08-28T22:16:36+05:30,thermal_zone1,pch_cannonlake,53000,120000
2026-08-28T22:16:36+05:30,thermal_zone2,INT3400 Thermal,20000,0
2026-08-28T22:16:36+05:30,thermal_zone3,SEN1,1050,103050
2026-08-28T22:16:36+05:30,thermal_zone4,SEN2,43050,80050
2026-08-28T22:16:36+05:30,thermal_zone5,B0D4,48050,110050
2026-08-28T22:16:36+05:30,thermal_zone6,iwlwifi_1,55000,0
2026-08-28T22:16:36+05:30,thermal_zone7,x86_pkg_temp,66000,0
2026-08-28T22:16:38+05:30,thermal_zone0,acpitz,48000,128000
2026-08-28T22:16:38+05:30,thermal_zone1,pch_cannonlake,54000,120000
2026-08-28T22:16:38+05:30,thermal_zone2,INT3400 Thermal,20000,0
2026-08-28T22:16:38+05:30,thermal_zone3,SEN1,1050,103050
2026-08-28T22:16:38+05:30,thermal_zone4,SEN2,43050,80050
2026-08-28T22:16:38+05:30,thermal_zone5,B0D4,48050,110050
2026-08-28T22:16:38+05:30,thermal_zone6,iwlwifi_1,55000,0
2026-08-28T22:16:38+05:30,thermal_zone7,x86_pkg_temp,65000,0
2026-08-28T22:16:39+05:30,thermal_zone0,acpitz,48000,128000
2026-08-28T22:16:39+05:30,thermal_zone1,pch_cannonlake,54000,120000
2026-08-28T22:16:39+05:30,thermal_zone2,INT3400 Thermal,20000,0
2026-08-28T22:16:39+05:30,thermal_zone3,SEN1,1050,103050
2026-08-28T22:16:39+05:30,thermal_zone4,SEN2,43050,80050
2026-08-28T22:16:39+05:30,thermal_zone5,B0D4,48050,110050
2026-08-28T22:16:39+05:30,thermal_zone6,iwlwifi_1,55000,0
2026-08-28T22:16:39+05:30,thermal_zone7,x86_pkg_temp,66000,0
2026-08-28T22:16:40+05:30,thermal_zone0,acpitz,48000,128000
2026-08-28T22:16:40+05:30,thermal_zone1,pch_cannonlake,53000,120000
2026-08-28T22:16:40+05:30,thermal_zone2,INT3400 Thermal,20000,0
2026-08-28T22:16:40+05:30,thermal_zone3,SEN1,1050,103050
2026-08-28T22:16:40+05:30,thermal_zone4,SEN2,43050,80050
2026-08-28T22:16:40+05:30,thermal_zone5,B0D4,48050,110050
2026-08-28T22:16:40+05:30,thermal_zone6,iwlwifi_1,55000,0
2026-08-28T22:16:40+05:30,thermal_zone7,x86_pkg_temp,66000,0
2026-08-28T22:16:42+05:30,thermal_zone0,acpitz,48000,128000
2026-08-28T22:16:42+05:30,thermal_zone1,pch_cannonlake,55000,120000
2026-08-28T22:16:42+05:30,thermal_zone2,INT3400 Thermal,20000,0
2026-08-28T22:16:42+05:30,thermal_zone3,SEN1,1050,103050
2026-08-28T22:16:42+05:30,thermal_zone4,SEN2,42050,80050
2026-08-28T22:16:42+05:30,thermal_zone5,B0D4,48050,110050
2026-08-28T22:16:42+05:30,thermal_zone6,iwlwifi_1,55000,0
2026-08-28T22:16:42+05:30,thermal_zone7,x86_pkg_temp,64000,0
2026-08-28T22:16:43+05:30,thermal_zone0,acpitz,48000,128000
2026-08-28T22:16:43+05:30,thermal_zone1,pch_cannonlake,54000,120000
2026-08-28T22:16:43+05:30,thermal_zone2,INT3400 Thermal,20000,0
2026-08-28T22:16:43+05:30,thermal_zone3,SEN1,1050,103050
2026-08-28T22:16:43+05:30,thermal_zone4,SEN2,42050,80050
2026-08-28T22:16:43+05:30,thermal_zone5,B0D4,48050,110050
2026-08-28T22:16:43+05:30,thermal_zone6,iwlwifi_1,56000,0
2026-08-28T22:16:43+05:30,thermal_zone7,x86_pkg_temp,66000,0
2026-08-28T22:16:44+05:30,thermal_zone0,acpitz,48000,128000
2026-08-28T22:16:44+05:30,thermal_zone1,pch_cannonlake,54000,120000
2026-08-28T22:16:44+05:30,thermal_zone2,INT3400 Thermal,20000,0
2026-08-28T22:16:44+05:30,thermal_zone3,SEN1,1050,103050
2026-08-28T22:16:44+05:30,thermal_zone4,SEN2,42050,80050
2026-08-28T22:16:44+05:30,thermal_zone5,B0D4,48050,110050
2026-08-28T22:16:44+05:30,thermal_zone6,iwlwifi_1,56000,0
2026-08-28T22:16:44+05:30,thermal_zone7,x86_pkg_temp,66000,0
2026-08-28T22:16:45+05:30,thermal_zone0,acpitz,48000,128000
2026-08-28T22:16:45+05:30,thermal_zone1,pch_cannonlake,54000,120000
2026-08-28T22:16:45+05:30,thermal_zone2,INT3400 Thermal,20000,0
2026-08-28T22:16:45+05:30,thermal_zone3,SEN1,1050,103050
2026-08-28T22:16:45+05:30,thermal_zone4,SEN2,42050,80050
2026-08-28T22:16:45+05:30,thermal_zone5,B0D4,48050,110050
2026-08-28T22:16:45+05:30,thermal_zone6,iwlwifi_1,57000,0
2026-08-28T22:16:45+05:30,thermal_zone7,x86_pkg_temp,65000,0
2026-08-28T22:16:47+05:30,thermal_zone0,acpitz,48000,128000
2026-08-28T22:16:47+05:30,thermal_zone1,pch_cannonlake,55000,120000
2026-08-28T22:16:47+05:30,thermal_zone2,INT3400 Thermal,20000,0
2026-08-28T22:16:47+05:30,thermal_zone3,SEN1,1050,103050
2026-08-28T22:16:47+05:30,thermal_zone4,SEN2,42050,80050
2026-08-28T22:16:47+05:30,thermal_zone5,B0D4,48050,110050
2026-08-28T22:16:47+05:30,thermal_zone6,iwlwifi_1,58000,0
2026-08-28T22:16:47+05:30,thermal_zone7,x86_pkg_temp,64000,0
2026-08-28T22:16:48+05:30,thermal_zone0,acpitz,48000,128000
2026-08-28T22:16:48+05:30,thermal_zone1,pch_cannonlake,54000,120000
2026-08-28T22:16:48+05:30,thermal_zone2,INT3400 Thermal,20000,0
2026-08-28T22:16:48+05:30,thermal_zone3,SEN1,1050,103050
2026-08-28T22:16:48+05:30,thermal_zone4,SEN2,42050,80050
2026-08-28T22:16:48+05:30,thermal_zone5,B0D4,48050,110050
2026-08-28T22:16:48+05:30,thermal_zone6,iwlwifi_1,57000,0
2026-08-28T22:16:48+05:30,thermal_zone7,x86_pkg_temp,66000,0
2026-08-28T22:16:49+05:30,thermal_zone0,acpitz,48000,128000
2026-08-28T22:16:49+05:30,thermal_zone1,pch_cannonlake,54000,120000
2026-08-28T22:16:49+05:30,thermal_zone2,INT3400 Thermal,20000,0
2026-08-28T22:16:49+05:30,thermal_zone3,SEN1,1050,103050
2026-08-28T22:16:49+05:30,thermal_zone4,SEN2,42050,80050
2026-08-28T22:16:49+05:30,thermal_zone5,B0D4,48050,110050
2026-08-28T22:16:49+05:30,thermal_zone6,iwlwifi_1,58000,0
2026-08-28T22:16:49+05:30,thermal_zone7,x86_pkg_temp,64000,0
2026-08-28T22:16:51+05:30,thermal_zone0,acpitz,48000,128000
2026-08-28T22:16:51+05:30,thermal_zone1,pch_cannonlake,55000,120000
2026-08-28T22:16:51+05:30,thermal_zone2,INT3400 Thermal,20000,0
2026-08-28T22:16:51+05:30,thermal_zone3,SEN1,1050,103050
2026-08-28T22:16:51+05:30,thermal_zone4,SEN2,42050,80050
2026-08-28T22:16:51+05:30,thermal_zone5,B0D4,48050,110050
2026-08-28T22:16:51+05:30,thermal_zone6,iwlwifi_1,57000,0
2026-08-28T22:16:51+05:30,thermal_zone7,x86_pkg_temp,64000,0
2026-08-28T22:16:52+05:30,thermal_zone0,acpitz,48000,128000
2026-08-28T22:16:52+05:30,thermal_zone1,pch_cannonlake,55000,120000
2026-08-28T22:16:52+05:30,thermal_zone2,INT3400 Thermal,20000,0
2026-08-28T22:16:52+05:30,thermal_zone3,SEN1,1050,103050
2026-08-28T22:16:52+05:30,thermal_zone4,SEN2,42050,80050
2026-08-28T22:16:52+05:30,thermal_zone5,B0D4,48050,110050
2026-08-28T22:16:52+05:30,thermal_zone6,iwlwifi_1,56000,0
2026-08-28T22:16:52+05:30,thermal_zone7,x86_pkg_temp,66000,0
2026-08-28T22:16:53+05:30,thermal_zone0,acpitz,48000,128000
2026-08-28T22:16:53+05:30,thermal_zone1,pch_cannonlake,55000,120000
2026-08-28T22:16:53+05:30,thermal_zone2,INT3400 Thermal,20000,0
2026-08-28T22:16:53+05:30,thermal_zone3,SEN1,1050,103050
2026-08-28T22:16:53+05:30,thermal_zone4,SEN2,42050,80050
2026-08-28T22:16:53+05:30,thermal_zone5,B0D4,48050,110050
2026-08-28T22:16:53+05:30,thermal_zone6,iwlwifi_1,57000,0
2026-08-28T22:16:53+05:30,thermal_zone7,x86_pkg_temp,66000,0
2026-08-28T22:16:55+05:30,thermal_zone0,acpitz,48000,128000
2026-08-28T22:16:55+05:30,thermal_zone1,pch_cannonlake,55000,120000
2026-08-28T22:16:55+05:30,thermal_zone2,INT3400 Thermal,20000,0
2026-08-28T22:16:55+05:30,thermal_zone3,SEN1,1050,103050
2026-08-28T22:16:55+05:30,thermal_zone4,SEN2,42050,80050
2026-08-28T22:16:55+05:30,thermal_zone5,B0D4,48050,110050
2026-08-28T22:16:55+05:30,thermal_zone6,iwlwifi_1,56000,0
2026-08-28T22:16:55+05:30,thermal_zone7,x86_pkg_temp,66000,0
2026-08-28T22:16:56+05:30,thermal_zone0,acpitz,48000,128000
2026-08-28T22:16:56+05:30,thermal_zone1,pch_cannonlake,54000,120000
2026-08-28T22:16:56+05:30,thermal_zone2,INT3400 Thermal,20000,0
2026-08-28T22:16:56+05:30,thermal_zone3,SEN1,1050,103050
2026-08-28T22:16:56+05:30,thermal_zone4,SEN2,42050,80050
2026-08-28T22:16:56+05:30,thermal_zone5,B0D4,48050,110050
2026-08-28T22:16:56+05:30,thermal_zone6,iwlwifi_1,57000,0
2026-08-28T22:16:56+05:30,thermal_zone7,x86_pkg_temp,66000,0
2026-08-28T22:16:58+05:30,thermal_zone0,acpitz,48000,128000
2026-08-28T22:16:58+05:30,thermal_zone1,pch_cannonlake,55000,120000
2026-08-28T22:16:58+05:30,thermal_zone2,INT3400 Thermal,20000,0
2026-08-28T22:16:58+05:30,thermal_zone3,SEN1,1050,103050
2026-08-28T22:16:58+05:30,thermal_zone4,SEN2,42050,80050
2026-08-28T22:16:58+05:30,thermal_zone5,B0D4,48050,110050
2026-08-28T22:16:58+05:30,thermal_zone6,iwlwifi_1,56000,0
2026-08-28T22:16:58+05:30,thermal_zone7,x86_pkg_temp,65000,0
2026-08-28T22:16:59+05:30,thermal_zone0,acpitz,48000,128000
2026-08-28T22:16:59+05:30,thermal_zone1,pch_cannonlake,55000,120000
2026-08-28T22:16:59+05:30,thermal_zone2,INT3400 Thermal,20000,0
2026-08-28T22:16:59+05:30,thermal_zone3,SEN1,1050,103050
2026-08-28T22:16:59+05:30,thermal_zone4,SEN2,41050,80050
2026-08-28T22:16:59+05:30,thermal_zone5,B0D4,48050,110050
2026-08-28T22:16:59+05:30,thermal_zone6,iwlwifi_1,56000,0
2026-08-28T22:16:59+05:30,thermal_zone7,x86_pkg_temp,64000,0
2026-08-28T22:17:00+05:30,thermal_zone0,acpitz,48000,128000
2026-08-28T22:17:00+05:30,thermal_zone1,pch_cannonlake,53000,120000
2026-08-28T22:17:00+05:30,thermal_zone2,INT3400 Thermal,20000,0
2026-08-28T22:17:00+05:30,thermal_zone3,SEN1,1050,103050
2026-08-28T22:17:00+05:30,thermal_zone4,SEN2,41050,80050
2026-08-28T22:17:00+05:30,thermal_zone5,B0D4,48050,110050
2026-08-28T22:17:00+05:30,thermal_zone6,iwlwifi_1,55000,0
2026-08-28T22:17:00+05:30,thermal_zone7,x86_pkg_temp,66000,0
2026-08-28T22:17:01+05:30,thermal_zone0,acpitz,48000,128000
2026-08-28T22:17:01+05:30,thermal_zone1,pch_cannonlake,54000,120000
2026-08-28T22:17:01+05:30,thermal_zone2,INT3400 Thermal,20000,0
2026-08-28T22:17:01+05:30,thermal_zone3,SEN1,1050,103050
2026-08-28T22:17:01+05:30,thermal_zone4,SEN2,41050,80050
2026-08-28T22:17:01+05:30,thermal_zone5,B0D4,48050,110050
2026-08-28T22:17:01+05:30,thermal_zone6,iwlwifi_1,55000,0
2026-08-28T22:17:01+05:30,thermal_zone7,x86_pkg_temp,66000,0
2026-08-28T22:17:03+05:30,thermal_zone0,acpitz,48000,128000
2026-08-28T22:17:03+05:30,thermal_zone1,pch_cannonlake,53000,120000
2026-08-28T22:17:03+05:30,thermal_zone2,INT3400 Thermal,20000,0
2026-08-28T22:17:03+05:30,thermal_zone3,SEN1,1050,103050
2026-08-28T22:17:03+05:30,thermal_zone4,SEN2,41050,80050
2026-08-28T22:17:03+05:30,thermal_zone5,B0D4,48050,110050
2026-08-28T22:17:03+05:30,thermal_zone6,iwlwifi_1,55000,0
2026-08-28T22:17:03+05:30,thermal_zone7,x86_pkg_temp,66000,0
2026-08-28T22:17:04+05:30,thermal_zone0,acpitz,48000,128000
2026-08-28T22:17:04+05:30,thermal_zone1,pch_cannonlake,54000,120000
2026-08-28T22:17:04+05:30,thermal_zone2,INT3400 Thermal,20000,0
2026-08-28T22:17:04+05:30,thermal_zone3,SEN1,1050,103050
2026-08-28T22:17:04+05:30,thermal_zone4,SEN2,41050,80050
2026-08-28T22:17:04+05:30,thermal_zone5,B0D4,48050,110050
2026-08-28T22:17:04+05:30,thermal_zone6,iwlwifi_1,55000,0
2026-08-28T22:17:04+05:30,thermal_zone7,x86_pkg_temp,67000,0
2026-08-28T22:17:06+05:30,thermal_zone0,acpitz,48000,128000
2026-08-28T22:17:06+05:30,thermal_zone1,pch_cannonlake,55000,120000
2026-08-28T22:17:06+05:30,thermal_zone2,INT3400 Thermal,20000,0
2026-08-28T22:17:06+05:30,thermal_zone3,SEN1,1050,103050
2026-08-28T22:17:06+05:30,thermal_zone4,SEN2,41050,80050
2026-08-28T22:17:06+05:30,thermal_zone5,B0D4,48050,110050
2026-08-28T22:17:06+05:30,thermal_zone6,iwlwifi_1,55000,0
2026-08-28T22:17:06+05:30,thermal_zone7,x86_pkg_temp,64000,0
2026-08-28T22:17:07+05:30,thermal_zone0,acpitz,48000,128000
2026-08-28T22:17:07+05:30,thermal_zone1,pch_cannonlake,55000,120000
2026-08-28T22:17:07+05:30,thermal_zone2,INT3400 Thermal,20000,0
2026-08-28T22:17:07+05:30,thermal_zone3,SEN1,1050,103050
2026-08-28T22:17:07+05:30,thermal_zone4,SEN2,41050,80050
2026-08-28T22:17:07+05:30,thermal_zone5,B0D4,48050,110050
2026-08-28T22:17:07+05:30,thermal_zone6,iwlwifi_1,55000,0
2026-08-28T22:17:07+05:30,thermal_zone7,x86_pkg_temp,63000,0
2026-08-28T22:17:08+05:30,thermal_zone0,acpitz,48000,128000
2026-08-28T22:17:08+05:30,thermal_zone1,pch_cannonlake,55000,120000
2026-08-28T22:17:08+05:30,thermal_zone2,INT3400 Thermal,20000,0
2026-08-28T22:17:08+05:30,thermal_zone3,SEN1,1050,103050
2026-08-28T22:17:08+05:30,thermal_zone4,SEN2,41050,80050
2026-08-28T22:17:08+05:30,thermal_zone5,B0D4,48050,110050
2026-08-28T22:17:08+05:30,thermal_zone6,iwlwifi_1,56000,0
2026-08-28T22:17:08+05:30,thermal_zone7,x86_pkg_temp,66000,0
2026-08-28T22:17:10+05:30,thermal_zone0,acpitz,48000,128000
2026-08-28T22:17:10+05:30,thermal_zone1,pch_cannonlake,55000,120000
2026-08-28T22:17:10+05:30,thermal_zone2,INT3400 Thermal,20000,0
2026-08-28T22:17:10+05:30,thermal_zone3,SEN1,1050,103050
2026-08-28T22:17:10+05:30,thermal_zone4,SEN2,41050,80050
2026-08-28T22:17:10+05:30,thermal_zone5,B0D4,48050,110050
2026-08-28T22:17:10+05:30,thermal_zone6,iwlwifi_1,55000,0
2026-08-28T22:17:10+05:30,thermal_zone7,x86_pkg_temp,66000,0
2026-08-28T22:17:11+05:30,thermal_zone0,acpitz,48000,128000
2026-08-28T22:17:11+05:30,thermal_zone1,pch_cannonlake,54000,120000
2026-08-28T22:17:11+05:30,thermal_zone2,INT3400 Thermal,20000,0
2026-08-28T22:17:11+05:30,thermal_zone3,SEN1,1050,103050
2026-08-28T22:17:11+05:30,thermal_zone4,SEN2,41050,80050
2026-08-28T22:17:11+05:30,thermal_zone5,B0D4,48050,110050
2026-08-28T22:17:11+05:30,thermal_zone6,iwlwifi_1,55000,0
2026-08-28T22:17:11+05:30,thermal_zone7,x86_pkg_temp,66000,0
2026-08-28T22:17:12+05:30,thermal_zone0,acpitz,48000,128000
2026-08-28T22:17:12+05:30,thermal_zone1,pch_cannonlake,54000,120000
2026-08-28T22:17:12+05:30,thermal_zone2,INT3400 Thermal,20000,0
2026-08-28T22:17:12+05:30,thermal_zone3,SEN1,1050,103050
2026-08-28T22:17:12+05:30,thermal_zone4,SEN2,41050,80050
2026-08-28T22:17:12+05:30,thermal_zone5,B0D4,48050,110050
2026-08-28T22:17:12+05:30,thermal_zone6,iwlwifi_1,55000,0
2026-08-28T22:17:12+05:30,thermal_zone7,x86_pkg_temp,66000,0
2026-08-28T22:17:14+05:30,thermal_zone0,acpitz,48000,128000
2026-08-28T22:17:14+05:30,thermal_zone1,pch_cannonlake,54000,120000
2026-08-28T22:17:14+05:30,thermal_zone2,INT3400 Thermal,20000,0
2026-08-28T22:17:14+05:30,thermal_zone3,SEN1,1050,103050
2026-08-28T22:17:14+05:30,thermal_zone4,SEN2,41050,80050
2026-08-28T22:17:14+05:30,thermal_zone5,B0D4,48050,110050
2026-08-28T22:17:14+05:30,thermal_zone6,iwlwifi_1,55000,0
2026-08-28T22:17:14+05:30,thermal_zone7,x86_pkg_temp,66000,0
2026-08-28T22:17:15+05:30,thermal_zone0,acpitz,48000,128000
2026-08-28T22:17:15+05:30,thermal_zone1,pch_cannonlake,55000,120000
2026-08-28T22:17:15+05:30,thermal_zone2,INT3400 Thermal,20000,0
2026-08-28T22:17:15+05:30,thermal_zone3,SEN1,1050,103050
2026-08-28T22:17:15+05:30,thermal_zone4,SEN2,41050,80050
2026-08-28T22:17:15+05:30,thermal_zone5,B0D4,48050,110050
2026-08-28T22:17:15+05:30,thermal_zone6,iwlwifi_1,56000,0
2026-08-28T22:17:15+05:30,thermal_zone7,x86_pkg_temp,64000,0
2026-08-28T22:17:16+05:30,thermal_zone0,acpitz,48000,128000
2026-08-28T22:17:16+05:30,thermal_zone1,pch_cannonlake,55000,120000
2026-08-28T22:17:16+05:30,thermal_zone2,INT3400 Thermal,20000,0
2026-08-28T22:17:16+05:30,thermal_zone3,SEN1,1050,103050
2026-08-28T22:17:16+05:30,thermal_zone4,SEN2,41050,80050
2026-08-28T22:17:16+05:30,thermal_zone5,B0D4,48050,110050
2026-08-28T22:17:16+05:30,thermal_zone6,iwlwifi_1,56000,0
2026-08-28T22:17:16+05:30,thermal_zone7,x86_pkg_temp,66000,0
2026-08-28T22:17:18+05:30,thermal_zone0,acpitz,48000,128000
2026-08-28T22:17:18+05:30,thermal_zone1,pch_cannonlake,54000,120000
2026-08-28T22:17:18+05:30,thermal_zone2,INT3400 Thermal,20000,0
2026-08-28T22:17:18+05:30,thermal_zone3,SEN1,1050,103050
2026-08-28T22:17:18+05:30,thermal_zone4,SEN2,41050,80050
2026-08-28T22:17:18+05:30,thermal_zone5,B0D4,48050,110050
2026-08-28T22:17:18+05:30,thermal_zone6,iwlwifi_1,55000,0
2026-08-28T22:17:18+05:30,thermal_zone7,x86_pkg_temp,64000,0
2026-08-28T22:17:19+05:30,thermal_zone0,acpitz,48000,128000
2026-08-28T22:17:19+05:30,thermal_zone1,pch_cannonlake,55000,120000
2026-08-28T22:17:19+05:30,thermal_zone2,INT3400 Thermal,20000,0
2026-08-28T22:17:19+05:30,thermal_zone3,SEN1,1050,103050
2026-08-28T22:17:19+05:30,thermal_zone4,SEN2,41050,80050
2026-08-28T22:17:19+05:30,thermal_zone5,B0D4,48050,110050
2026-08-28T22:17:19+05:30,thermal_zone6,iwlwifi_1,55000,0
2026-08-28T22:17:19+05:30,thermal_zone7,x86_pkg_temp,64000,0
2026-08-28T22:17:20+05:30,thermal_zone0,acpitz,48000,128000
2026-08-28T22:17:20+05:30,thermal_zone1,pch_cannonlake,54000,120000
2026-08-28T22:17:20+05:30,thermal_zone2,INT3400 Thermal,20000,0
2026-08-28T22:17:20+05:30,thermal_zone3,SEN1,1050,103050
2026-08-28T22:17:20+05:30,thermal_zone4,SEN2,41050,80050
2026-08-28T22:17:20+05:30,thermal_zone5,B0D4,48050,110050
2026-08-28T22:17:20+05:30,thermal_zone6,iwlwifi_1,55000,0
2026-08-28T22:17:20+05:30,thermal_zone7,x86_pkg_temp,66000,0
2026-08-28T22:17:22+05:30,thermal_zone0,acpitz,48000,128000
2026-08-28T22:17:22+05:30,thermal_zone1,pch_cannonlake,55000,120000
2026-08-28T22:17:22+05:30,thermal_zone2,INT3400 Thermal,20000,0
2026-08-28T22:17:22+05:30,thermal_zone3,SEN1,1050,103050
2026-08-28T22:17:22+05:30,thermal_zone4,SEN2,41050,80050
2026-08-28T22:17:22+05:30,thermal_zone5,B0D4,48050,110050
2026-08-28T22:17:22+05:30,thermal_zone6,iwlwifi_1,55000,0
2026-08-28T22:17:22+05:30,thermal_zone7,x86_pkg_temp,65000,0
2026-08-28T22:17:23+05:30,thermal_zone0,acpitz,48000,128000
2026-08-28T22:17:23+05:30,thermal_zone1,pch_cannonlake,54000,120000
2026-08-28T22:17:23+05:30,thermal_zone2,INT3400 Thermal,20000,0
2026-08-28T22:17:23+05:30,thermal_zone3,SEN1,1050,103050
2026-08-28T22:17:23+05:30,thermal_zone4,SEN2,41050,80050
2026-08-28T22:17:23+05:30,thermal_zone5,B0D4,48050,110050
2026-08-28T22:17:23+05:30,thermal_zone6,iwlwifi_1,55000,0
2026-08-28T22:17:23+05:30,thermal_zone7,x86_pkg_temp,66000,0
2026-08-28T22:17:24+05:30,thermal_zone0,acpitz,48000,128000
2026-08-28T22:17:24+05:30,thermal_zone1,pch_cannonlake,55000,120000
2026-08-28T22:17:24+05:30,thermal_zone2,INT3400 Thermal,20000,0
2026-08-28T22:17:24+05:30,thermal_zone3,SEN1,1050,103050
2026-08-28T22:17:24+05:30,thermal_zone4,SEN2,41050,80050
2026-08-28T22:17:24+05:30,thermal_zone5,B0D4,48050,110050
2026-08-28T22:17:24+05:30,thermal_zone6,iwlwifi_1,55000,0
2026-08-28T22:17:24+05:30,thermal_zone7,x86_pkg_temp,66000,0
2026-08-28T22:17:26+05:30,thermal_zone0,acpitz,48000,128000
2026-08-28T22:17:26+05:30,thermal_zone1,pch_cannonlake,54000,120000
2026-08-28T22:17:26+05:30,thermal_zone2,INT3400 Thermal,20000,0
2026-08-28T22:17:26+05:30,thermal_zone3,SEN1,1050,103050
2026-08-28T22:17:26+05:30,thermal_zone4,SEN2,41050,80050
2026-08-28T22:17:26+05:30,thermal_zone5,B0D4,48050,110050
2026-08-28T22:17:26+05:30,thermal_zone6,iwlwifi_1,55000,0
2026-08-28T22:17:26+05:30,thermal_zone7,x86_pkg_temp,66000,0
2026-08-28T22:17:27+05:30,thermal_zone0,acpitz,48000,128000
2026-08-28T22:17:27+05:30,thermal_zone1,pch_cannonlake,54000,120000
2026-08-28T22:17:27+05:30,thermal_zone2,INT3400 Thermal,20000,0
2026-08-28T22:17:27+05:30,thermal_zone3,SEN1,1050,103050
2026-08-28T22:17:27+05:30,thermal_zone4,SEN2,41050,80050
2026-08-28T22:17:27+05:30,thermal_zone5,B0D4,48050,110050
2026-08-28T22:17:27+05:30,thermal_zone6,iwlwifi_1,57000,0
2026-08-28T22:17:27+05:30,thermal_zone7,x86_pkg_temp,66000,0
2026-08-28T22:17:28+05:30,thermal_zone0,acpitz,48000,128000
2026-08-28T22:17:28+05:30,thermal_zone1,pch_cannonlake,55000,120000
2026-08-28T22:17:28+05:30,thermal_zone2,INT3400 Thermal,20000,0
2026-08-28T22:17:28+05:30,thermal_zone3,SEN1,1050,103050
2026-08-28T22:17:28+05:30,thermal_zone4,SEN2,41050,80050
2026-08-28T22:17:28+05:30,thermal_zone5,B0D4,48050,110050
2026-08-28T22:17:28+05:30,thermal_zone6,iwlwifi_1,57000,0
2026-08-28T22:17:28+05:30,thermal_zone7,x86_pkg_temp,66000,0
2026-08-28T22:17:30+05:30,thermal_zone0,acpitz,48000,128000
2026-08-28T22:17:30+05:30,thermal_zone1,pch_cannonlake,54000,120000
2026-08-28T22:17:30+05:30,thermal_zone2,INT3400 Thermal,20000,0
2026-08-28T22:17:30+05:30,thermal_zone3,SEN1,1050,103050
2026-08-28T22:17:30+05:30,thermal_zone4,SEN2,41050,80050
2026-08-28T22:17:30+05:30,thermal_zone5,B0D4,48050,110050
2026-08-28T22:17:30+05:30,thermal_zone6,iwlwifi_1,55000,0
2026-08-28T22:17:30+05:30,thermal_zone7,x86_pkg_temp,66000,0
2026-08-28T22:17:31+05:30,thermal_zone0,acpitz,48000,128000
2026-08-28T22:17:31+05:30,thermal_zone1,pch_cannonlake,55000,120000
2026-08-28T22:17:31+05:30,thermal_zone2,INT3400 Thermal,20000,0
2026-08-28T22:17:31+05:30,thermal_zone3,SEN1,1050,103050
2026-08-28T22:17:31+05:30,thermal_zone4,SEN2,41050,80050
2026-08-28T22:17:31+05:30,thermal_zone5,B0D4,48050,110050
2026-08-28T22:17:31+05:30,thermal_zone6,iwlwifi_1,55000,0
2026-08-28T22:17:31+05:30,thermal_zone7,x86_pkg_temp,65000,0
2026-08-28T22:17:32+05:30,thermal_zone0,acpitz,48000,128000
2026-08-28T22:17:32+05:30,thermal_zone1,pch_cannonlake,54000,120000
2026-08-28T22:17:32+05:30,thermal_zone2,INT3400 Thermal,20000,0
2026-08-28T22:17:32+05:30,thermal_zone3,SEN1,1050,103050
2026-08-28T22:17:32+05:30,thermal_zone4,SEN2,41050,80050
2026-08-28T22:17:32+05:30,thermal_zone5,B0D4,48050,110050
2026-08-28T22:17:32+05:30,thermal_zone6,iwlwifi_1,55000,0
2026-08-28T22:17:32+05:30,thermal_zone7,x86_pkg_temp,66000,0
2026-08-28T22:17:33+05:30,thermal_zone0,acpitz,48000,128000
2026-08-28T22:17:33+05:30,thermal_zone1,pch_cannonlake,55000,120000
2026-08-28T22:17:33+05:30,thermal_zone2,INT3400 Thermal,20000,0
2026-08-28T22:17:33+05:30,thermal_zone3,SEN1,1050,103050
2026-08-28T22:17:33+05:30,thermal_zone4,SEN2,41050,80050
2026-08-28T22:17:33+05:30,thermal_zone5,B0D4,48050,110050
2026-08-28T22:17:33+05:30,thermal_zone6,iwlwifi_1,55000,0
2026-08-28T22:17:33+05:30,thermal_zone7,x86_pkg_temp,66000,0
2026-08-28T22:17:35+05:30,thermal_zone0,acpitz,48000,128000
2026-08-28T22:17:35+05:30,thermal_zone1,pch_cannonlake,53000,120000
2026-08-28T22:17:35+05:30,thermal_zone2,INT3400 Thermal,20000,0
2026-08-28T22:17:35+05:30,thermal_zone3,SEN1,1050,103050
2026-08-28T22:17:35+05:30,thermal_zone4,SEN2,41050,80050
2026-08-28T22:17:35+05:30,thermal_zone5,B0D4,48050,110050
2026-08-28T22:17:35+05:30,thermal_zone6,iwlwifi_1,56000,0
2026-08-28T22:17:35+05:30,thermal_zone7,x86_pkg_temp,65000,0
2026-08-28T22:17:36+05:30,thermal_zone0,acpitz,48000,128000
2026-08-28T22:17:36+05:30,thermal_zone1,pch_cannonlake,54000,120000
2026-08-28T22:17:36+05:30,thermal_zone2,INT3400 Thermal,20000,0
2026-08-28T22:17:36+05:30,thermal_zone3,SEN1,1050,103050
2026-08-28T22:17:36+05:30,thermal_zone4,SEN2,41050,80050
2026-08-28T22:17:36+05:30,thermal_zone5,B0D4,48050,110050
2026-08-28T22:17:36+05:30,thermal_zone6,iwlwifi_1,55000,0
2026-08-28T22:17:36+05:30,thermal_zone7,x86_pkg_temp,64000,0
2026-08-28T22:17:37+05:30,thermal_zone0,acpitz,48000,128000
2026-08-28T22:17:37+05:30,thermal_zone1,pch_cannonlake,53000,120000
2026-08-28T22:17:37+05:30,thermal_zone2,INT3400 Thermal,20000,0
2026-08-28T22:17:37+05:30,thermal_zone3,SEN1,1050,103050
2026-08-28T22:17:37+05:30,thermal_zone4,SEN2,41050,80050
2026-08-28T22:17:37+05:30,thermal_zone5,B0D4,48050,110050
2026-08-28T22:17:37+05:30,thermal_zone6,iwlwifi_1,55000,0
2026-08-28T22:17:37+05:30,thermal_zone7,x86_pkg_temp,66000,0
2026-08-28T22:17:39+05:30,thermal_zone0,acpitz,48000,128000
2026-08-28T22:17:39+05:30,thermal_zone1,pch_cannonlake,55000,120000
2026-08-28T22:17:39+05:30,thermal_zone2,INT3400 Thermal,20000,0
2026-08-28T22:17:39+05:30,thermal_zone3,SEN1,1050,103050
2026-08-28T22:17:39+05:30,thermal_zone4,SEN2,41050,80050
2026-08-28T22:17:39+05:30,thermal_zone5,B0D4,48050,110050
2026-08-28T22:17:39+05:30,thermal_zone6,iwlwifi_1,56000,0
2026-08-28T22:17:39+05:30,thermal_zone7,x86_pkg_temp,66000,0
2026-08-28T22:17:40+05:30,thermal_zone0,acpitz,48000,128000
2026-08-28T22:17:40+05:30,thermal_zone1,pch_cannonlake,55000,120000
2026-08-28T22:17:40+05:30,thermal_zone2,INT3400 Thermal,20000,0
2026-08-28T22:17:40+05:30,thermal_zone3,SEN1,1050,103050
2026-08-28T22:17:40+05:30,thermal_zone4,SEN2,41050,80050
2026-08-28T22:17:40+05:30,thermal_zone5,B0D4,48050,110050
2026-08-28T22:17:40+05:30,thermal_zone6,iwlwifi_1,55000,0
2026-08-28T22:17:40+05:30,thermal_zone7,x86_pkg_temp,66000,0
2026-08-28T22:17:41+05:30,thermal_zone0,acpitz,48000,128000
2026-08-28T22:17:41+05:30,thermal_zone1,pch_cannonlake,54000,120000
2026-08-28T22:17:41+05:30,thermal_zone2,INT3400 Thermal,20000,0
2026-08-28T22:17:41+05:30,thermal_zone3,SEN1,1050,103050
2026-08-28T22:17:41+05:30,thermal_zone4,SEN2,41050,80050
2026-08-28T22:17:41+05:30,thermal_zone5,B0D4,48050,110050
2026-08-28T22:17:41+05:30,thermal_zone6,iwlwifi_1,55000,0
2026-08-28T22:17:41+05:30,thermal_zone7,x86_pkg_temp,66000,0
2026-08-28T22:17:43+05:30,thermal_zone0,acpitz,48000,128000
2026-08-28T22:17:43+05:30,thermal_zone1,pch_cannonlake,54000,120000
2026-08-28T22:17:43+05:30,thermal_zone2,INT3400 Thermal,20000,0
2026-08-28T22:17:43+05:30,thermal_zone3,SEN1,1050,103050
2026-08-28T22:17:43+05:30,thermal_zone4,SEN2,41050,80050
2026-08-28T22:17:43+05:30,thermal_zone5,B0D4,48050,110050
2026-08-28T22:17:43+05:30,thermal_zone6,iwlwifi_1,55000,0
2026-08-28T22:17:43+05:30,thermal_zone7,x86_pkg_temp,66000,0
2026-08-28T22:17:44+05:30,thermal_zone0,acpitz,48000,128000
2026-08-28T22:17:44+05:30,thermal_zone1,pch_cannonlake,54000,120000
2026-08-28T22:17:44+05:30,thermal_zone2,INT3400 Thermal,20000,0
2026-08-28T22:17:44+05:30,thermal_zone3,SEN1,1050,103050
2026-08-28T22:17:44+05:30,thermal_zone4,SEN2,41050,80050
2026-08-28T22:17:44+05:30,thermal_zone5,B0D4,48050,110050
2026-08-28T22:17:44+05:30,thermal_zone6,iwlwifi_1,55000,0
2026-08-28T22:17:44+05:30,thermal_zone7,x86_pkg_temp,66000,0
2026-08-28T22:17:45+05:30,thermal_zone0,acpitz,48000,128000
2026-08-28T22:17:45+05:30,thermal_zone1,pch_cannonlake,55000,120000
2026-08-28T22:17:45+05:30,thermal_zone2,INT3400 Thermal,20000,0
2026-08-28T22:17:45+05:30,thermal_zone3,SEN1,1050,103050
2026-08-28T22:17:45+05:30,thermal_zone4,SEN2,41050,80050
2026-08-28T22:17:45+05:30,thermal_zone5,B0D4,48050,110050
2026-08-28T22:17:45+05:30,thermal_zone6,iwlwifi_1,55000,0
2026-08-28T22:17:45+05:30,thermal_zone7,x86_pkg_temp,64000,0
2026-08-28T22:17:47+05:30,thermal_zone0,acpitz,48000,128000
2026-08-28T22:17:47+05:30,thermal_zone1,pch_cannonlake,54000,120000
2026-08-28T22:17:47+05:30,thermal_zone2,INT3400 Thermal,20000,0
2026-08-28T22:17:47+05:30,thermal_zone3,SEN1,1050,103050
2026-08-28T22:17:47+05:30,thermal_zone4,SEN2,42050,80050
2026-08-28T22:17:47+05:30,thermal_zone5,B0D4,48050,110050
2026-08-28T22:17:47+05:30,thermal_zone6,iwlwifi_1,55000,0
2026-08-28T22:17:47+05:30,thermal_zone7,x86_pkg_temp,66000,0
2026-08-28T22:17:48+05:30,thermal_zone0,acpitz,48000,128000
2026-08-28T22:17:48+05:30,thermal_zone1,pch_cannonlake,55000,120000
2026-08-28T22:17:48+05:30,thermal_zone2,INT3400 Thermal,20000,0
2026-08-28T22:17:48+05:30,thermal_zone3,SEN1,1050,103050
2026-08-28T22:17:48+05:30,thermal_zone4,SEN2,42050,80050
2026-08-28T22:17:48+05:30,thermal_zone5,B0D4,48050,110050
2026-08-28T22:17:48+05:30,thermal_zone6,iwlwifi_1,55000,0
2026-08-28T22:17:48+05:30,thermal_zone7,x86_pkg_temp,66000,0
2026-08-28T22:17:49+05:30,thermal_zone0,acpitz,48000,128000
2026-08-28T22:17:49+05:30,thermal_zone1,pch_cannonlake,56000,120000
2026-08-28T22:17:49+05:30,thermal_zone2,INT3400 Thermal,20000,0
2026-08-28T22:17:49+05:30,thermal_zone3,SEN1,1050,103050
2026-08-28T22:17:49+05:30,thermal_zone4,SEN2,42050,80050
2026-08-28T22:17:49+05:30,thermal_zone5,B0D4,48050,110050
2026-08-28T22:17:49+05:30,thermal_zone6,iwlwifi_1,55000,0
2026-08-28T22:17:49+05:30,thermal_zone7,x86_pkg_temp,66000,0
2026-08-28T22:17:51+05:30,thermal_zone0,acpitz,48000,128000
2026-08-28T22:17:51+05:30,thermal_zone1,pch_cannonlake,53000,120000
2026-08-28T22:17:51+05:30,thermal_zone2,INT3400 Thermal,20000,0
2026-08-28T22:17:51+05:30,thermal_zone3,SEN1,1050,103050
2026-08-28T22:17:51+05:30,thermal_zone4,SEN2,42050,80050
2026-08-28T22:17:51+05:30,thermal_zone5,B0D4,48050,110050
2026-08-28T22:17:51+05:30,thermal_zone6,iwlwifi_1,55000,0
2026-08-28T22:17:51+05:30,thermal_zone7,x86_pkg_temp,66000,0
2026-08-28T22:17:52+05:30,thermal_zone0,acpitz,48000,128000
2026-08-28T22:17:52+05:30,thermal_zone1,pch_cannonlake,55000,120000
2026-08-28T22:17:52+05:30,thermal_zone2,INT3400 Thermal,20000,0
2026-08-28T22:17:52+05:30,thermal_zone3,SEN1,1050,103050
2026-08-28T22:17:52+05:30,thermal_zone4,SEN2,42050,80050
2026-08-28T22:17:52+05:30,thermal_zone5,B0D4,48050,110050
2026-08-28T22:17:52+05:30,thermal_zone6,iwlwifi_1,55000,0
2026-08-28T22:17:52+05:30,thermal_zone7,x86_pkg_temp,66000,0
2026-08-28T22:17:53+05:30,thermal_zone0,acpitz,48000,128000
2026-08-28T22:17:53+05:30,thermal_zone1,pch_cannonlake,54000,120000
2026-08-28T22:17:53+05:30,thermal_zone2,INT3400 Thermal,20000,0
2026-08-28T22:17:53+05:30,thermal_zone3,SEN1,1050,103050
2026-08-28T22:17:53+05:30,thermal_zone4,SEN2,42050,80050
2026-08-28T22:17:53+05:30,thermal_zone5,B0D4,48050,110050
2026-08-28T22:17:53+05:30,thermal_zone6,iwlwifi_1,55000,0
2026-08-28T22:17:53+05:30,thermal_zone7,x86_pkg_temp,66000,0
2026-08-28T22:17:55+05:30,thermal_zone0,acpitz,48000,128000
2026-08-28T22:17:55+05:30,thermal_zone1,pch_cannonlake,54000,120000
2026-08-28T22:17:55+05:30,thermal_zone2,INT3400 Thermal,20000,0
2026-08-28T22:17:55+05:30,thermal_zone3,SEN1,1050,103050
2026-08-28T22:17:55+05:30,thermal_zone4,SEN2,42050,80050
2026-08-28T22:17:55+05:30,thermal_zone5,B0D4,48050,110050
2026-08-28T22:17:55+05:30,thermal_zone6,iwlwifi_1,55000,0
2026-08-28T22:17:55+05:30,thermal_zone7,x86_pkg_temp,66000,0
2026-08-28T22:17:56+05:30,thermal_zone0,acpitz,48000,128000
2026-08-28T22:17:56+05:30,thermal_zone1,pch_cannonlake,53000,120000
2026-08-28T22:17:56+05:30,thermal_zone2,INT3400 Thermal,20000,0
2026-08-28T22:17:56+05:30,thermal_zone3,SEN1,1050,103050
2026-08-28T22:17:56+05:30,thermal_zone4,SEN2,42050,80050
2026-08-28T22:17:56+05:30,thermal_zone5,B0D4,48050,110050
2026-08-28T22:17:56+05:30,thermal_zone6,iwlwifi_1,55000,0
2026-08-28T22:17:56+05:30,thermal_zone7,x86_pkg_temp,66000,0
2026-08-28T22:17:57+05:30,thermal_zone0,acpitz,48000,128000
2026-08-28T22:17:57+05:30,thermal_zone1,pch_cannonlake,54000,120000
2026-08-28T22:17:57+05:30,thermal_zone2,INT3400 Thermal,20000,0
2026-08-28T22:17:57+05:30,thermal_zone3,SEN1,1050,103050
2026-08-28T22:17:57+05:30,thermal_zone4,SEN2,42050,80050
2026-08-28T22:17:57+05:30,thermal_zone5,B0D4,48050,110050
2026-08-28T22:17:57+05:30,thermal_zone6,iwlwifi_1,56000,0
2026-08-28T22:17:57+05:30,thermal_zone7,x86_pkg_temp,66000,0
2026-08-28T22:17:59+05:30,thermal_zone0,acpitz,48000,128000
2026-08-28T22:17:59+05:30,thermal_zone1,pch_cannonlake,53000,120000
2026-08-28T22:17:59+05:30,thermal_zone2,INT3400 Thermal,20000,0
2026-08-28T22:17:59+05:30,thermal_zone3,SEN1,1050,103050
2026-08-28T22:17:59+05:30,thermal_zone4,SEN2,42050,80050
2026-08-28T22:17:59+05:30,thermal_zone5,B0D4,48050,110050
2026-08-28T22:17:59+05:30,thermal_zone6,iwlwifi_1,57000,0
2026-08-28T22:17:59+05:30,thermal_zone7,x86_pkg_temp,65000,0
2026-08-28T22:18:00+05:30,thermal_zone0,acpitz,48000,128000
2026-08-28T22:18:00+05:30,thermal_zone1,pch_cannonlake,54000,120000
2026-08-28T22:18:00+05:30,thermal_zone2,INT3400 Thermal,20000,0
2026-08-28T22:18:00+05:30,thermal_zone3,SEN1,1050,103050
2026-08-28T22:18:00+05:30,thermal_zone4,SEN2,42050,80050
2026-08-28T22:18:00+05:30,thermal_zone5,B0D4,48050,110050
2026-08-28T22:18:00+05:30,thermal_zone6,iwlwifi_1,58000,0
2026-08-28T22:18:00+05:30,thermal_zone7,x86_pkg_temp,65000,0
2026-08-28T22:18:01+05:30,thermal_zone0,acpitz,48000,128000
2026-08-28T22:18:01+05:30,thermal_zone1,pch_cannonlake,53000,120000
2026-08-28T22:18:01+05:30,thermal_zone2,INT3400 Thermal,20000,0
2026-08-28T22:18:01+05:30,thermal_zone3,SEN1,1050,103050
2026-08-28T22:18:01+05:30,thermal_zone4,SEN2,42050,80050
2026-08-28T22:18:01+05:30,thermal_zone5,B0D4,48050,110050
2026-08-28T22:18:01+05:30,thermal_zone6,iwlwifi_1,56000,0
2026-08-28T22:18:01+05:30,thermal_zone7,x86_pkg_temp,64000,0
2026-08-28T22:18:03+05:30,thermal_zone0,acpitz,48000,128000
2026-08-28T22:18:03+05:30,thermal_zone1,pch_cannonlake,55000,120000
2026-08-28T22:18:03+05:30,thermal_zone2,INT3400 Thermal,20000,0
2026-08-28T22:18:03+05:30,thermal_zone3,SEN1,1050,103050
2026-08-28T22:18:03+05:30,thermal_zone4,SEN2,42050,80050
2026-08-28T22:18:03+05:30,thermal_zone5,B0D4,48050,110050
2026-08-28T22:18:03+05:30,thermal_zone6,iwlwifi_1,57000,0
2026-08-28T22:18:03+05:30,thermal_zone7,x86_pkg_temp,66000,0
2026-08-28T22:18:04+05:30,thermal_zone0,acpitz,48000,128000
2026-08-28T22:18:04+05:30,thermal_zone1,pch_cannonlake,53000,120000
2026-08-28T22:18:04+05:30,thermal_zone2,INT3400 Thermal,20000,0
2026-08-28T22:18:04+05:30,thermal_zone3,SEN1,1050,103050
2026-08-28T22:18:04+05:30,thermal_zone4,SEN2,42050,80050
2026-08-28T22:18:04+05:30,thermal_zone5,B0D4,48050,110050
2026-08-28T22:18:04+05:30,thermal_zone6,iwlwifi_1,57000,0
2026-08-28T22:18:04+05:30,thermal_zone7,x86_pkg_temp,68000,0
2026-08-28T22:18:05+05:30,thermal_zone0,acpitz,48000,128000
2026-08-28T22:18:05+05:30,thermal_zone1,pch_cannonlake,54000,120000
2026-08-28T22:18:05+05:30,thermal_zone2,INT3400 Thermal,20000,0
2026-08-28T22:18:05+05:30,thermal_zone3,SEN1,1050,103050
2026-08-28T22:18:05+05:30,thermal_zone4,SEN2,42050,80050
2026-08-28T22:18:05+05:30,thermal_zone5,B0D4,48050,110050
2026-08-28T22:18:05+05:30,thermal_zone6,iwlwifi_1,56000,0
2026-08-28T22:18:05+05:30,thermal_zone7,x86_pkg_temp,67000,0
2026-08-28T22:18:07+05:30,thermal_zone0,acpitz,48000,128000
2026-08-28T22:18:07+05:30,thermal_zone1,pch_cannonlake,54000,120000
2026-08-28T22:18:07+05:30,thermal_zone2,INT3400 Thermal,20000,0
2026-08-28T22:18:07+05:30,thermal_zone3,SEN1,1050,103050
2026-08-28T22:18:07+05:30,thermal_zone4,SEN2,42050,80050
2026-08-28T22:18:07+05:30,thermal_zone5,B0D4,48050,110050
2026-08-28T22:18:07+05:30,thermal_zone6,iwlwifi_1,55000,0
2026-08-28T22:18:07+05:30,thermal_zone7,x86_pkg_temp,64000,0
2026-08-28T22:18:08+05:30,thermal_zone0,acpitz,48000,128000
2026-08-28T22:18:08+05:30,thermal_zone1,pch_cannonlake,55000,120000
2026-08-28T22:18:08+05:30,thermal_zone2,INT3400 Thermal,20000,0
2026-08-28T22:18:08+05:30,thermal_zone3,SEN1,1050,103050
2026-08-28T22:18:08+05:30,thermal_zone4,SEN2,42050,80050
2026-08-28T22:18:08+05:30,thermal_zone5,B0D4,48050,110050
2026-08-28T22:18:08+05:30,thermal_zone6,iwlwifi_1,55000,0
2026-08-28T22:18:08+05:30,thermal_zone7,x86_pkg_temp,66000,0
2026-08-28T22:18:09+05:30,thermal_zone0,acpitz,48000,128000
2026-08-28T22:18:09+05:30,thermal_zone1,pch_cannonlake,53000,120000
2026-08-28T22:18:09+05:30,thermal_zone2,INT3400 Thermal,20000,0
2026-08-28T22:18:09+05:30,thermal_zone3,SEN1,1050,103050
2026-08-28T22:18:09+05:30,thermal_zone4,SEN2,42050,80050
2026-08-28T22:18:09+05:30,thermal_zone5,B0D4,48050,110050
2026-08-28T22:18:09+05:30,thermal_zone6,iwlwifi_1,57000,0
2026-08-28T22:18:09+05:30,thermal_zone7,x86_pkg_temp,66000,0
2026-08-28T22:18:11+05:30,thermal_zone0,acpitz,48000,128000
2026-08-28T22:18:11+05:30,thermal_zone1,pch_cannonlake,54000,120000
2026-08-28T22:18:11+05:30,thermal_zone2,INT3400 Thermal,20000,0
2026-08-28T22:18:11+05:30,thermal_zone3,SEN1,1050,103050
2026-08-28T22:18:11+05:30,thermal_zone4,SEN2,42050,80050
2026-08-28T22:18:11+05:30,thermal_zone5,B0D4,48050,110050
2026-08-28T22:18:11+05:30,thermal_zone6,iwlwifi_1,55000,0
2026-08-28T22:18:11+05:30,thermal_zone7,x86_pkg_temp,66000,0
2026-08-28T22:18:12+05:30,thermal_zone0,acpitz,48000,128000
2026-08-28T22:18:12+05:30,thermal_zone1,pch_cannonlake,55000,120000
2026-08-28T22:18:12+05:30,thermal_zone2,INT3400 Thermal,20000,0
2026-08-28T22:18:12+05:30,thermal_zone3,SEN1,1050,103050
2026-08-28T22:18:12+05:30,thermal_zone4,SEN2,42050,80050
2026-08-28T22:18:12+05:30,thermal_zone5,B0D4,48050,110050
2026-08-28T22:18:12+05:30,thermal_zone6,iwlwifi_1,57000,0
2026-08-28T22:18:12+05:30,thermal_zone7,x86_pkg_temp,66000,0
2026-08-28T22:18:13+05:30,thermal_zone0,acpitz,48000,128000
2026-08-28T22:18:13+05:30,thermal_zone1,pch_cannonlake,54000,120000
2026-08-28T22:18:13+05:30,thermal_zone2,INT3400 Thermal,20000,0
2026-08-28T22:18:13+05:30,thermal_zone3,SEN1,1050,103050
2026-08-28T22:18:13+05:30,thermal_zone4,SEN2,42050,80050
2026-08-28T22:18:13+05:30,thermal_zone5,B0D4,48050,110050
2026-08-28T22:18:13+05:30,thermal_zone6,iwlwifi_1,55000,0
2026-08-28T22:18:13+05:30,thermal_zone7,x86_pkg_temp,65000,0
2026-08-28T22:18:14+05:30,thermal_zone0,acpitz,48000,128000
2026-08-28T22:18:14+05:30,thermal_zone1,pch_cannonlake,55000,120000
2026-08-28T22:18:14+05:30,thermal_zone2,INT3400 Thermal,20000,0
2026-08-28T22:18:14+05:30,thermal_zone3,SEN1,1050,103050
2026-08-28T22:18:14+05:30,thermal_zone4,SEN2,42050,80050
2026-08-28T22:18:14+05:30,thermal_zone5,B0D4,48050,110050
2026-08-28T22:18:14+05:30,thermal_zone6,iwlwifi_1,55000,0
2026-08-28T22:18:14+05:30,thermal_zone7,x86_pkg_temp,64000,0
2026-08-28T22:18:16+05:30,thermal_zone0,acpitz,48000,128000
2026-08-28T22:18:16+05:30,thermal_zone1,pch_cannonlake,54000,120000
2026-08-28T22:18:16+05:30,thermal_zone2,INT3400 Thermal,20000,0
2026-08-28T22:18:16+05:30,thermal_zone3,SEN1,1050,103050
2026-08-28T22:18:16+05:30,thermal_zone4,SEN2,42050,80050
2026-08-28T22:18:16+05:30,thermal_zone5,B0D4,48050,110050
2026-08-28T22:18:16+05:30,thermal_zone6,iwlwifi_1,55000,0
2026-08-28T22:18:16+05:30,thermal_zone7,x86_pkg_temp,66000,0
2026-08-28T22:18:17+05:30,thermal_zone0,acpitz,48000,128000
2026-08-28T22:18:17+05:30,thermal_zone1,pch_cannonlake,53000,120000
2026-08-28T22:18:17+05:30,thermal_zone2,INT3400 Thermal,20000,0
2026-08-28T22:18:17+05:30,thermal_zone3,SEN1,1050,103050
2026-08-28T22:18:17+05:30,thermal_zone4,SEN2,42050,80050
2026-08-28T22:18:17+05:30,thermal_zone5,B0D4,48050,110050
2026-08-28T22:18:17+05:30,thermal_zone6,iwlwifi_1,55000,0
2026-08-28T22:18:17+05:30,thermal_zone7,x86_pkg_temp,64000,0
2026-08-28T22:18:19+05:30,thermal_zone0,acpitz,48000,128000
2026-08-28T22:18:19+05:30,thermal_zone1,pch_cannonlake,55000,120000
2026-08-28T22:18:19+05:30,thermal_zone2,INT3400 Thermal,20000,0
2026-08-28T22:18:19+05:30,thermal_zone3,SEN1,1050,103050
2026-08-28T22:18:19+05:30,thermal_zone4,SEN2,42050,80050
2026-08-28T22:18:19+05:30,thermal_zone5,B0D4,48050,110050
2026-08-28T22:18:19+05:30,thermal_zone6,iwlwifi_1,55000,0
2026-08-28T22:18:19+05:30,thermal_zone7,x86_pkg_temp,64000,0
2026-08-28T22:18:20+05:30,thermal_zone0,acpitz,48000,128000
2026-08-28T22:18:20+05:30,thermal_zone1,pch_cannonlake,53000,120000
2026-08-28T22:18:20+05:30,thermal_zone2,INT3400 Thermal,20000,0
2026-08-28T22:18:20+05:30,thermal_zone3,SEN1,1050,103050
2026-08-28T22:18:20+05:30,thermal_zone4,SEN2,41050,80050
2026-08-28T22:18:20+05:30,thermal_zone5,B0D4,48050,110050
2026-08-28T22:18:20+05:30,thermal_zone6,iwlwifi_1,55000,0
2026-08-28T22:18:20+05:30,thermal_zone7,x86_pkg_temp,66000,0
2026-08-28T22:18:21+05:30,thermal_zone0,acpitz,48000,128000
2026-08-28T22:18:21+05:30,thermal_zone1,pch_cannonlake,54000,120000
2026-08-28T22:18:21+05:30,thermal_zone2,INT3400 Thermal,20000,0
2026-08-28T22:18:21+05:30,thermal_zone3,SEN1,1050,103050
2026-08-28T22:18:21+05:30,thermal_zone4,SEN2,41050,80050
2026-08-28T22:18:21+05:30,thermal_zone5,B0D4,48050,110050
2026-08-28T22:18:21+05:30,thermal_zone6,iwlwifi_1,55000,0
2026-08-28T22:18:21+05:30,thermal_zone7,x86_pkg_temp,66000,0
2026-08-28T22:18:22+05:30,thermal_zone0,acpitz,48000,128000
2026-08-28T22:18:22+05:30,thermal_zone1,pch_cannonlake,54000,120000
2026-08-28T22:18:22+05:30,thermal_zone2,INT3400 Thermal,20000,0
2026-08-28T22:18:22+05:30,thermal_zone3,SEN1,1050,103050
2026-08-28T22:18:22+05:30,thermal_zone4,SEN2,41050,80050
2026-08-28T22:18:22+05:30,thermal_zone5,B0D4,48050,110050
2026-08-28T22:18:22+05:30,thermal_zone6,iwlwifi_1,55000,0
2026-08-28T22:18:22+05:30,thermal_zone7,x86_pkg_temp,65000,0
2026-08-28T22:18:24+05:30,thermal_zone0,acpitz,48000,128000
2026-08-28T22:18:24+05:30,thermal_zone1,pch_cannonlake,53000,120000
2026-08-28T22:18:24+05:30,thermal_zone2,INT3400 Thermal,20000,0
2026-08-28T22:18:24+05:30,thermal_zone3,SEN1,1050,103050
2026-08-28T22:18:24+05:30,thermal_zone4,SEN2,41050,80050
2026-08-28T22:18:24+05:30,thermal_zone5,B0D4,48050,110050
2026-08-28T22:18:24+05:30,thermal_zone6,iwlwifi_1,56000,0
2026-08-28T22:18:24+05:30,thermal_zone7,x86_pkg_temp,66000,0
2026-08-28T22:18:25+05:30,thermal_zone0,acpitz,48000,128000
2026-08-28T22:18:25+05:30,thermal_zone1,pch_cannonlake,55000,120000
2026-08-28T22:18:25+05:30,thermal_zone2,INT3400 Thermal,20000,0
2026-08-28T22:18:25+05:30,thermal_zone3,SEN1,1050,103050
2026-08-28T22:18:25+05:30,thermal_zone4,SEN2,41050,80050
2026-08-28T22:18:25+05:30,thermal_zone5,B0D4,48050,110050
2026-08-28T22:18:25+05:30,thermal_zone6,iwlwifi_1,55000,0
2026-08-28T22:18:25+05:30,thermal_zone7,x86_pkg_temp,66000,0
2026-08-28T22:18:26+05:30,thermal_zone0,acpitz,48000,128000
2026-08-28T22:18:26+05:30,thermal_zone1,pch_cannonlake,55000,120000
2026-08-28T22:18:26+05:30,thermal_zone2,INT3400 Thermal,20000,0
2026-08-28T22:18:26+05:30,thermal_zone3,SEN1,1050,103050
2026-08-28T22:18:26+05:30,thermal_zone4,SEN2,41050,80050
2026-08-28T22:18:26+05:30,thermal_zone5,B0D4,48050,110050
2026-08-28T22:18:26+05:30,thermal_zone6,iwlwifi_1,55000,0
2026-08-28T22:18:26+05:30,thermal_zone7,x86_pkg_temp,66000,0
2026-08-28T22:18:28+05:30,thermal_zone0,acpitz,48000,128000
2026-08-28T22:18:28+05:30,thermal_zone1,pch_cannonlake,55000,120000
2026-08-28T22:18:28+05:30,thermal_zone2,INT3400 Thermal,20000,0
2026-08-28T22:18:28+05:30,thermal_zone3,SEN1,1050,103050
2026-08-28T22:18:28+05:30,thermal_zone4,SEN2,41050,80050
2026-08-28T22:18:28+05:30,thermal_zone5,B0D4,48050,110050
2026-08-28T22:18:28+05:30,thermal_zone6,iwlwifi_1,55000,0
2026-08-28T22:18:28+05:30,thermal_zone7,x86_pkg_temp,66000,0
2026-08-28T22:18:29+05:30,thermal_zone0,acpitz,48000,128000
2026-08-28T22:18:29+05:30,thermal_zone1,pch_cannonlake,53000,120000
2026-08-28T22:18:29+05:30,thermal_zone2,INT3400 Thermal,20000,0
2026-08-28T22:18:29+05:30,thermal_zone3,SEN1,1050,103050
2026-08-28T22:18:29+05:30,thermal_zone4,SEN2,41050,80050
2026-08-28T22:18:29+05:30,thermal_zone5,B0D4,48050,110050
2026-08-28T22:18:29+05:30,thermal_zone6,iwlwifi_1,55000,0
2026-08-28T22:18:29+05:30,thermal_zone7,x86_pkg_temp,66000,0
2026-08-28T22:18:30+05:30,thermal_zone0,acpitz,48000,128000
2026-08-28T22:18:30+05:30,thermal_zone1,pch_cannonlake,53000,120000
2026-08-28T22:18:30+05:30,thermal_zone2,INT3400 Thermal,20000,0
2026-08-28T22:18:30+05:30,thermal_zone3,SEN1,1050,103050
2026-08-28T22:18:30+05:30,thermal_zone4,SEN2,41050,80050
2026-08-28T22:18:30+05:30,thermal_zone5,B0D4,48050,110050
2026-08-28T22:18:30+05:30,thermal_zone6,iwlwifi_1,55000,0
2026-08-28T22:18:30+05:30,thermal_zone7,x86_pkg_temp,66000,0
2026-08-28T22:18:32+05:30,thermal_zone0,acpitz,48000,128000
2026-08-28T22:18:32+05:30,thermal_zone1,pch_cannonlake,55000,120000
2026-08-28T22:18:32+05:30,thermal_zone2,INT3400 Thermal,20000,0
2026-08-28T22:18:32+05:30,thermal_zone3,SEN1,1050,103050
2026-08-28T22:18:32+05:30,thermal_zone4,SEN2,41050,80050
2026-08-28T22:18:32+05:30,thermal_zone5,B0D4,48050,110050
2026-08-28T22:18:32+05:30,thermal_zone6,iwlwifi_1,55000,0
2026-08-28T22:18:32+05:30,thermal_zone7,x86_pkg_temp,66000,0
2026-08-28T22:18:33+05:30,thermal_zone0,acpitz,48000,128000
2026-08-28T22:18:33+05:30,thermal_zone1,pch_cannonlake,54000,120000
2026-08-28T22:18:33+05:30,thermal_zone2,INT3400 Thermal,20000,0
2026-08-28T22:18:33+05:30,thermal_zone3,SEN1,1050,103050
2026-08-28T22:18:33+05:30,thermal_zone4,SEN2,41050,80050
2026-08-28T22:18:33+05:30,thermal_zone5,B0D4,48050,110050
2026-08-28T22:18:33+05:30,thermal_zone6,iwlwifi_1,55000,0
2026-08-28T22:18:33+05:30,thermal_zone7,x86_pkg_temp,66000,0
2026-08-28T22:18:34+05:30,thermal_zone0,acpitz,48000,128000
2026-08-28T22:18:34+05:30,thermal_zone1,pch_cannonlake,54000,120000
2026-08-28T22:18:34+05:30,thermal_zone2,INT3400 Thermal,20000,0
2026-08-28T22:18:34+05:30,thermal_zone3,SEN1,1050,103050
2026-08-28T22:18:34+05:30,thermal_zone4,SEN2,41050,80050
2026-08-28T22:18:34+05:30,thermal_zone5,B0D4,48050,110050
2026-08-28T22:18:34+05:30,thermal_zone6,iwlwifi_1,55000,0
2026-08-28T22:18:34+05:30,thermal_zone7,x86_pkg_temp,66000,0
2026-08-28T22:18:36+05:30,thermal_zone0,acpitz,48000,128000
2026-08-28T22:18:36+05:30,thermal_zone1,pch_cannonlake,54000,120000
2026-08-28T22:18:36+05:30,thermal_zone2,INT3400 Thermal,20000,0
2026-08-28T22:18:36+05:30,thermal_zone3,SEN1,1050,103050
2026-08-28T22:18:36+05:30,thermal_zone4,SEN2,41050,80050
2026-08-28T22:18:36+05:30,thermal_zone5,B0D4,48050,110050
2026-08-28T22:18:36+05:30,thermal_zone6,iwlwifi_1,55000,0
2026-08-28T22:18:36+05:30,thermal_zone7,x86_pkg_temp,66000,0
2026-08-28T22:18:37+05:30,thermal_zone0,acpitz,48000,128000
2026-08-28T22:18:37+05:30,thermal_zone1,pch_cannonlake,54000,120000
2026-08-28T22:18:37+05:30,thermal_zone2,INT3400 Thermal,20000,0
2026-08-28T22:18:37+05:30,thermal_zone3,SEN1,1050,103050
2026-08-28T22:18:37+05:30,thermal_zone4,SEN2,41050,80050
2026-08-28T22:18:37+05:30,thermal_zone5,B0D4,48050,110050
2026-08-28T22:18:37+05:30,thermal_zone6,iwlwifi_1,56000,0
2026-08-28T22:18:37+05:30,thermal_zone7,x86_pkg_temp,66000,0
2026-08-28T22:18:38+05:30,thermal_zone0,acpitz,48000,128000
2026-08-28T22:18:38+05:30,thermal_zone1,pch_cannonlake,55000,120000
2026-08-28T22:18:38+05:30,thermal_zone2,INT3400 Thermal,20000,0
2026-08-28T22:18:38+05:30,thermal_zone3,SEN1,1050,103050
2026-08-28T22:18:38+05:30,thermal_zone4,SEN2,41050,80050
2026-08-28T22:18:38+05:30,thermal_zone5,B0D4,48050,110050
2026-08-28T22:18:38+05:30,thermal_zone6,iwlwifi_1,55000,0
2026-08-28T22:18:38+05:30,thermal_zone7,x86_pkg_temp,64000,0
2026-08-28T22:18:40+05:30,thermal_zone0,acpitz,48000,128000
2026-08-28T22:18:40+05:30,thermal_zone1,pch_cannonlake,55000,120000
2026-08-28T22:18:40+05:30,thermal_zone2,INT3400 Thermal,20000,0
2026-08-28T22:18:40+05:30,thermal_zone3,SEN1,1050,103050
2026-08-28T22:18:40+05:30,thermal_zone4,SEN2,41050,80050
2026-08-28T22:18:40+05:30,thermal_zone5,B0D4,48050,110050
2026-08-28T22:18:40+05:30,thermal_zone6,iwlwifi_1,55000,0
2026-08-28T22:18:40+05:30,thermal_zone7,x86_pkg_temp,66000,0
2026-08-28T22:18:41+05:30,thermal_zone0,acpitz,48000,128000
2026-08-28T22:18:41+05:30,thermal_zone1,pch_cannonlake,54000,120000
2026-08-28T22:18:41+05:30,thermal_zone2,INT3400 Thermal,20000,0
2026-08-28T22:18:41+05:30,thermal_zone3,SEN1,1050,103050
2026-08-28T22:18:41+05:30,thermal_zone4,SEN2,41050,80050
2026-08-28T22:18:41+05:30,thermal_zone5,B0D4,48050,110050
2026-08-28T22:18:41+05:30,thermal_zone6,iwlwifi_1,55000,0
2026-08-28T22:18:41+05:30,thermal_zone7,x86_pkg_temp,66000,0
2026-08-28T22:18:42+05:30,thermal_zone0,acpitz,48000,128000
2026-08-28T22:18:42+05:30,thermal_zone1,pch_cannonlake,54000,120000
2026-08-28T22:18:42+05:30,thermal_zone2,INT3400 Thermal,20000,0
2026-08-28T22:18:42+05:30,thermal_zone3,SEN1,1050,103050
2026-08-28T22:18:42+05:30,thermal_zone4,SEN2,41050,80050
2026-08-28T22:18:42+05:30,thermal_zone5,B0D4,48050,110050
2026-08-28T22:18:42+05:30,thermal_zone6,iwlwifi_1,55000,0
2026-08-28T22:18:42+05:30,thermal_zone7,x86_pkg_temp,67000,0
2026-08-28T22:18:44+05:30,thermal_zone0,acpitz,48000,128000
2026-08-28T22:18:44+05:30,thermal_zone1,pch_cannonlake,55000,120000
2026-08-28T22:18:44+05:30,thermal_zone2,INT3400 Thermal,20000,0
2026-08-28T22:18:44+05:30,thermal_zone3,SEN1,1050,103050
2026-08-28T22:18:44+05:30,thermal_zone4,SEN2,41050,80050
2026-08-28T22:18:44+05:30,thermal_zone5,B0D4,48050,110050
2026-08-28T22:18:44+05:30,thermal_zone6,iwlwifi_1,55000,0
2026-08-28T22:18:44+05:30,thermal_zone7,x86_pkg_temp,66000,0
2026-08-28T22:18:45+05:30,thermal_zone0,acpitz,48000,128000
2026-08-28T22:18:45+05:30,thermal_zone1,pch_cannonlake,55000,120000
2026-08-28T22:18:45+05:30,thermal_zone2,INT3400 Thermal,20000,0
2026-08-28T22:18:45+05:30,thermal_zone3,SEN1,1050,103050
2026-08-28T22:18:45+05:30,thermal_zone4,SEN2,41050,80050
2026-08-28T22:18:45+05:30,thermal_zone5,B0D4,48050,110050
2026-08-28T22:18:45+05:30,thermal_zone6,iwlwifi_1,55000,0
2026-08-28T22:18:45+05:30,thermal_zone7,x86_pkg_temp,66000,0
2026-08-28T22:18:46+05:30,thermal_zone0,acpitz,48000,128000
2026-08-28T22:18:46+05:30,thermal_zone1,pch_cannonlake,55000,120000
2026-08-28T22:18:46+05:30,thermal_zone2,INT3400 Thermal,20000,0
2026-08-28T22:18:46+05:30,thermal_zone3,SEN1,1050,103050
2026-08-28T22:18:46+05:30,thermal_zone4,SEN2,41050,80050
2026-08-28T22:18:46+05:30,thermal_zone5,B0D4,48050,110050
2026-08-28T22:18:46+05:30,thermal_zone6,iwlwifi_1,55000,0
2026-08-28T22:18:46+05:30,thermal_zone7,x86_pkg_temp,65000,0
2026-08-28T22:18:48+05:30,thermal_zone0,acpitz,48000,128000
2026-08-28T22:18:48+05:30,thermal_zone1,pch_cannonlake,54000,120000
2026-08-28T22:18:48+05:30,thermal_zone2,INT3400 Thermal,20000,0
2026-08-28T22:18:48+05:30,thermal_zone3,SEN1,1050,103050
2026-08-28T22:18:48+05:30,thermal_zone4,SEN2,41050,80050
2026-08-28T22:18:48+05:30,thermal_zone5,B0D4,48050,110050
2026-08-28T22:18:48+05:30,thermal_zone6,iwlwifi_1,55000,0
2026-08-28T22:18:48+05:30,thermal_zone7,x86_pkg_temp,66000,0
2026-08-28T22:18:49+05:30,thermal_zone0,acpitz,48000,128000
2026-08-28T22:18:49+05:30,thermal_zone1,pch_cannonlake,55000,120000
2026-08-28T22:18:49+05:30,thermal_zone2,INT3400 Thermal,20000,0
2026-08-28T22:18:49+05:30,thermal_zone3,SEN1,1050,103050
2026-08-28T22:18:49+05:30,thermal_zone4,SEN2,41050,80050
2026-08-28T22:18:49+05:30,thermal_zone5,B0D4,48050,110050
2026-08-28T22:18:49+05:30,thermal_zone6,iwlwifi_1,55000,0
2026-08-28T22:18:49+05:30,thermal_zone7,x86_pkg_temp,66000,0
2026-08-28T22:18:50+05:30,thermal_zone0,acpitz,48000,128000
2026-08-28T22:18:50+05:30,thermal_zone1,pch_cannonlake,54000,120000
2026-08-28T22:18:50+05:30,thermal_zone2,INT3400 Thermal,20000,0
2026-08-28T22:18:50+05:30,thermal_zone3,SEN1,1050,103050
2026-08-28T22:18:50+05:30,thermal_zone4,SEN2,41050,80050
2026-08-28T22:18:50+05:30,thermal_zone5,B0D4,48050,110050
2026-08-28T22:18:50+05:30,thermal_zone6,iwlwifi_1,56000,0
2026-08-28T22:18:50+05:30,thermal_zone7,x86_pkg_temp,66000,0
2026-08-28T22:18:51+05:30,thermal_zone0,acpitz,48000,128000
2026-08-28T22:18:51+05:30,thermal_zone1,pch_cannonlake,54000,120000
2026-08-28T22:18:51+05:30,thermal_zone2,INT3400 Thermal,20000,0
2026-08-28T22:18:51+05:30,thermal_zone3,SEN1,1050,103050
2026-08-28T22:18:51+05:30,thermal_zone4,SEN2,41050,80050
2026-08-28T22:18:51+05:30,thermal_zone5,B0D4,48050,110050
2026-08-28T22:18:51+05:30,thermal_zone6,iwlwifi_1,55000,0
2026-08-28T22:18:51+05:30,thermal_zone7,x86_pkg_temp,65000,0
2026-08-28T22:18:53+05:30,thermal_zone0,acpitz,48000,128000
2026-08-28T22:18:53+05:30,thermal_zone1,pch_cannonlake,55000,120000
2026-08-28T22:18:53+05:30,thermal_zone2,INT3400 Thermal,20000,0
2026-08-28T22:18:53+05:30,thermal_zone3,SEN1,1050,103050
2026-08-28T22:18:53+05:30,thermal_zone4,SEN2,41050,80050
2026-08-28T22:18:53+05:30,thermal_zone5,B0D4,48050,110050
2026-08-28T22:18:53+05:30,thermal_zone6,iwlwifi_1,55000,0
2026-08-28T22:18:53+05:30,thermal_zone7,x86_pkg_temp,64000,0
2026-08-28T22:18:54+05:30,thermal_zone0,acpitz,48000,128000
2026-08-28T22:18:54+05:30,thermal_zone1,pch_cannonlake,54000,120000
2026-08-28T22:18:54+05:30,thermal_zone2,INT3400 Thermal,20000,0
2026-08-28T22:18:54+05:30,thermal_zone3,SEN1,1050,103050
2026-08-28T22:18:54+05:30,thermal_zone4,SEN2,41050,80050
2026-08-28T22:18:54+05:30,thermal_zone5,B0D4,48050,110050
2026-08-28T22:18:54+05:30,thermal_zone6,iwlwifi_1,55000,0
2026-08-28T22:18:54+05:30,thermal_zone7,x86_pkg_temp,66000,0
2026-08-28T22:18:55+05:30,thermal_zone0,acpitz,48000,128000
2026-08-28T22:18:55+05:30,thermal_zone1,pch_cannonlake,54000,120000
2026-08-28T22:18:55+05:30,thermal_zone2,INT3400 Thermal,20000,0
2026-08-28T22:18:55+05:30,thermal_zone3,SEN1,1050,103050
2026-08-28T22:18:55+05:30,thermal_zone4,SEN2,41050,80050
2026-08-28T22:18:55+05:30,thermal_zone5,B0D4,48050,110050
2026-08-28T22:18:55+05:30,thermal_zone6,iwlwifi_1,55000,0
2026-08-28T22:18:55+05:30,thermal_zone7,x86_pkg_temp,66000,0
2026-08-28T22:18:57+05:30,thermal_zone0,acpitz,48000,128000
2026-08-28T22:18:57+05:30,thermal_zone1,pch_cannonlake,53000,120000
2026-08-28T22:18:57+05:30,thermal_zone2,INT3400 Thermal,20000,0
2026-08-28T22:18:57+05:30,thermal_zone3,SEN1,1050,103050
2026-08-28T22:18:57+05:30,thermal_zone4,SEN2,41050,80050
2026-08-28T22:18:57+05:30,thermal_zone5,B0D4,48050,110050
2026-08-28T22:18:57+05:30,thermal_zone6,iwlwifi_1,55000,0
2026-08-28T22:18:57+05:30,thermal_zone7,x86_pkg_temp,64000,0
2026-08-28T22:18:58+05:30,thermal_zone0,acpitz,48000,128000
2026-08-28T22:18:58+05:30,thermal_zone1,pch_cannonlake,55000,120000
2026-08-28T22:18:58+05:30,thermal_zone2,INT3400 Thermal,20000,0
2026-08-28T22:18:58+05:30,thermal_zone3,SEN1,1050,103050
2026-08-28T22:18:58+05:30,thermal_zone4,SEN2,41050,80050
2026-08-28T22:18:58+05:30,thermal_zone5,B0D4,48050,110050
2026-08-28T22:18:58+05:30,thermal_zone6,iwlwifi_1,55000,0
2026-08-28T22:18:58+05:30,thermal_zone7,x86_pkg_temp,65000,0
2026-08-28T22:19:00+05:30,thermal_zone0,acpitz,48000,128000
2026-08-28T22:19:00+05:30,thermal_zone1,pch_cannonlake,55000,120000
2026-08-28T22:19:00+05:30,thermal_zone2,INT3400 Thermal,20000,0
2026-08-28T22:19:00+05:30,thermal_zone3,SEN1,1050,103050
2026-08-28T22:19:00+05:30,thermal_zone4,SEN2,41050,80050
2026-08-28T22:19:00+05:30,thermal_zone5,B0D4,48050,110050
2026-08-28T22:19:00+05:30,thermal_zone6,iwlwifi_1,55000,0
2026-08-28T22:19:00+05:30,thermal_zone7,x86_pkg_temp,62000,0
2026-08-28T22:19:01+05:30,thermal_zone0,acpitz,48000,128000
2026-08-28T22:19:01+05:30,thermal_zone1,pch_cannonlake,54000,120000
2026-08-28T22:19:01+05:30,thermal_zone2,INT3400 Thermal,20000,0
2026-08-28T22:19:01+05:30,thermal_zone3,SEN1,1050,103050
2026-08-28T22:19:01+05:30,thermal_zone4,SEN2,41050,80050
2026-08-28T22:19:01+05:30,thermal_zone5,B0D4,48050,110050
2026-08-28T22:19:01+05:30,thermal_zone6,iwlwifi_1,55000,0
2026-08-28T22:19:01+05:30,thermal_zone7,x86_pkg_temp,62000,0
2026-08-28T22:19:02+05:30,thermal_zone0,acpitz,48000,128000
2026-08-28T22:19:02+05:30,thermal_zone1,pch_cannonlake,53000,120000
2026-08-28T22:19:02+05:30,thermal_zone2,INT3400 Thermal,20000,0
2026-08-28T22:19:02+05:30,thermal_zone3,SEN1,1050,103050
2026-08-28T22:19:02+05:30,thermal_zone4,SEN2,41050,80050
2026-08-28T22:19:02+05:30,thermal_zone5,B0D4,48050,110050
2026-08-28T22:19:02+05:30,thermal_zone6,iwlwifi_1,55000,0
2026-08-28T22:19:02+05:30,thermal_zone7,x86_pkg_temp,63000,0
2026-08-28T22:19:04+05:30,thermal_zone0,acpitz,48000,128000
2026-08-28T22:19:04+05:30,thermal_zone1,pch_cannonlake,55000,120000
2026-08-28T22:19:04+05:30,thermal_zone2,INT3400 Thermal,20000,0
2026-08-28T22:19:04+05:30,thermal_zone3,SEN1,1050,103050
2026-08-28T22:19:04+05:30,thermal_zone4,SEN2,41050,80050
2026-08-28T22:19:04+05:30,thermal_zone5,B0D4,48050,110050
2026-08-28T22:19:04+05:30,thermal_zone6,iwlwifi_1,55000,0
2026-08-28T22:19:04+05:30,thermal_zone7,x86_pkg_temp,65000,0
2026-08-28T22:19:05+05:30,thermal_zone0,acpitz,48000,128000
2026-08-28T22:19:05+05:30,thermal_zone1,pch_cannonlake,55000,120000
2026-08-28T22:19:05+05:30,thermal_zone2,INT3400 Thermal,20000,0
2026-08-28T22:19:05+05:30,thermal_zone3,SEN1,1050,103050
2026-08-28T22:19:05+05:30,thermal_zone4,SEN2,41050,80050
2026-08-28T22:19:05+05:30,thermal_zone5,B0D4,48050,110050
2026-08-28T22:19:05+05:30,thermal_zone6,iwlwifi_1,55000,0
2026-08-28T22:19:05+05:30,thermal_zone7,x86_pkg_temp,64000,0
2026-08-28T22:19:07+05:30,thermal_zone0,acpitz,48000,128000
2026-08-28T22:19:07+05:30,thermal_zone1,pch_cannonlake,55000,120000
2026-08-28T22:19:07+05:30,thermal_zone2,INT3400 Thermal,20000,0
2026-08-28T22:19:07+05:30,thermal_zone3,SEN1,1050,103050
2026-08-28T22:19:07+05:30,thermal_zone4,SEN2,41050,80050
2026-08-28T22:19:07+05:30,thermal_zone5,B0D4,48050,110050
2026-08-28T22:19:07+05:30,thermal_zone6,iwlwifi_1,57000,0
2026-08-28T22:19:07+05:30,thermal_zone7,x86_pkg_temp,64000,0
2026-08-28T22:19:08+05:30,thermal_zone0,acpitz,48000,128000
2026-08-28T22:19:08+05:30,thermal_zone1,pch_cannonlake,54000,120000
2026-08-28T22:19:08+05:30,thermal_zone2,INT3400 Thermal,20000,0
2026-08-28T22:19:08+05:30,thermal_zone3,SEN1,1050,103050
2026-08-28T22:19:08+05:30,thermal_zone4,SEN2,42050,80050
2026-08-28T22:19:08+05:30,thermal_zone5,B0D4,48050,110050
2026-08-28T22:19:08+05:30,thermal_zone6,iwlwifi_1,58000,0
2026-08-28T22:19:08+05:30,thermal_zone7,x86_pkg_temp,66000,0
2026-08-28T22:19:09+05:30,thermal_zone0,acpitz,48000,128000
2026-08-28T22:19:09+05:30,thermal_zone1,pch_cannonlake,53000,120000
2026-08-28T22:19:09+05:30,thermal_zone2,INT3400 Thermal,20000,0
2026-08-28T22:19:09+05:30,thermal_zone3,SEN1,1050,103050
2026-08-28T22:19:09+05:30,thermal_zone4,SEN2,42050,80050
2026-08-28T22:19:09+05:30,thermal_zone5,B0D4,48050,110050
2026-08-28T22:19:09+05:30,thermal_zone6,iwlwifi_1,57000,0
2026-08-28T22:19:09+05:30,thermal_zone7,x86_pkg_temp,64000,0
2026-08-28T22:19:11+05:30,thermal_zone0,acpitz,48000,128000
2026-08-28T22:19:11+05:30,thermal_zone1,pch_cannonlake,54000,120000
2026-08-28T22:19:11+05:30,thermal_zone2,INT3400 Thermal,20000,0
2026-08-28T22:19:11+05:30,thermal_zone3,SEN1,1050,103050
2026-08-28T22:19:11+05:30,thermal_zone4,SEN2,42050,80050
2026-08-28T22:19:11+05:30,thermal_zone5,B0D4,48050,110050
2026-08-28T22:19:11+05:30,thermal_zone6,iwlwifi_1,57000,0
2026-08-28T22:19:11+05:30,thermal_zone7,x86_pkg_temp,66000,0
2026-08-28T22:19:12+05:30,thermal_zone0,acpitz,48000,128000
2026-08-28T22:19:12+05:30,thermal_zone1,pch_cannonlake,54000,120000
2026-08-28T22:19:12+05:30,thermal_zone2,INT3400 Thermal,20000,0
2026-08-28T22:19:12+05:30,thermal_zone3,SEN1,1050,103050
2026-08-28T22:19:12+05:30,thermal_zone4,SEN2,42050,80050
2026-08-28T22:19:12+05:30,thermal_zone5,B0D4,48050,110050
2026-08-28T22:19:12+05:30,thermal_zone6,iwlwifi_1,55000,0
2026-08-28T22:19:12+05:30,thermal_zone7,x86_pkg_temp,66000,0
2026-08-28T22:19:13+05:30,thermal_zone0,acpitz,48000,128000
2026-08-28T22:19:13+05:30,thermal_zone1,pch_cannonlake,55000,120000
2026-08-28T22:19:13+05:30,thermal_zone2,INT3400 Thermal,20000,0
2026-08-28T22:19:13+05:30,thermal_zone3,SEN1,1050,103050
2026-08-28T22:19:13+05:30,thermal_zone4,SEN2,42050,80050
2026-08-28T22:19:13+05:30,thermal_zone5,B0D4,48050,110050
2026-08-28T22:19:13+05:30,thermal_zone6,iwlwifi_1,57000,0
2026-08-28T22:19:13+05:30,thermal_zone7,x86_pkg_temp,66000,0
2026-08-28T22:19:15+05:30,thermal_zone0,acpitz,48000,128000
2026-08-28T22:19:15+05:30,thermal_zone1,pch_cannonlake,54000,120000
2026-08-28T22:19:15+05:30,thermal_zone2,INT3400 Thermal,20000,0
2026-08-28T22:19:15+05:30,thermal_zone3,SEN1,1050,103050
2026-08-28T22:19:15+05:30,thermal_zone4,SEN2,42050,80050
2026-08-28T22:19:15+05:30,thermal_zone5,B0D4,48050,110050
2026-08-28T22:19:15+05:30,thermal_zone6,iwlwifi_1,55000,0
2026-08-28T22:19:15+05:30,thermal_zone7,x86_pkg_temp,66000,0
2026-08-28T22:19:16+05:30,thermal_zone0,acpitz,48000,128000
2026-08-28T22:19:16+05:30,thermal_zone1,pch_cannonlake,54000,120000
2026-08-28T22:19:16+05:30,thermal_zone2,INT3400 Thermal,20000,0
2026-08-28T22:19:16+05:30,thermal_zone3,SEN1,1050,103050
2026-08-28T22:19:16+05:30,thermal_zone4,SEN2,42050,80050
2026-08-28T22:19:16+05:30,thermal_zone5,B0D4,48050,110050
2026-08-28T22:19:16+05:30,thermal_zone6,iwlwifi_1,55000,0
2026-08-28T22:19:16+05:30,thermal_zone7,x86_pkg_temp,66000,0
2026-08-28T22:19:17+05:30,thermal_zone0,acpitz,48000,128000
2026-08-28T22:19:17+05:30,thermal_zone1,pch_cannonlake,55000,120000
2026-08-28T22:19:17+05:30,thermal_zone2,INT3400 Thermal,20000,0
2026-08-28T22:19:17+05:30,thermal_zone3,SEN1,1050,103050
2026-08-28T22:19:17+05:30,thermal_zone4,SEN2,42050,80050
2026-08-28T22:19:17+05:30,thermal_zone5,B0D4,48050,110050
2026-08-28T22:19:17+05:30,thermal_zone6,iwlwifi_1,56000,0
2026-08-28T22:19:17+05:30,thermal_zone7,x86_pkg_temp,65000,0
2026-08-28T22:19:19+05:30,thermal_zone0,acpitz,48000,128000
2026-08-28T22:19:19+05:30,thermal_zone1,pch_cannonlake,55000,120000
2026-08-28T22:19:19+05:30,thermal_zone2,INT3400 Thermal,20000,0
2026-08-28T22:19:19+05:30,thermal_zone3,SEN1,1050,103050
2026-08-28T22:19:19+05:30,thermal_zone4,SEN2,42050,80050
2026-08-28T22:19:19+05:30,thermal_zone5,B0D4,48050,110050
2026-08-28T22:19:19+05:30,thermal_zone6,iwlwifi_1,56000,0
2026-08-28T22:19:19+05:30,thermal_zone7,x86_pkg_temp,64000,0
2026-08-28T22:19:20+05:30,thermal_zone0,acpitz,48000,128000
2026-08-28T22:19:20+05:30,thermal_zone1,pch_cannonlake,54000,120000
2026-08-28T22:19:20+05:30,thermal_zone2,INT3400 Thermal,20000,0
2026-08-28T22:19:20+05:30,thermal_zone3,SEN1,1050,103050
2026-08-28T22:19:20+05:30,thermal_zone4,SEN2,42050,80050
2026-08-28T22:19:20+05:30,thermal_zone5,B0D4,48050,110050
2026-08-28T22:19:20+05:30,thermal_zone6,iwlwifi_1,55000,0
2026-08-28T22:19:20+05:30,thermal_zone7,x86_pkg_temp,66000,0
2026-08-28T22:19:21+05:30,thermal_zone0,acpitz,48000,128000
2026-08-28T22:19:21+05:30,thermal_zone1,pch_cannonlake,54000,120000
2026-08-28T22:19:21+05:30,thermal_zone2,INT3400 Thermal,20000,0
2026-08-28T22:19:21+05:30,thermal_zone3,SEN1,1050,103050
2026-08-28T22:19:21+05:30,thermal_zone4,SEN2,42050,80050
2026-08-28T22:19:21+05:30,thermal_zone5,B0D4,48050,110050
2026-08-28T22:19:21+05:30,thermal_zone6,iwlwifi_1,55000,0
2026-08-28T22:19:21+05:30,thermal_zone7,x86_pkg_temp,66000,0
2026-08-28T22:19:23+05:30,thermal_zone0,acpitz,48000,128000
2026-08-28T22:19:23+05:30,thermal_zone1,pch_cannonlake,54000,120000
2026-08-28T22:19:23+05:30,thermal_zone2,INT3400 Thermal,20000,0
2026-08-28T22:19:23+05:30,thermal_zone3,SEN1,1050,103050
2026-08-28T22:19:23+05:30,thermal_zone4,SEN2,42050,80050
2026-08-28T22:19:23+05:30,thermal_zone5,B0D4,48050,110050
2026-08-28T22:19:23+05:30,thermal_zone6,iwlwifi_1,55000,0
2026-08-28T22:19:23+05:30,thermal_zone7,x86_pkg_temp,66000,0
2026-08-28T22:19:24+05:30,thermal_zone0,acpitz,48000,128000
2026-08-28T22:19:24+05:30,thermal_zone1,pch_cannonlake,55000,120000
2026-08-28T22:19:24+05:30,thermal_zone2,INT3400 Thermal,20000,0
2026-08-28T22:19:24+05:30,thermal_zone3,SEN1,1050,103050
2026-08-28T22:19:24+05:30,thermal_zone4,SEN2,42050,80050
2026-08-28T22:19:24+05:30,thermal_zone5,B0D4,48050,110050
2026-08-28T22:19:24+05:30,thermal_zone6,iwlwifi_1,55000,0
2026-08-28T22:19:24+05:30,thermal_zone7,x86_pkg_temp,66000,0
2026-08-28T22:19:25+05:30,thermal_zone0,acpitz,48000,128000
2026-08-28T22:19:25+05:30,thermal_zone1,pch_cannonlake,54000,120000
2026-08-28T22:19:25+05:30,thermal_zone2,INT3400 Thermal,20000,0
2026-08-28T22:19:25+05:30,thermal_zone3,SEN1,1050,103050
2026-08-28T22:19:25+05:30,thermal_zone4,SEN2,42050,80050
2026-08-28T22:19:25+05:30,thermal_zone5,B0D4,48050,110050
2026-08-28T22:19:25+05:30,thermal_zone6,iwlwifi_1,55000,0
2026-08-28T22:19:25+05:30,thermal_zone7,x86_pkg_temp,64000,0
2026-08-28T22:19:27+05:30,thermal_zone0,acpitz,48000,128000
2026-08-28T22:19:27+05:30,thermal_zone1,pch_cannonlake,53000,120000
2026-08-28T22:19:27+05:30,thermal_zone2,INT3400 Thermal,20000,0
2026-08-28T22:19:27+05:30,thermal_zone3,SEN1,1050,103050
2026-08-28T22:19:27+05:30,thermal_zone4,SEN2,42050,80050
2026-08-28T22:19:27+05:30,thermal_zone5,B0D4,48050,110050
2026-08-28T22:19:27+05:30,thermal_zone6,iwlwifi_1,55000,0
2026-08-28T22:19:27+05:30,thermal_zone7,x86_pkg_temp,66000,0
2026-08-28T22:19:28+05:30,thermal_zone0,acpitz,48000,128000
2026-08-28T22:19:28+05:30,thermal_zone1,pch_cannonlake,54000,120000
2026-08-28T22:19:28+05:30,thermal_zone2,INT3400 Thermal,20000,0
2026-08-28T22:19:28+05:30,thermal_zone3,SEN1,1050,103050
2026-08-28T22:19:28+05:30,thermal_zone4,SEN2,42050,80050
2026-08-28T22:19:28+05:30,thermal_zone5,B0D4,48050,110050
2026-08-28T22:19:28+05:30,thermal_zone6,iwlwifi_1,55000,0
2026-08-28T22:19:28+05:30,thermal_zone7,x86_pkg_temp,65000,0
2026-08-28T22:19:29+05:30,thermal_zone0,acpitz,48000,128000
2026-08-28T22:19:29+05:30,thermal_zone1,pch_cannonlake,55000,120000
2026-08-28T22:19:29+05:30,thermal_zone2,INT3400 Thermal,20000,0
2026-08-28T22:19:29+05:30,thermal_zone3,SEN1,1050,103050
2026-08-28T22:19:29+05:30,thermal_zone4,SEN2,42050,80050
2026-08-28T22:19:29+05:30,thermal_zone5,B0D4,48050,110050
2026-08-28T22:19:29+05:30,thermal_zone6,iwlwifi_1,56000,0
2026-08-28T22:19:29+05:30,thermal_zone7,x86_pkg_temp,65000,0
2026-08-28T22:19:31+05:30,thermal_zone0,acpitz,48000,128000
2026-08-28T22:19:31+05:30,thermal_zone1,pch_cannonlake,54000,120000
2026-08-28T22:19:31+05:30,thermal_zone2,INT3400 Thermal,20000,0
2026-08-28T22:19:31+05:30,thermal_zone3,SEN1,1050,103050
2026-08-28T22:19:31+05:30,thermal_zone4,SEN2,42050,80050
2026-08-28T22:19:31+05:30,thermal_zone5,B0D4,48050,110050
2026-08-28T22:19:31+05:30,thermal_zone6,iwlwifi_1,55000,0
2026-08-28T22:19:31+05:30,thermal_zone7,x86_pkg_temp,65000,0
2026-08-28T22:19:32+05:30,thermal_zone0,acpitz,48000,128000
2026-08-28T22:19:32+05:30,thermal_zone1,pch_cannonlake,53000,120000
2026-08-28T22:19:32+05:30,thermal_zone2,INT3400 Thermal,20000,0
2026-08-28T22:19:32+05:30,thermal_zone3,SEN1,1050,103050
2026-08-28T22:19:32+05:30,thermal_zone4,SEN2,42050,80050
2026-08-28T22:19:32+05:30,thermal_zone5,B0D4,48050,110050
2026-08-28T22:19:32+05:30,thermal_zone6,iwlwifi_1,55000,0
2026-08-28T22:19:32+05:30,thermal_zone7,x86_pkg_temp,65000,0
2026-08-28T22:19:33+05:30,thermal_zone0,acpitz,48000,128000
2026-08-28T22:19:33+05:30,thermal_zone1,pch_cannonlake,54000,120000
2026-08-28T22:19:33+05:30,thermal_zone2,INT3400 Thermal,20000,0
2026-08-28T22:19:33+05:30,thermal_zone3,SEN1,1050,103050
2026-08-28T22:19:33+05:30,thermal_zone4,SEN2,42050,80050
2026-08-28T22:19:33+05:30,thermal_zone5,B0D4,48050,110050
2026-08-28T22:19:33+05:30,thermal_zone6,iwlwifi_1,56000,0
2026-08-28T22:19:33+05:30,thermal_zone7,x86_pkg_temp,65000,0
2026-08-28T22:19:35+05:30,thermal_zone0,acpitz,48000,128000
2026-08-28T22:19:35+05:30,thermal_zone1,pch_cannonlake,55000,120000
2026-08-28T22:19:35+05:30,thermal_zone2,INT3400 Thermal,20000,0
2026-08-28T22:19:35+05:30,thermal_zone3,SEN1,1050,103050
2026-08-28T22:19:35+05:30,thermal_zone4,SEN2,42050,80050
2026-08-28T22:19:35+05:30,thermal_zone5,B0D4,48050,110050
2026-08-28T22:19:35+05:30,thermal_zone6,iwlwifi_1,55000,0
2026-08-28T22:19:35+05:30,thermal_zone7,x86_pkg_temp,66000,0
2026-08-28T22:19:36+05:30,thermal_zone0,acpitz,48000,128000
2026-08-28T22:19:36+05:30,thermal_zone1,pch_cannonlake,55000,120000
2026-08-28T22:19:36+05:30,thermal_zone2,INT3400 Thermal,20000,0
2026-08-28T22:19:36+05:30,thermal_zone3,SEN1,1050,103050
2026-08-28T22:19:36+05:30,thermal_zone4,SEN2,42050,80050
2026-08-28T22:19:36+05:30,thermal_zone5,B0D4,48050,110050
2026-08-28T22:19:36+05:30,thermal_zone6,iwlwifi_1,55000,0
2026-08-28T22:19:36+05:30,thermal_zone7,x86_pkg_temp,66000,0
2026-08-28T22:19:37+05:30,thermal_zone0,acpitz,48000,128000
2026-08-28T22:19:37+05:30,thermal_zone1,pch_cannonlake,54000,120000
2026-08-28T22:19:37+05:30,thermal_zone2,INT3400 Thermal,20000,0
2026-08-28T22:19:37+05:30,thermal_zone3,SEN1,1050,103050
2026-08-28T22:19:37+05:30,thermal_zone4,SEN2,42050,80050
2026-08-28T22:19:37+05:30,thermal_zone5,B0D4,48050,110050
2026-08-28T22:19:37+05:30,thermal_zone6,iwlwifi_1,55000,0
2026-08-28T22:19:37+05:30,thermal_zone7,x86_pkg_temp,66000,0
2026-08-28T22:19:39+05:30,thermal_zone0,acpitz,48000,128000
2026-08-28T22:19:39+05:30,thermal_zone1,pch_cannonlake,54000,120000
2026-08-28T22:19:39+05:30,thermal_zone2,INT3400 Thermal,20000,0
2026-08-28T22:19:39+05:30,thermal_zone3,SEN1,1050,103050
2026-08-28T22:19:39+05:30,thermal_zone4,SEN2,41050,80050
2026-08-28T22:19:39+05:30,thermal_zone5,B0D4,48050,110050
2026-08-28T22:19:39+05:30,thermal_zone6,iwlwifi_1,56000,0
2026-08-28T22:19:39+05:30,thermal_zone7,x86_pkg_temp,66000,0
2026-08-28T22:19:40+05:30,thermal_zone0,acpitz,48000,128000
2026-08-28T22:19:40+05:30,thermal_zone1,pch_cannonlake,55000,120000
2026-08-28T22:19:40+05:30,thermal_zone2,INT3400 Thermal,20000,0
2026-08-28T22:19:40+05:30,thermal_zone3,SEN1,1050,103050
2026-08-28T22:19:40+05:30,thermal_zone4,SEN2,41050,80050
2026-08-28T22:19:40+05:30,thermal_zone5,B0D4,48050,110050
2026-08-28T22:19:40+05:30,thermal_zone6,iwlwifi_1,55000,0
2026-08-28T22:19:40+05:30,thermal_zone7,x86_pkg_temp,65000,0
2026-08-28T22:19:42+05:30,thermal_zone0,acpitz,48000,128000
2026-08-28T22:19:42+05:30,thermal_zone1,pch_cannonlake,55000,120000
2026-08-28T22:19:42+05:30,thermal_zone2,INT3400 Thermal,20000,0
2026-08-28T22:19:42+05:30,thermal_zone3,SEN1,1050,103050
2026-08-28T22:19:42+05:30,thermal_zone4,SEN2,41050,80050
2026-08-28T22:19:42+05:30,thermal_zone5,B0D4,48050,110050
2026-08-28T22:19:42+05:30,thermal_zone6,iwlwifi_1,56000,0
2026-08-28T22:19:42+05:30,thermal_zone7,x86_pkg_temp,64000,0
2026-08-28T22:19:43+05:30,thermal_zone0,acpitz,48000,128000
2026-08-28T22:19:43+05:30,thermal_zone1,pch_cannonlake,55000,120000
2026-08-28T22:19:43+05:30,thermal_zone2,INT3400 Thermal,20000,0
2026-08-28T22:19:43+05:30,thermal_zone3,SEN1,1050,103050
2026-08-28T22:19:43+05:30,thermal_zone4,SEN2,41050,80050
2026-08-28T22:19:43+05:30,thermal_zone5,B0D4,48050,110050
2026-08-28T22:19:43+05:30,thermal_zone6,iwlwifi_1,57000,0
2026-08-28T22:19:43+05:30,thermal_zone7,x86_pkg_temp,65000,0
2026-08-28T22:19:44+05:30,thermal_zone0,acpitz,48000,128000
2026-08-28T22:19:44+05:30,thermal_zone1,pch_cannonlake,53000,120000
2026-08-28T22:19:44+05:30,thermal_zone2,INT3400 Thermal,20000,0
2026-08-28T22:19:44+05:30,thermal_zone3,SEN1,1050,103050
2026-08-28T22:19:44+05:30,thermal_zone4,SEN2,41050,80050
2026-08-28T22:19:44+05:30,thermal_zone5,B0D4,48050,110050
2026-08-28T22:19:44+05:30,thermal_zone6,iwlwifi_1,55000,0
2026-08-28T22:19:44+05:30,thermal_zone7,x86_pkg_temp,66000,0
2026-08-28T22:19:46+05:30,thermal_zone0,acpitz,48000,128000
2026-08-28T22:19:46+05:30,thermal_zone1,pch_cannonlake,54000,120000
2026-08-28T22:19:46+05:30,thermal_zone2,INT3400 Thermal,20000,0
2026-08-28T22:19:46+05:30,thermal_zone3,SEN1,1050,103050
2026-08-28T22:19:46+05:30,thermal_zone4,SEN2,41050,80050
2026-08-28T22:19:46+05:30,thermal_zone5,B0D4,48050,110050
2026-08-28T22:19:46+05:30,thermal_zone6,iwlwifi_1,56000,0
2026-08-28T22:19:46+05:30,thermal_zone7,x86_pkg_temp,66000,0
2026-08-28T22:19:47+05:30,thermal_zone0,acpitz,48000,128000
2026-08-28T22:19:47+05:30,thermal_zone1,pch_cannonlake,55000,120000
2026-08-28T22:19:47+05:30,thermal_zone2,INT3400 Thermal,20000,0
2026-08-28T22:19:47+05:30,thermal_zone3,SEN1,1050,103050
2026-08-28T22:19:47+05:30,thermal_zone4,SEN2,41050,80050
2026-08-28T22:19:47+05:30,thermal_zone5,B0D4,48050,110050
2026-08-28T22:19:47+05:30,thermal_zone6,iwlwifi_1,56000,0
2026-08-28T22:19:47+05:30,thermal_zone7,x86_pkg_temp,66000,0
2026-08-28T22:19:48+05:30,thermal_zone0,acpitz,48000,128000
2026-08-28T22:19:48+05:30,thermal_zone1,pch_cannonlake,54000,120000
2026-08-28T22:19:48+05:30,thermal_zone2,INT3400 Thermal,20000,0
2026-08-28T22:19:48+05:30,thermal_zone3,SEN1,1050,103050
2026-08-28T22:19:48+05:30,thermal_zone4,SEN2,41050,80050
2026-08-28T22:19:48+05:30,thermal_zone5,B0D4,48050,110050
2026-08-28T22:19:48+05:30,thermal_zone6,iwlwifi_1,55000,0
2026-08-28T22:19:48+05:30,thermal_zone7,x86_pkg_temp,64000,0
2026-08-28T22:19:50+05:30,thermal_zone0,acpitz,48000,128000
2026-08-28T22:19:50+05:30,thermal_zone1,pch_cannonlake,55000,120000
2026-08-28T22:19:50+05:30,thermal_zone2,INT3400 Thermal,20000,0
2026-08-28T22:19:50+05:30,thermal_zone3,SEN1,1050,103050
2026-08-28T22:19:50+05:30,thermal_zone4,SEN2,41050,80050
2026-08-28T22:19:50+05:30,thermal_zone5,B0D4,48050,110050
2026-08-28T22:19:50+05:30,thermal_zone6,iwlwifi_1,57000,0
2026-08-28T22:19:50+05:30,thermal_zone7,x86_pkg_temp,64000,0
2026-08-28T22:19:51+05:30,thermal_zone0,acpitz,48000,128000
2026-08-28T22:19:51+05:30,thermal_zone1,pch_cannonlake,55000,120000
2026-08-28T22:19:51+05:30,thermal_zone2,INT3400 Thermal,20000,0
2026-08-28T22:19:51+05:30,thermal_zone3,SEN1,1050,103050
2026-08-28T22:19:51+05:30,thermal_zone4,SEN2,41050,80050
2026-08-28T22:19:51+05:30,thermal_zone5,B0D4,48050,110050
2026-08-28T22:19:51+05:30,thermal_zone6,iwlwifi_1,55000,0
2026-08-28T22:19:51+05:30,thermal_zone7,x86_pkg_temp,65000,0
2026-08-28T22:19:52+05:30,thermal_zone0,acpitz,48000,128000
2026-08-28T22:19:52+05:30,thermal_zone1,pch_cannonlake,55000,120000
2026-08-28T22:19:52+05:30,thermal_zone2,INT3400 Thermal,20000,0
2026-08-28T22:19:52+05:30,thermal_zone3,SEN1,1050,103050
2026-08-28T22:19:52+05:30,thermal_zone4,SEN2,41050,80050
2026-08-28T22:19:52+05:30,thermal_zone5,B0D4,48050,110050
2026-08-28T22:19:52+05:30,thermal_zone6,iwlwifi_1,55000,0
2026-08-28T22:19:52+05:30,thermal_zone7,x86_pkg_temp,66000,0
2026-08-28T22:19:54+05:30,thermal_zone0,acpitz,48000,128000
2026-08-28T22:19:54+05:30,thermal_zone1,pch_cannonlake,54000,120000
2026-08-28T22:19:54+05:30,thermal_zone2,INT3400 Thermal,20000,0
2026-08-28T22:19:54+05:30,thermal_zone3,SEN1,1050,103050
2026-08-28T22:19:54+05:30,thermal_zone4,SEN2,41050,80050
2026-08-28T22:19:54+05:30,thermal_zone5,B0D4,48050,110050
2026-08-28T22:19:54+05:30,thermal_zone6,iwlwifi_1,56000,0
2026-08-28T22:19:54+05:30,thermal_zone7,x86_pkg_temp,66000,0
2026-08-28T22:19:55+05:30,thermal_zone0,acpitz,48000,128000
2026-08-28T22:19:55+05:30,thermal_zone1,pch_cannonlake,54000,120000
2026-08-28T22:19:55+05:30,thermal_zone2,INT3400 Thermal,20000,0
2026-08-28T22:19:55+05:30,thermal_zone3,SEN1,1050,103050
2026-08-28T22:19:55+05:30,thermal_zone4,SEN2,42050,80050
2026-08-28T22:19:55+05:30,thermal_zone5,B0D4,48050,110050
2026-08-28T22:19:55+05:30,thermal_zone6,iwlwifi_1,55000,0
2026-08-28T22:19:55+05:30,thermal_zone7,x86_pkg_temp,65000,0
2026-08-28T22:19:56+05:30,thermal_zone0,acpitz,48000,128000
2026-08-28T22:19:56+05:30,thermal_zone1,pch_cannonlake,53000,120000
2026-08-28T22:19:56+05:30,thermal_zone2,INT3400 Thermal,20000,0
2026-08-28T22:19:56+05:30,thermal_zone3,SEN1,1050,103050
2026-08-28T22:19:56+05:30,thermal_zone4,SEN2,42050,80050
2026-08-28T22:19:56+05:30,thermal_zone5,B0D4,48050,110050
2026-08-28T22:19:56+05:30,thermal_zone6,iwlwifi_1,56000,0
2026-08-28T22:19:56+05:30,thermal_zone7,x86_pkg_temp,64000,0
2026-08-28T22:19:58+05:30,thermal_zone0,acpitz,48000,128000
2026-08-28T22:19:58+05:30,thermal_zone1,pch_cannonlake,54000,120000
2026-08-28T22:19:58+05:30,thermal_zone2,INT3400 Thermal,20000,0
2026-08-28T22:19:58+05:30,thermal_zone3,SEN1,1050,103050
2026-08-28T22:19:58+05:30,thermal_zone4,SEN2,42050,80050
2026-08-28T22:19:58+05:30,thermal_zone5,B0D4,48050,110050
2026-08-28T22:19:58+05:30,thermal_zone6,iwlwifi_1,55000,0
2026-08-28T22:19:58+05:30,thermal_zone7,x86_pkg_temp,66000,0
2026-08-28T22:19:59+05:30,thermal_zone0,acpitz,48000,128000
2026-08-28T22:19:59+05:30,thermal_zone1,pch_cannonlake,55000,120000
2026-08-28T22:19:59+05:30,thermal_zone2,INT3400 Thermal,20000,0
2026-08-28T22:19:59+05:30,thermal_zone3,SEN1,1050,103050
2026-08-28T22:19:59+05:30,thermal_zone4,SEN2,42050,80050
2026-08-28T22:19:59+05:30,thermal_zone5,B0D4,48050,110050
2026-08-28T22:19:59+05:30,thermal_zone6,iwlwifi_1,55000,0
2026-08-28T22:19:59+05:30,thermal_zone7,x86_pkg_temp,66000,0
2026-08-28T22:20:00+05:30,thermal_zone0,acpitz,48000,128000
2026-08-28T22:20:00+05:30,thermal_zone1,pch_cannonlake,54000,120000
2026-08-28T22:20:00+05:30,thermal_zone2,INT3400 Thermal,20000,0
2026-08-28T22:20:00+05:30,thermal_zone3,SEN1,1050,103050
2026-08-28T22:20:00+05:30,thermal_zone4,SEN2,42050,80050
2026-08-28T22:20:00+05:30,thermal_zone5,B0D4,48050,110050
2026-08-28T22:20:00+05:30,thermal_zone6,iwlwifi_1,55000,0
2026-08-28T22:20:00+05:30,thermal_zone7,x86_pkg_temp,66000,0
2026-08-28T22:20:02+05:30,thermal_zone0,acpitz,48000,128000
2026-08-28T22:20:02+05:30,thermal_zone1,pch_cannonlake,55000,120000
2026-08-28T22:20:02+05:30,thermal_zone2,INT3400 Thermal,20000,0
2026-08-28T22:20:02+05:30,thermal_zone3,SEN1,1050,103050
2026-08-28T22:20:02+05:30,thermal_zone4,SEN2,42050,80050
2026-08-28T22:20:02+05:30,thermal_zone5,B0D4,48050,110050
2026-08-28T22:20:02+05:30,thermal_zone6,iwlwifi_1,55000,0
2026-08-28T22:20:02+05:30,thermal_zone7,x86_pkg_temp,66000,0
2026-08-28T22:20:03+05:30,thermal_zone0,acpitz,48000,128000
2026-08-28T22:20:03+05:30,thermal_zone1,pch_cannonlake,55000,120000
2026-08-28T22:20:03+05:30,thermal_zone2,INT3400 Thermal,20000,0
2026-08-28T22:20:03+05:30,thermal_zone3,SEN1,1050,103050
2026-08-28T22:20:03+05:30,thermal_zone4,SEN2,42050,80050
2026-08-28T22:20:03+05:30,thermal_zone5,B0D4,48050,110050
2026-08-28T22:20:03+05:30,thermal_zone6,iwlwifi_1,56000,0
2026-08-28T22:20:03+05:30,thermal_zone7,x86_pkg_temp,65000,0
2026-08-28T22:20:04+05:30,thermal_zone0,acpitz,48000,128000
2026-08-28T22:20:04+05:30,thermal_zone1,pch_cannonlake,55000,120000
2026-08-28T22:20:04+05:30,thermal_zone2,INT3400 Thermal,20000,0
2026-08-28T22:20:04+05:30,thermal_zone3,SEN1,1050,103050
2026-08-28T22:20:04+05:30,thermal_zone4,SEN2,42050,80050
2026-08-28T22:20:04+05:30,thermal_zone5,B0D4,48050,110050
2026-08-28T22:20:04+05:30,thermal_zone6,iwlwifi_1,55000,0
2026-08-28T22:20:04+05:30,thermal_zone7,x86_pkg_temp,65000,0
2026-08-28T22:20:06+05:30,thermal_zone0,acpitz,48000,128000
2026-08-28T22:20:06+05:30,thermal_zone1,pch_cannonlake,53000,120000
2026-08-28T22:20:06+05:30,thermal_zone2,INT3400 Thermal,20000,0
2026-08-28T22:20:06+05:30,thermal_zone3,SEN1,1050,103050
2026-08-28T22:20:06+05:30,thermal_zone4,SEN2,42050,80050
2026-08-28T22:20:06+05:30,thermal_zone5,B0D4,48050,110050
2026-08-28T22:20:06+05:30,thermal_zone6,iwlwifi_1,55000,0
2026-08-28T22:20:06+05:30,thermal_zone7,x86_pkg_temp,66000,0
2026-08-28T22:20:07+05:30,thermal_zone0,acpitz,48000,128000
2026-08-28T22:20:07+05:30,thermal_zone1,pch_cannonlake,55000,120000
2026-08-28T22:20:07+05:30,thermal_zone2,INT3400 Thermal,20000,0
2026-08-28T22:20:07+05:30,thermal_zone3,SEN1,1050,103050
2026-08-28T22:20:07+05:30,thermal_zone4,SEN2,42050,80050
2026-08-28T22:20:07+05:30,thermal_zone5,B0D4,48050,110050
2026-08-28T22:20:07+05:30,thermal_zone6,iwlwifi_1,55000,0
2026-08-28T22:20:07+05:30,thermal_zone7,x86_pkg_temp,64000,0
2026-08-28T22:20:08+05:30,thermal_zone0,acpitz,48000,128000
2026-08-28T22:20:08+05:30,thermal_zone1,pch_cannonlake,54000,120000
2026-08-28T22:20:08+05:30,thermal_zone2,INT3400 Thermal,20000,0
2026-08-28T22:20:08+05:30,thermal_zone3,SEN1,1050,103050
2026-08-28T22:20:08+05:30,thermal_zone4,SEN2,42050,80050
2026-08-28T22:20:08+05:30,thermal_zone5,B0D4,48050,110050
2026-08-28T22:20:08+05:30,thermal_zone6,iwlwifi_1,55000,0
2026-08-28T22:20:08+05:30,thermal_zone7,x86_pkg_temp,66000,0
2026-08-28T22:20:10+05:30,thermal_zone0,acpitz,48000,128000
2026-08-28T22:20:10+05:30,thermal_zone1,pch_cannonlake,55000,120000
2026-08-28T22:20:10+05:30,thermal_zone2,INT3400 Thermal,20000,0
2026-08-28T22:20:10+05:30,thermal_zone3,SEN1,1050,103050
2026-08-28T22:20:10+05:30,thermal_zone4,SEN2,42050,80050
2026-08-28T22:20:10+05:30,thermal_zone5,B0D4,48050,110050
2026-08-28T22:20:10+05:30,thermal_zone6,iwlwifi_1,56000,0
2026-08-28T22:20:10+05:30,thermal_zone7,x86_pkg_temp,66000,0
2026-08-28T22:20:11+05:30,thermal_zone0,acpitz,48000,128000
2026-08-28T22:20:11+05:30,thermal_zone1,pch_cannonlake,54000,120000
2026-08-28T22:20:11+05:30,thermal_zone2,INT3400 Thermal,20000,0
2026-08-28T22:20:11+05:30,thermal_zone3,SEN1,1050,103050
2026-08-28T22:20:11+05:30,thermal_zone4,SEN2,42050,80050
2026-08-28T22:20:11+05:30,thermal_zone5,B0D4,48050,110050
2026-08-28T22:20:11+05:30,thermal_zone6,iwlwifi_1,55000,0
2026-08-28T22:20:11+05:30,thermal_zone7,x86_pkg_temp,65000,0
2026-08-28T22:20:12+05:30,thermal_zone0,acpitz,48000,128000
2026-08-28T22:20:12+05:30,thermal_zone1,pch_cannonlake,55000,120000
2026-08-28T22:20:12+05:30,thermal_zone2,INT3400 Thermal,20000,0
2026-08-28T22:20:12+05:30,thermal_zone3,SEN1,1050,103050
2026-08-28T22:20:12+05:30,thermal_zone4,SEN2,42050,80050
2026-08-28T22:20:12+05:30,thermal_zone5,B0D4,48050,110050
2026-08-28T22:20:12+05:30,thermal_zone6,iwlwifi_1,55000,0
2026-08-28T22:20:12+05:30,thermal_zone7,x86_pkg_temp,64000,0
2026-08-28T22:20:14+05:30,thermal_zone0,acpitz,48000,128000
2026-08-28T22:20:14+05:30,thermal_zone1,pch_cannonlake,54000,120000
2026-08-28T22:20:14+05:30,thermal_zone2,INT3400 Thermal,20000,0
2026-08-28T22:20:14+05:30,thermal_zone3,SEN1,1050,103050
2026-08-28T22:20:14+05:30,thermal_zone4,SEN2,42050,80050
2026-08-28T22:20:14+05:30,thermal_zone5,B0D4,48050,110050
2026-08-28T22:20:14+05:30,thermal_zone6,iwlwifi_1,57000,0
2026-08-28T22:20:14+05:30,thermal_zone7,x86_pkg_temp,64000,0
2026-08-28T22:20:15+05:30,thermal_zone0,acpitz,48000,128000
2026-08-28T22:20:15+05:30,thermal_zone1,pch_cannonlake,55000,120000
2026-08-28T22:20:15+05:30,thermal_zone2,INT3400 Thermal,20000,0
2026-08-28T22:20:15+05:30,thermal_zone3,SEN1,1050,103050
2026-08-28T22:20:15+05:30,thermal_zone4,SEN2,42050,80050
2026-08-28T22:20:15+05:30,thermal_zone5,B0D4,48050,110050
2026-08-28T22:20:15+05:30,thermal_zone6,iwlwifi_1,55000,0
2026-08-28T22:20:15+05:30,thermal_zone7,x86_pkg_temp,64000,0
2026-08-28T22:20:16+05:30,thermal_zone0,acpitz,48000,128000
2026-08-28T22:20:16+05:30,thermal_zone1,pch_cannonlake,54000,120000
2026-08-28T22:20:16+05:30,thermal_zone2,INT3400 Thermal,20000,0
2026-08-28T22:20:16+05:30,thermal_zone3,SEN1,1050,103050
2026-08-28T22:20:16+05:30,thermal_zone4,SEN2,42050,80050
2026-08-28T22:20:16+05:30,thermal_zone5,B0D4,48050,110050
2026-08-28T22:20:16+05:30,thermal_zone6,iwlwifi_1,57000,0
2026-08-28T22:20:16+05:30,thermal_zone7,x86_pkg_temp,66000,0
2026-08-28T22:20:18+05:30,thermal_zone0,acpitz,48000,128000
2026-08-28T22:20:18+05:30,thermal_zone1,pch_cannonlake,54000,120000
2026-08-28T22:20:18+05:30,thermal_zone2,INT3400 Thermal,20000,0
2026-08-28T22:20:18+05:30,thermal_zone3,SEN1,1050,103050
2026-08-28T22:20:18+05:30,thermal_zone4,SEN2,42050,80050
2026-08-28T22:20:18+05:30,thermal_zone5,B0D4,48050,110050
2026-08-28T22:20:18+05:30,thermal_zone6,iwlwifi_1,57000,0
2026-08-28T22:20:18+05:30,thermal_zone7,x86_pkg_temp,65000,0
2026-08-28T22:20:19+05:30,thermal_zone0,acpitz,48000,128000
2026-08-28T22:20:19+05:30,thermal_zone1,pch_cannonlake,54000,120000
2026-08-28T22:20:19+05:30,thermal_zone2,INT3400 Thermal,20000,0
2026-08-28T22:20:19+05:30,thermal_zone3,SEN1,1050,103050
2026-08-28T22:20:19+05:30,thermal_zone4,SEN2,42050,80050
2026-08-28T22:20:19+05:30,thermal_zone5,B0D4,48050,110050
2026-08-28T22:20:19+05:30,thermal_zone6,iwlwifi_1,57000,0
2026-08-28T22:20:19+05:30,thermal_zone7,x86_pkg_temp,64000,0
2026-08-28T22:20:20+05:30,thermal_zone0,acpitz,48000,128000
2026-08-28T22:20:20+05:30,thermal_zone1,pch_cannonlake,54000,120000
2026-08-28T22:20:20+05:30,thermal_zone2,INT3400 Thermal,20000,0
2026-08-28T22:20:20+05:30,thermal_zone3,SEN1,1050,103050
2026-08-28T22:20:20+05:30,thermal_zone4,SEN2,42050,80050
2026-08-28T22:20:20+05:30,thermal_zone5,B0D4,48050,110050
2026-08-28T22:20:20+05:30,thermal_zone6,iwlwifi_1,57000,0
2026-08-28T22:20:20+05:30,thermal_zone7,x86_pkg_temp,66000,0
2026-08-28T22:20:22+05:30,thermal_zone0,acpitz,48000,128000
2026-08-28T22:20:22+05:30,thermal_zone1,pch_cannonlake,55000,120000
2026-08-28T22:20:22+05:30,thermal_zone2,INT3400 Thermal,20000,0
2026-08-28T22:20:22+05:30,thermal_zone3,SEN1,1050,103050
2026-08-28T22:20:22+05:30,thermal_zone4,SEN2,42050,80050
2026-08-28T22:20:22+05:30,thermal_zone5,B0D4,48050,110050
2026-08-28T22:20:22+05:30,thermal_zone6,iwlwifi_1,56000,0
2026-08-28T22:20:22+05:30,thermal_zone7,x86_pkg_temp,66000,0
2026-08-28T22:20:23+05:30,thermal_zone0,acpitz,48000,128000
2026-08-28T22:20:23+05:30,thermal_zone1,pch_cannonlake,53000,120000
2026-08-28T22:20:23+05:30,thermal_zone2,INT3400 Thermal,20000,0
2026-08-28T22:20:23+05:30,thermal_zone3,SEN1,1050,103050
2026-08-28T22:20:23+05:30,thermal_zone4,SEN2,42050,80050
2026-08-28T22:20:23+05:30,thermal_zone5,B0D4,48050,110050
2026-08-28T22:20:23+05:30,thermal_zone6,iwlwifi_1,56000,0
2026-08-28T22:20:23+05:30,thermal_zone7,x86_pkg_temp,66000,0
2026-08-28T22:20:24+05:30,thermal_zone0,acpitz,48000,128000
2026-08-28T22:20:24+05:30,thermal_zone1,pch_cannonlake,55000,120000
2026-08-28T22:20:24+05:30,thermal_zone2,INT3400 Thermal,20000,0
2026-08-28T22:20:24+05:30,thermal_zone3,SEN1,1050,103050
2026-08-28T22:20:24+05:30,thermal_zone4,SEN2,42050,80050
2026-08-28T22:20:24+05:30,thermal_zone5,B0D4,48050,110050
2026-08-28T22:20:24+05:30,thermal_zone6,iwlwifi_1,55000,0
2026-08-28T22:20:24+05:30,thermal_zone7,x86_pkg_temp,67000,0
2026-08-28T22:20:25+05:30,thermal_zone0,acpitz,48000,128000
2026-08-28T22:20:25+05:30,thermal_zone1,pch_cannonlake,55000,120000
2026-08-28T22:20:25+05:30,thermal_zone2,INT3400 Thermal,20000,0
2026-08-28T22:20:25+05:30,thermal_zone3,SEN1,1050,103050
2026-08-28T22:20:25+05:30,thermal_zone4,SEN2,42050,80050
2026-08-28T22:20:25+05:30,thermal_zone5,B0D4,48050,110050
2026-08-28T22:20:25+05:30,thermal_zone6,iwlwifi_1,55000,0
2026-08-28T22:20:25+05:30,thermal_zone7,x86_pkg_temp,67000,0
2026-08-28T22:20:27+05:30,thermal_zone0,acpitz,48000,128000
2026-08-28T22:20:27+05:30,thermal_zone1,pch_cannonlake,54000,120000
2026-08-28T22:20:27+05:30,thermal_zone2,INT3400 Thermal,20000,0
2026-08-28T22:20:27+05:30,thermal_zone3,SEN1,1050,103050
2026-08-28T22:20:27+05:30,thermal_zone4,SEN2,41050,80050
2026-08-28T22:20:27+05:30,thermal_zone5,B0D4,48050,110050
2026-08-28T22:20:27+05:30,thermal_zone6,iwlwifi_1,55000,0
2026-08-28T22:20:27+05:30,thermal_zone7,x86_pkg_temp,66000,0
2026-08-28T22:20:28+05:30,thermal_zone0,acpitz,48000,128000
2026-08-28T22:20:28+05:30,thermal_zone1,pch_cannonlake,54000,120000
2026-08-28T22:20:28+05:30,thermal_zone2,INT3400 Thermal,20000,0
2026-08-28T22:20:28+05:30,thermal_zone3,SEN1,1050,103050
2026-08-28T22:20:28+05:30,thermal_zone4,SEN2,41050,80050
2026-08-28T22:20:28+05:30,thermal_zone5,B0D4,48050,110050
2026-08-28T22:20:28+05:30,thermal_zone6,iwlwifi_1,56000,0
2026-08-28T22:20:28+05:30,thermal_zone7,x86_pkg_temp,66000,0
2026-08-28T22:20:29+05:30,thermal_zone0,acpitz,48000,128000
2026-08-28T22:20:29+05:30,thermal_zone1,pch_cannonlake,54000,120000
2026-08-28T22:20:29+05:30,thermal_zone2,INT3400 Thermal,20000,0
2026-08-28T22:20:29+05:30,thermal_zone3,SEN1,1050,103050
2026-08-28T22:20:29+05:30,thermal_zone4,SEN2,41050,80050
2026-08-28T22:20:29+05:30,thermal_zone5,B0D4,48050,110050
2026-08-28T22:20:29+05:30,thermal_zone6,iwlwifi_1,55000,0
2026-08-28T22:20:29+05:30,thermal_zone7,x86_pkg_temp,67000,0
2026-08-28T22:20:31+05:30,thermal_zone0,acpitz,48000,128000
2026-08-28T22:20:31+05:30,thermal_zone1,pch_cannonlake,54000,120000
2026-08-28T22:20:31+05:30,thermal_zone2,INT3400 Thermal,20000,0
2026-08-28T22:20:31+05:30,thermal_zone3,SEN1,1050,103050
2026-08-28T22:20:31+05:30,thermal_zone4,SEN2,41050,80050
2026-08-28T22:20:31+05:30,thermal_zone5,B0D4,48050,110050
2026-08-28T22:20:31+05:30,thermal_zone6,iwlwifi_1,56000,0
2026-08-28T22:20:31+05:30,thermal_zone7,x86_pkg_temp,67000,0
2026-08-28T22:20:32+05:30,thermal_zone0,acpitz,48000,128000
2026-08-28T22:20:32+05:30,thermal_zone1,pch_cannonlake,55000,120000
2026-08-28T22:20:32+05:30,thermal_zone2,INT3400 Thermal,20000,0
2026-08-28T22:20:32+05:30,thermal_zone3,SEN1,1050,103050
2026-08-28T22:20:32+05:30,thermal_zone4,SEN2,41050,80050
2026-08-28T22:20:32+05:30,thermal_zone5,B0D4,48050,110050
2026-08-28T22:20:32+05:30,thermal_zone6,iwlwifi_1,55000,0
2026-08-28T22:20:32+05:30,thermal_zone7,x86_pkg_temp,67000,0
2026-08-28T22:20:33+05:30,thermal_zone0,acpitz,48000,128000
2026-08-28T22:20:33+05:30,thermal_zone1,pch_cannonlake,55000,120000
2026-08-28T22:20:33+05:30,thermal_zone2,INT3400 Thermal,20000,0
2026-08-28T22:20:33+05:30,thermal_zone3,SEN1,1050,103050
2026-08-28T22:20:33+05:30,thermal_zone4,SEN2,41050,80050
2026-08-28T22:20:33+05:30,thermal_zone5,B0D4,48050,110050
2026-08-28T22:20:33+05:30,thermal_zone6,iwlwifi_1,57000,0
2026-08-28T22:20:33+05:30,thermal_zone7,x86_pkg_temp,66000,0
2026-08-28T22:20:35+05:30,thermal_zone0,acpitz,48000,128000
2026-08-28T22:20:35+05:30,thermal_zone1,pch_cannonlake,54000,120000
2026-08-28T22:20:35+05:30,thermal_zone2,INT3400 Thermal,20000,0
2026-08-28T22:20:35+05:30,thermal_zone3,SEN1,1050,103050
2026-08-28T22:20:35+05:30,thermal_zone4,SEN2,41050,80050
2026-08-28T22:20:35+05:30,thermal_zone5,B0D4,48050,110050
2026-08-28T22:20:35+05:30,thermal_zone6,iwlwifi_1,56000,0
2026-08-28T22:20:35+05:30,thermal_zone7,x86_pkg_temp,64000,0
2026-08-28T22:20:36+05:30,thermal_zone0,acpitz,48000,128000
2026-08-28T22:20:36+05:30,thermal_zone1,pch_cannonlake,56000,120000
2026-08-28T22:20:36+05:30,thermal_zone2,INT3400 Thermal,20000,0
2026-08-28T22:20:36+05:30,thermal_zone3,SEN1,1050,103050
2026-08-28T22:20:36+05:30,thermal_zone4,SEN2,41050,80050
2026-08-28T22:20:36+05:30,thermal_zone5,B0D4,48050,110050
2026-08-28T22:20:36+05:30,thermal_zone6,iwlwifi_1,55000,0
2026-08-28T22:20:36+05:30,thermal_zone7,x86_pkg_temp,66000,0
2026-08-28T22:20:37+05:30,thermal_zone0,acpitz,48000,128000
2026-08-28T22:20:37+05:30,thermal_zone1,pch_cannonlake,53000,120000
2026-08-28T22:20:37+05:30,thermal_zone2,INT3400 Thermal,20000,0
2026-08-28T22:20:37+05:30,thermal_zone3,SEN1,1050,103050
2026-08-28T22:20:37+05:30,thermal_zone4,SEN2,41050,80050
2026-08-28T22:20:37+05:30,thermal_zone5,B0D4,48050,110050
2026-08-28T22:20:37+05:30,thermal_zone6,iwlwifi_1,55000,0
2026-08-28T22:20:37+05:30,thermal_zone7,x86_pkg_temp,67000,0
2026-08-28T22:20:39+05:30,thermal_zone0,acpitz,48000,128000
2026-08-28T22:20:39+05:30,thermal_zone1,pch_cannonlake,54000,120000
2026-08-28T22:20:39+05:30,thermal_zone2,INT3400 Thermal,20000,0
2026-08-28T22:20:39+05:30,thermal_zone3,SEN1,1050,103050
2026-08-28T22:20:39+05:30,thermal_zone4,SEN2,41050,80050
2026-08-28T22:20:39+05:30,thermal_zone5,B0D4,48050,110050
2026-08-28T22:20:39+05:30,thermal_zone6,iwlwifi_1,56000,0
2026-08-28T22:20:39+05:30,thermal_zone7,x86_pkg_temp,66000,0
2026-08-28T22:20:40+05:30,thermal_zone0,acpitz,48000,128000
2026-08-28T22:20:40+05:30,thermal_zone1,pch_cannonlake,55000,120000
2026-08-28T22:20:40+05:30,thermal_zone2,INT3400 Thermal,20000,0
2026-08-28T22:20:40+05:30,thermal_zone3,SEN1,1050,103050
2026-08-28T22:20:40+05:30,thermal_zone4,SEN2,41050,80050
2026-08-28T22:20:40+05:30,thermal_zone5,B0D4,48050,110050
2026-08-28T22:20:40+05:30,thermal_zone6,iwlwifi_1,55000,0
2026-08-28T22:20:40+05:30,thermal_zone7,x86_pkg_temp,67000,0
2026-08-28T22:20:41+05:30,thermal_zone0,acpitz,48000,128000
2026-08-28T22:20:41+05:30,thermal_zone1,pch_cannonlake,55000,120000
2026-08-28T22:20:41+05:30,thermal_zone2,INT3400 Thermal,20000,0
2026-08-28T22:20:41+05:30,thermal_zone3,SEN1,1050,103050
2026-08-28T22:20:41+05:30,thermal_zone4,SEN2,41050,80050
2026-08-28T22:20:41+05:30,thermal_zone5,B0D4,48050,110050
2026-08-28T22:20:41+05:30,thermal_zone6,iwlwifi_1,55000,0
2026-08-28T22:20:41+05:30,thermal_zone7,x86_pkg_temp,64000,0
2026-08-28T22:20:43+05:30,thermal_zone0,acpitz,48000,128000
2026-08-28T22:20:43+05:30,thermal_zone1,pch_cannonlake,53000,120000
2026-08-28T22:20:43+05:30,thermal_zone2,INT3400 Thermal,20000,0
2026-08-28T22:20:43+05:30,thermal_zone3,SEN1,1050,103050
2026-08-28T22:20:43+05:30,thermal_zone4,SEN2,42050,80050
2026-08-28T22:20:43+05:30,thermal_zone5,B0D4,48050,110050
2026-08-28T22:20:43+05:30,thermal_zone6,iwlwifi_1,56000,0
2026-08-28T22:20:43+05:30,thermal_zone7,x86_pkg_temp,63000,0
2026-08-28T22:20:44+05:30,thermal_zone0,acpitz,48000,128000
2026-08-28T22:20:44+05:30,thermal_zone1,pch_cannonlake,55000,120000
2026-08-28T22:20:44+05:30,thermal_zone2,INT3400 Thermal,20000,0
2026-08-28T22:20:44+05:30,thermal_zone3,SEN1,1050,103050
2026-08-28T22:20:44+05:30,thermal_zone4,SEN2,42050,80050
2026-08-28T22:20:44+05:30,thermal_zone5,B0D4,48050,110050
2026-08-28T22:20:44+05:30,thermal_zone6,iwlwifi_1,56000,0
2026-08-28T22:20:44+05:30,thermal_zone7,x86_pkg_temp,64000,0
2026-08-28T22:20:46+05:30,thermal_zone0,acpitz,48000,128000
2026-08-28T22:20:46+05:30,thermal_zone1,pch_cannonlake,55000,120000
2026-08-28T22:20:46+05:30,thermal_zone2,INT3400 Thermal,20000,0
2026-08-28T22:20:46+05:30,thermal_zone3,SEN1,1050,103050
2026-08-28T22:20:46+05:30,thermal_zone4,SEN2,42050,80050
2026-08-28T22:20:46+05:30,thermal_zone5,B0D4,48050,110050
2026-08-28T22:20:46+05:30,thermal_zone6,iwlwifi_1,55000,0
2026-08-28T22:20:46+05:30,thermal_zone7,x86_pkg_temp,63000,0
2026-08-28T22:20:47+05:30,thermal_zone0,acpitz,48000,128000
2026-08-28T22:20:47+05:30,thermal_zone1,pch_cannonlake,55000,120000
2026-08-28T22:20:47+05:30,thermal_zone2,INT3400 Thermal,20000,0
2026-08-28T22:20:47+05:30,thermal_zone3,SEN1,1050,103050
2026-08-28T22:20:47+05:30,thermal_zone4,SEN2,42050,80050
2026-08-28T22:20:47+05:30,thermal_zone5,B0D4,48050,110050
2026-08-28T22:20:47+05:30,thermal_zone6,iwlwifi_1,55000,0
2026-08-28T22:20:47+05:30,thermal_zone7,x86_pkg_temp,64000,0
2026-08-28T22:20:48+05:30,thermal_zone0,acpitz,48000,128000
2026-08-28T22:20:48+05:30,thermal_zone1,pch_cannonlake,54000,120000
2026-08-28T22:20:48+05:30,thermal_zone2,INT3400 Thermal,20000,0
2026-08-28T22:20:48+05:30,thermal_zone3,SEN1,1050,103050
2026-08-28T22:20:48+05:30,thermal_zone4,SEN2,42050,80050
2026-08-28T22:20:48+05:30,thermal_zone5,B0D4,48050,110050
2026-08-28T22:20:48+05:30,thermal_zone6,iwlwifi_1,55000,0
2026-08-28T22:20:48+05:30,thermal_zone7,x86_pkg_temp,67000,0
2026-08-28T22:20:50+05:30,thermal_zone0,acpitz,48000,128000
2026-08-28T22:20:50+05:30,thermal_zone1,pch_cannonlake,54000,120000
2026-08-28T22:20:50+05:30,thermal_zone2,INT3400 Thermal,20000,0
2026-08-28T22:20:50+05:30,thermal_zone3,SEN1,1050,103050
2026-08-28T22:20:50+05:30,thermal_zone4,SEN2,42050,80050
2026-08-28T22:20:50+05:30,thermal_zone5,B0D4,48050,110050
2026-08-28T22:20:50+05:30,thermal_zone6,iwlwifi_1,55000,0
2026-08-28T22:20:50+05:30,thermal_zone7,x86_pkg_temp,68000,0
2026-08-28T22:20:51+05:30,thermal_zone0,acpitz,48000,128000
2026-08-28T22:20:51+05:30,thermal_zone1,pch_cannonlake,55000,120000
2026-08-28T22:20:51+05:30,thermal_zone2,INT3400 Thermal,20000,0
2026-08-28T22:20:51+05:30,thermal_zone3,SEN1,1050,103050
2026-08-28T22:20:51+05:30,thermal_zone4,SEN2,42050,80050
2026-08-28T22:20:51+05:30,thermal_zone5,B0D4,48050,110050
2026-08-28T22:20:51+05:30,thermal_zone6,iwlwifi_1,57000,0
2026-08-28T22:20:51+05:30,thermal_zone7,x86_pkg_temp,64000,0
2026-08-28T22:20:52+05:30,thermal_zone0,acpitz,48000,128000
2026-08-28T22:20:52+05:30,thermal_zone1,pch_cannonlake,55000,120000
2026-08-28T22:20:52+05:30,thermal_zone2,INT3400 Thermal,20000,0
2026-08-28T22:20:52+05:30,thermal_zone3,SEN1,1050,103050
2026-08-28T22:20:52+05:30,thermal_zone4,SEN2,42050,80050
2026-08-28T22:20:52+05:30,thermal_zone5,B0D4,48050,110050
2026-08-28T22:20:52+05:30,thermal_zone6,iwlwifi_1,57000,0
2026-08-28T22:20:52+05:30,thermal_zone7,x86_pkg_temp,66000,0
2026-08-28T22:20:54+05:30,thermal_zone0,acpitz,48000,128000
2026-08-28T22:20:54+05:30,thermal_zone1,pch_cannonlake,55000,120000
2026-08-28T22:20:54+05:30,thermal_zone2,INT3400 Thermal,20000,0
2026-08-28T22:20:54+05:30,thermal_zone3,SEN1,1050,103050
2026-08-28T22:20:54+05:30,thermal_zone4,SEN2,42050,80050
2026-08-28T22:20:54+05:30,thermal_zone5,B0D4,48050,110050
2026-08-28T22:20:54+05:30,thermal_zone6,iwlwifi_1,55000,0
2026-08-28T22:20:54+05:30,thermal_zone7,x86_pkg_temp,65000,0
2026-08-28T22:20:55+05:30,thermal_zone0,acpitz,48000,128000
2026-08-28T22:20:55+05:30,thermal_zone1,pch_cannonlake,55000,120000
2026-08-28T22:20:55+05:30,thermal_zone2,INT3400 Thermal,20000,0
2026-08-28T22:20:55+05:30,thermal_zone3,SEN1,1050,103050
2026-08-28T22:20:55+05:30,thermal_zone4,SEN2,42050,80050
2026-08-28T22:20:55+05:30,thermal_zone5,B0D4,48050,110050
2026-08-28T22:20:55+05:30,thermal_zone6,iwlwifi_1,55000,0
2026-08-28T22:20:55+05:30,thermal_zone7,x86_pkg_temp,66000,0
2026-08-28T22:20:56+05:30,thermal_zone0,acpitz,48000,128000
2026-08-28T22:20:56+05:30,thermal_zone1,pch_cannonlake,54000,120000
2026-08-28T22:20:56+05:30,thermal_zone2,INT3400 Thermal,20000,0
2026-08-28T22:20:56+05:30,thermal_zone3,SEN1,1050,103050
2026-08-28T22:20:56+05:30,thermal_zone4,SEN2,42050,80050
2026-08-28T22:20:56+05:30,thermal_zone5,B0D4,48050,110050
2026-08-28T22:20:56+05:30,thermal_zone6,iwlwifi_1,55000,0
2026-08-28T22:20:56+05:30,thermal_zone7,x86_pkg_temp,66000,0
2026-08-28T22:20:58+05:30,thermal_zone0,acpitz,48000,128000
2026-08-28T22:20:58+05:30,thermal_zone1,pch_cannonlake,53000,120000
2026-08-28T22:20:58+05:30,thermal_zone2,INT3400 Thermal,20000,0
2026-08-28T22:20:58+05:30,thermal_zone3,SEN1,1050,103050
2026-08-28T22:20:58+05:30,thermal_zone4,SEN2,42050,80050
2026-08-28T22:20:58+05:30,thermal_zone5,B0D4,48050,110050
2026-08-28T22:20:58+05:30,thermal_zone6,iwlwifi_1,55000,0
2026-08-28T22:20:58+05:30,thermal_zone7,x86_pkg_temp,66000,0
2026-08-28T22:20:59+05:30,thermal_zone0,acpitz,48000,128000
2026-08-28T22:20:59+05:30,thermal_zone1,pch_cannonlake,54000,120000
2026-08-28T22:20:59+05:30,thermal_zone2,INT3400 Thermal,20000,0
2026-08-28T22:20:59+05:30,thermal_zone3,SEN1,1050,103050
2026-08-28T22:20:59+05:30,thermal_zone4,SEN2,41050,80050
2026-08-28T22:20:59+05:30,thermal_zone5,B0D4,48050,110050
2026-08-28T22:20:59+05:30,thermal_zone6,iwlwifi_1,55000,0
2026-08-28T22:20:59+05:30,thermal_zone7,x86_pkg_temp,65000,0
2026-08-28T22:21:00+05:30,thermal_zone0,acpitz,48000,128000
2026-08-28T22:21:00+05:30,thermal_zone1,pch_cannonlake,53000,120000
2026-08-28T22:21:00+05:30,thermal_zone2,INT3400 Thermal,20000,0
2026-08-28T22:21:00+05:30,thermal_zone3,SEN1,1050,103050
2026-08-28T22:21:00+05:30,thermal_zone4,SEN2,41050,80050
2026-08-28T22:21:00+05:30,thermal_zone5,B0D4,48050,110050
2026-08-28T22:21:00+05:30,thermal_zone6,iwlwifi_1,56000,0
2026-08-28T22:21:00+05:30,thermal_zone7,x86_pkg_temp,66000,0
2026-08-28T22:21:02+05:30,thermal_zone0,acpitz,48000,128000
2026-08-28T22:21:02+05:30,thermal_zone1,pch_cannonlake,54000,120000
2026-08-28T22:21:02+05:30,thermal_zone2,INT3400 Thermal,20000,0
2026-08-28T22:21:02+05:30,thermal_zone3,SEN1,1050,103050
2026-08-28T22:21:02+05:30,thermal_zone4,SEN2,41050,80050
2026-08-28T22:21:02+05:30,thermal_zone5,B0D4,48050,110050
2026-08-28T22:21:02+05:30,thermal_zone6,iwlwifi_1,55000,0
2026-08-28T22:21:02+05:30,thermal_zone7,x86_pkg_temp,66000,0
2026-08-28T22:21:03+05:30,thermal_zone0,acpitz,48000,128000
2026-08-28T22:21:03+05:30,thermal_zone1,pch_cannonlake,55000,120000
2026-08-28T22:21:03+05:30,thermal_zone2,INT3400 Thermal,20000,0
2026-08-28T22:21:03+05:30,thermal_zone3,SEN1,1050,103050
2026-08-28T22:21:03+05:30,thermal_zone4,SEN2,41050,80050
2026-08-28T22:21:03+05:30,thermal_zone5,B0D4,48050,110050
2026-08-28T22:21:03+05:30,thermal_zone6,iwlwifi_1,55000,0
2026-08-28T22:21:03+05:30,thermal_zone7,x86_pkg_temp,66000,0
2026-08-28T22:21:04+05:30,thermal_zone0,acpitz,48000,128000
2026-08-28T22:21:04+05:30,thermal_zone1,pch_cannonlake,53000,120000
2026-08-28T22:21:04+05:30,thermal_zone2,INT3400 Thermal,20000,0
2026-08-28T22:21:04+05:30,thermal_zone3,SEN1,1050,103050
2026-08-28T22:21:04+05:30,thermal_zone4,SEN2,41050,80050
2026-08-28T22:21:04+05:30,thermal_zone5,B0D4,48050,110050
2026-08-28T22:21:04+05:30,thermal_zone6,iwlwifi_1,55000,0
2026-08-28T22:21:04+05:30,thermal_zone7,x86_pkg_temp,68000,0
2026-08-28T22:21:06+05:30,thermal_zone0,acpitz,48000,128000
2026-08-28T22:21:06+05:30,thermal_zone1,pch_cannonlake,54000,120000
2026-08-28T22:21:06+05:30,thermal_zone2,INT3400 Thermal,20000,0
2026-08-28T22:21:06+05:30,thermal_zone3,SEN1,1050,103050
2026-08-28T22:21:06+05:30,thermal_zone4,SEN2,41050,80050
2026-08-28T22:21:06+05:30,thermal_zone5,B0D4,48050,110050
2026-08-28T22:21:06+05:30,thermal_zone6,iwlwifi_1,55000,0
2026-08-28T22:21:06+05:30,thermal_zone7,x86_pkg_temp,62000,0
2026-08-28T22:21:07+05:30,thermal_zone0,acpitz,48000,128000
2026-08-28T22:21:07+05:30,thermal_zone1,pch_cannonlake,53000,120000
2026-08-28T22:21:07+05:30,thermal_zone2,INT3400 Thermal,20000,0
2026-08-28T22:21:07+05:30,thermal_zone3,SEN1,1050,103050
2026-08-28T22:21:07+05:30,thermal_zone4,SEN2,41050,80050
2026-08-28T22:21:07+05:30,thermal_zone5,B0D4,48050,110050
2026-08-28T22:21:07+05:30,thermal_zone6,iwlwifi_1,55000,0
2026-08-28T22:21:07+05:30,thermal_zone7,x86_pkg_temp,62000,0
2026-08-28T22:21:09+05:30,thermal_zone0,acpitz,48000,128000
2026-08-28T22:21:09+05:30,thermal_zone1,pch_cannonlake,55000,120000
2026-08-28T22:21:09+05:30,thermal_zone2,INT3400 Thermal,20000,0
2026-08-28T22:21:09+05:30,thermal_zone3,SEN1,1050,103050
2026-08-28T22:21:09+05:30,thermal_zone4,SEN2,41050,80050
2026-08-28T22:21:09+05:30,thermal_zone5,B0D4,48050,110050
2026-08-28T22:21:09+05:30,thermal_zone6,iwlwifi_1,57000,0
2026-08-28T22:21:09+05:30,thermal_zone7,x86_pkg_temp,62000,0
2026-08-28T22:21:10+05:30,thermal_zone0,acpitz,48000,128000
2026-08-28T22:21:10+05:30,thermal_zone1,pch_cannonlake,55000,120000
2026-08-28T22:21:10+05:30,thermal_zone2,INT3400 Thermal,20000,0
2026-08-28T22:21:10+05:30,thermal_zone3,SEN1,1050,103050
2026-08-28T22:21:10+05:30,thermal_zone4,SEN2,41050,80050
2026-08-28T22:21:10+05:30,thermal_zone5,B0D4,48050,110050
2026-08-28T22:21:10+05:30,thermal_zone6,iwlwifi_1,55000,0
2026-08-28T22:21:10+05:30,thermal_zone7,x86_pkg_temp,65000,0
2026-08-28T22:21:12+05:30,thermal_zone0,acpitz,48000,128000
2026-08-28T22:21:12+05:30,thermal_zone1,pch_cannonlake,54000,120000
2026-08-28T22:21:12+05:30,thermal_zone2,INT3400 Thermal,20000,0
2026-08-28T22:21:12+05:30,thermal_zone3,SEN1,1050,103050
2026-08-28T22:21:12+05:30,thermal_zone4,SEN2,41050,80050
2026-08-28T22:21:12+05:30,thermal_zone5,B0D4,48050,110050
2026-08-28T22:21:12+05:30,thermal_zone6,iwlwifi_1,55000,0
2026-08-28T22:21:12+05:30,thermal_zone7,x86_pkg_temp,62000,0
2026-08-28T22:21:13+05:30,thermal_zone0,acpitz,48000,128000
2026-08-28T22:21:13+05:30,thermal_zone1,pch_cannonlake,53000,120000
2026-08-28T22:21:13+05:30,thermal_zone2,INT3400 Thermal,20000,0
2026-08-28T22:21:13+05:30,thermal_zone3,SEN1,1050,103050
2026-08-28T22:21:13+05:30,thermal_zone4,SEN2,41050,80050
2026-08-28T22:21:13+05:30,thermal_zone5,B0D4,48050,110050
2026-08-28T22:21:13+05:30,thermal_zone6,iwlwifi_1,56000,0
2026-08-28T22:21:13+05:30,thermal_zone7,x86_pkg_temp,64000,0
2026-08-28T22:21:14+05:30,thermal_zone0,acpitz,48000,128000
2026-08-28T22:21:14+05:30,thermal_zone1,pch_cannonlake,55000,120000
2026-08-28T22:21:14+05:30,thermal_zone2,INT3400 Thermal,20000,0
2026-08-28T22:21:14+05:30,thermal_zone3,SEN1,1050,103050
2026-08-28T22:21:14+05:30,thermal_zone4,SEN2,41050,80050
2026-08-28T22:21:14+05:30,thermal_zone5,B0D4,48050,110050
2026-08-28T22:21:14+05:30,thermal_zone6,iwlwifi_1,55000,0
2026-08-28T22:21:14+05:30,thermal_zone7,x86_pkg_temp,64000,0
2026-08-28T22:21:16+05:30,thermal_zone0,acpitz,48000,128000
2026-08-28T22:21:16+05:30,thermal_zone1,pch_cannonlake,55000,120000
2026-08-28T22:21:16+05:30,thermal_zone2,INT3400 Thermal,20000,0
2026-08-28T22:21:16+05:30,thermal_zone3,SEN1,1050,103050
2026-08-28T22:21:16+05:30,thermal_zone4,SEN2,41050,80050
2026-08-28T22:21:16+05:30,thermal_zone5,B0D4,48050,110050
2026-08-28T22:21:16+05:30,thermal_zone6,iwlwifi_1,56000,0
2026-08-28T22:21:16+05:30,thermal_zone7,x86_pkg_temp,66000,0
2026-08-28T22:21:17+05:30,thermal_zone0,acpitz,48000,128000
2026-08-28T22:21:17+05:30,thermal_zone1,pch_cannonlake,54000,120000
2026-08-28T22:21:17+05:30,thermal_zone2,INT3400 Thermal,20000,0
2026-08-28T22:21:17+05:30,thermal_zone3,SEN1,1050,103050
2026-08-28T22:21:17+05:30,thermal_zone4,SEN2,41050,80050
2026-08-28T22:21:17+05:30,thermal_zone5,B0D4,48050,110050
2026-08-28T22:21:17+05:30,thermal_zone6,iwlwifi_1,55000,0
2026-08-28T22:21:17+05:30,thermal_zone7,x86_pkg_temp,66000,0
2026-08-28T22:21:18+05:30,thermal_zone0,acpitz,48000,128000
2026-08-28T22:21:18+05:30,thermal_zone1,pch_cannonlake,55000,120000
2026-08-28T22:21:18+05:30,thermal_zone2,INT3400 Thermal,20000,0
2026-08-28T22:21:18+05:30,thermal_zone3,SEN1,1050,103050
2026-08-28T22:21:18+05:30,thermal_zone4,SEN2,41050,80050
2026-08-28T22:21:18+05:30,thermal_zone5,B0D4,48050,110050
2026-08-28T22:21:18+05:30,thermal_zone6,iwlwifi_1,55000,0
2026-08-28T22:21:18+05:30,thermal_zone7,x86_pkg_temp,63000,0
2026-08-28T22:21:20+05:30,thermal_zone0,acpitz,48000,128000
2026-08-28T22:21:20+05:30,thermal_zone1,pch_cannonlake,53000,120000
2026-08-28T22:21:20+05:30,thermal_zone2,INT3400 Thermal,20000,0
2026-08-28T22:21:20+05:30,thermal_zone3,SEN1,1050,103050
2026-08-28T22:21:20+05:30,thermal_zone4,SEN2,41050,80050
2026-08-28T22:21:20+05:30,thermal_zone5,B0D4,48050,110050
2026-08-28T22:21:20+05:30,thermal_zone6,iwlwifi_1,56000,0
2026-08-28T22:21:20+05:30,thermal_zone7,x86_pkg_temp,65000,0
2026-08-28T22:21:21+05:30,thermal_zone0,acpitz,48000,128000
2026-08-28T22:21:21+05:30,thermal_zone1,pch_cannonlake,55000,120000
2026-08-28T22:21:21+05:30,thermal_zone2,INT3400 Thermal,20000,0
2026-08-28T22:21:21+05:30,thermal_zone3,SEN1,1050,103050
2026-08-28T22:21:21+05:30,thermal_zone4,SEN2,41050,80050
2026-08-28T22:21:21+05:30,thermal_zone5,B0D4,48050,110050
2026-08-28T22:21:21+05:30,thermal_zone6,iwlwifi_1,55000,0
2026-08-28T22:21:21+05:30,thermal_zone7,x86_pkg_temp,65000,0
2026-08-28T22:21:22+05:30,thermal_zone0,acpitz,48000,128000
2026-08-28T22:21:22+05:30,thermal_zone1,pch_cannonlake,54000,120000
2026-08-28T22:21:22+05:30,thermal_zone2,INT3400 Thermal,20000,0
2026-08-28T22:21:22+05:30,thermal_zone3,SEN1,1050,103050
2026-08-28T22:21:22+05:30,thermal_zone4,SEN2,41050,80050
2026-08-28T22:21:22+05:30,thermal_zone5,B0D4,48050,110050
2026-08-28T22:21:22+05:30,thermal_zone6,iwlwifi_1,56000,0
2026-08-28T22:21:22+05:30,thermal_zone7,x86_pkg_temp,64000,0
2026-08-28T22:21:24+05:30,thermal_zone0,acpitz,48000,128000
2026-08-28T22:21:24+05:30,thermal_zone1,pch_cannonlake,54000,120000
2026-08-28T22:21:24+05:30,thermal_zone2,INT3400 Thermal,20000,0
2026-08-28T22:21:24+05:30,thermal_zone3,SEN1,1050,103050
2026-08-28T22:21:24+05:30,thermal_zone4,SEN2,41050,80050
2026-08-28T22:21:24+05:30,thermal_zone5,B0D4,48050,110050
2026-08-28T22:21:24+05:30,thermal_zone6,iwlwifi_1,57000,0
2026-08-28T22:21:24+05:30,thermal_zone7,x86_pkg_temp,66000,0
2026-08-28T22:21:25+05:30,thermal_zone0,acpitz,48000,128000
2026-08-28T22:21:25+05:30,thermal_zone1,pch_cannonlake,54000,120000
2026-08-28T22:21:25+05:30,thermal_zone2,INT3400 Thermal,20000,0
2026-08-28T22:21:25+05:30,thermal_zone3,SEN1,1050,103050
2026-08-28T22:21:25+05:30,thermal_zone4,SEN2,41050,80050
2026-08-28T22:21:25+05:30,thermal_zone5,B0D4,48050,110050
2026-08-28T22:21:25+05:30,thermal_zone6,iwlwifi_1,58000,0
2026-08-28T22:21:25+05:30,thermal_zone7,x86_pkg_temp,64000,0
2026-08-28T22:21:26+05:30,thermal_zone0,acpitz,48000,128000
2026-08-28T22:21:26+05:30,thermal_zone1,pch_cannonlake,54000,120000
2026-08-28T22:21:26+05:30,thermal_zone2,INT3400 Thermal,20000,0
2026-08-28T22:21:26+05:30,thermal_zone3,SEN1,1050,103050
2026-08-28T22:21:26+05:30,thermal_zone4,SEN2,41050,80050
2026-08-28T22:21:26+05:30,thermal_zone5,B0D4,48050,110050
2026-08-28T22:21:26+05:30,thermal_zone6,iwlwifi_1,56000,0
2026-08-28T22:21:26+05:30,thermal_zone7,x86_pkg_temp,66000,0
2026-08-28T22:21:28+05:30,thermal_zone0,acpitz,48000,128000
2026-08-28T22:21:28+05:30,thermal_zone1,pch_cannonlake,55000,120000
2026-08-28T22:21:28+05:30,thermal_zone2,INT3400 Thermal,20000,0
2026-08-28T22:21:28+05:30,thermal_zone3,SEN1,1050,103050
2026-08-28T22:21:28+05:30,thermal_zone4,SEN2,41050,80050
2026-08-28T22:21:28+05:30,thermal_zone5,B0D4,48050,110050
2026-08-28T22:21:28+05:30,thermal_zone6,iwlwifi_1,57000,0
2026-08-28T22:21:28+05:30,thermal_zone7,x86_pkg_temp,66000,0
2026-08-28T22:21:29+05:30,thermal_zone0,acpitz,48000,128000
2026-08-28T22:21:29+05:30,thermal_zone1,pch_cannonlake,54000,120000
2026-08-28T22:21:29+05:30,thermal_zone2,INT3400 Thermal,20000,0
2026-08-28T22:21:29+05:30,thermal_zone3,SEN1,1050,103050
2026-08-28T22:21:29+05:30,thermal_zone4,SEN2,41050,80050
2026-08-28T22:21:29+05:30,thermal_zone5,B0D4,48050,110050
2026-08-28T22:21:29+05:30,thermal_zone6,iwlwifi_1,56000,0
2026-08-28T22:21:29+05:30,thermal_zone7,x86_pkg_temp,66000,0
2026-08-28T22:21:31+05:30,thermal_zone0,acpitz,48000,128000
2026-08-28T22:21:31+05:30,thermal_zone1,pch_cannonlake,54000,120000
2026-08-28T22:21:31+05:30,thermal_zone2,INT3400 Thermal,20000,0
2026-08-28T22:21:31+05:30,thermal_zone3,SEN1,1050,103050
2026-08-28T22:21:31+05:30,thermal_zone4,SEN2,41050,80050
2026-08-28T22:21:31+05:30,thermal_zone5,B0D4,48050,110050
2026-08-28T22:21:31+05:30,thermal_zone6,iwlwifi_1,56000,0
2026-08-28T22:21:31+05:30,thermal_zone7,x86_pkg_temp,65000,0
2026-08-28T22:21:32+05:30,thermal_zone0,acpitz,48000,128000
2026-08-28T22:21:32+05:30,thermal_zone1,pch_cannonlake,54000,120000
2026-08-28T22:21:32+05:30,thermal_zone2,INT3400 Thermal,20000,0
2026-08-28T22:21:32+05:30,thermal_zone3,SEN1,1050,103050
2026-08-28T22:21:32+05:30,thermal_zone4,SEN2,41050,80050
2026-08-28T22:21:32+05:30,thermal_zone5,B0D4,48050,110050
2026-08-28T22:21:32+05:30,thermal_zone6,iwlwifi_1,55000,0
2026-08-28T22:21:32+05:30,thermal_zone7,x86_pkg_temp,64000,0
2026-08-28T22:21:33+05:30,thermal_zone0,acpitz,48000,128000
2026-08-28T22:21:33+05:30,thermal_zone1,pch_cannonlake,55000,120000
2026-08-28T22:21:33+05:30,thermal_zone2,INT3400 Thermal,20000,0
2026-08-28T22:21:33+05:30,thermal_zone3,SEN1,1050,103050
2026-08-28T22:21:33+05:30,thermal_zone4,SEN2,41050,80050
2026-08-28T22:21:33+05:30,thermal_zone5,B0D4,48050,110050
2026-08-28T22:21:33+05:30,thermal_zone6,iwlwifi_1,55000,0
2026-08-28T22:21:33+05:30,thermal_zone7,x86_pkg_temp,66000,0
2026-08-28T22:21:34+05:30,thermal_zone0,acpitz,48000,128000
2026-08-28T22:21:34+05:30,thermal_zone1,pch_cannonlake,55000,120000
2026-08-28T22:21:34+05:30,thermal_zone2,INT3400 Thermal,20000,0
2026-08-28T22:21:34+05:30,thermal_zone3,SEN1,1050,103050
2026-08-28T22:21:34+05:30,thermal_zone4,SEN2,41050,80050
2026-08-28T22:21:34+05:30,thermal_zone5,B0D4,48050,110050
2026-08-28T22:21:34+05:30,thermal_zone6,iwlwifi_1,55000,0
2026-08-28T22:21:34+05:30,thermal_zone7,x86_pkg_temp,66000,0
2026-08-28T22:21:36+05:30,thermal_zone0,acpitz,48000,128000
2026-08-28T22:21:36+05:30,thermal_zone1,pch_cannonlake,54000,120000
2026-08-28T22:21:36+05:30,thermal_zone2,INT3400 Thermal,20000,0
2026-08-28T22:21:36+05:30,thermal_zone3,SEN1,1050,103050
2026-08-28T22:21:36+05:30,thermal_zone4,SEN2,41050,80050
2026-08-28T22:21:36+05:30,thermal_zone5,B0D4,48050,110050
2026-08-28T22:21:36+05:30,thermal_zone6,iwlwifi_1,55000,0
2026-08-28T22:21:36+05:30,thermal_zone7,x86_pkg_temp,64000,0
2026-08-28T22:21:37+05:30,thermal_zone0,acpitz,48000,128000
2026-08-28T22:21:37+05:30,thermal_zone1,pch_cannonlake,55000,120000
2026-08-28T22:21:37+05:30,thermal_zone2,INT3400 Thermal,20000,0
2026-08-28T22:21:37+05:30,thermal_zone3,SEN1,1050,103050
2026-08-28T22:21:37+05:30,thermal_zone4,SEN2,41050,80050
2026-08-28T22:21:37+05:30,thermal_zone5,B0D4,48050,110050
2026-08-28T22:21:37+05:30,thermal_zone6,iwlwifi_1,55000,0
2026-08-28T22:21:37+05:30,thermal_zone7,x86_pkg_temp,64000,0
2026-08-28T22:21:39+05:30,thermal_zone0,acpitz,48000,128000
2026-08-28T22:21:39+05:30,thermal_zone1,pch_cannonlake,53000,120000
2026-08-28T22:21:39+05:30,thermal_zone2,INT3400 Thermal,20000,0
2026-08-28T22:21:39+05:30,thermal_zone3,SEN1,1050,103050
2026-08-28T22:21:39+05:30,thermal_zone4,SEN2,41050,80050
2026-08-28T22:21:39+05:30,thermal_zone5,B0D4,48050,110050
2026-08-28T22:21:39+05:30,thermal_zone6,iwlwifi_1,55000,0
2026-08-28T22:21:39+05:30,thermal_zone7,x86_pkg_temp,66000,0
2026-08-28T22:21:40+05:30,thermal_zone0,acpitz,48000,128000
2026-08-28T22:21:40+05:30,thermal_zone1,pch_cannonlake,53000,120000
2026-08-28T22:21:40+05:30,thermal_zone2,INT3400 Thermal,20000,0
2026-08-28T22:21:40+05:30,thermal_zone3,SEN1,1050,103050
2026-08-28T22:21:40+05:30,thermal_zone4,SEN2,41050,80050
2026-08-28T22:21:40+05:30,thermal_zone5,B0D4,48050,110050
2026-08-28T22:21:40+05:30,thermal_zone6,iwlwifi_1,56000,0
2026-08-28T22:21:40+05:30,thermal_zone7,x86_pkg_temp,66000,0
2026-08-28T22:21:41+05:30,thermal_zone0,acpitz,48000,128000
2026-08-28T22:21:41+05:30,thermal_zone1,pch_cannonlake,55000,120000
2026-08-28T22:21:41+05:30,thermal_zone2,INT3400 Thermal,20000,0
2026-08-28T22:21:41+05:30,thermal_zone3,SEN1,1050,103050
2026-08-28T22:21:41+05:30,thermal_zone4,SEN2,41050,80050
2026-08-28T22:21:41+05:30,thermal_zone5,B0D4,48050,110050
2026-08-28T22:21:41+05:30,thermal_zone6,iwlwifi_1,55000,0
2026-08-28T22:21:41+05:30,thermal_zone7,x86_pkg_temp,66000,0
2026-08-28T22:21:43+05:30,thermal_zone0,acpitz,48000,128000
2026-08-28T22:21:43+05:30,thermal_zone1,pch_cannonlake,55000,120000
2026-08-28T22:21:43+05:30,thermal_zone2,INT3400 Thermal,20000,0
2026-08-28T22:21:43+05:30,thermal_zone3,SEN1,1050,103050
2026-08-28T22:21:43+05:30,thermal_zone4,SEN2,41050,80050
2026-08-28T22:21:43+05:30,thermal_zone5,B0D4,48050,110050
2026-08-28T22:21:43+05:30,thermal_zone6,iwlwifi_1,55000,0
2026-08-28T22:21:43+05:30,thermal_zone7,x86_pkg_temp,66000,0
2026-08-28T22:21:44+05:30,thermal_zone0,acpitz,48000,128000
2026-08-28T22:21:44+05:30,thermal_zone1,pch_cannonlake,54000,120000
2026-08-28T22:21:44+05:30,thermal_zone2,INT3400 Thermal,20000,0
2026-08-28T22:21:44+05:30,thermal_zone3,SEN1,1050,103050
2026-08-28T22:21:44+05:30,thermal_zone4,SEN2,41050,80050
2026-08-28T22:21:44+05:30,thermal_zone5,B0D4,48050,110050
2026-08-28T22:21:44+05:30,thermal_zone6,iwlwifi_1,55000,0
2026-08-28T22:21:44+05:30,thermal_zone7,x86_pkg_temp,66000,0
2026-08-28T22:21:45+05:30,thermal_zone0,acpitz,48000,128000
2026-08-28T22:21:45+05:30,thermal_zone1,pch_cannonlake,54000,120000
2026-08-28T22:21:45+05:30,thermal_zone2,INT3400 Thermal,20000,0
2026-08-28T22:21:45+05:30,thermal_zone3,SEN1,1050,103050
2026-08-28T22:21:45+05:30,thermal_zone4,SEN2,41050,80050
2026-08-28T22:21:45+05:30,thermal_zone5,B0D4,48050,110050
2026-08-28T22:21:45+05:30,thermal_zone6,iwlwifi_1,55000,0
2026-08-28T22:21:45+05:30,thermal_zone7,x86_pkg_temp,65000,0
2026-08-28T22:21:47+05:30,thermal_zone0,acpitz,48000,128000
2026-08-28T22:21:47+05:30,thermal_zone1,pch_cannonlake,55000,120000
2026-08-28T22:21:47+05:30,thermal_zone2,INT3400 Thermal,20000,0
2026-08-28T22:21:47+05:30,thermal_zone3,SEN1,1050,103050
2026-08-28T22:21:47+05:30,thermal_zone4,SEN2,41050,80050
2026-08-28T22:21:47+05:30,thermal_zone5,B0D4,48050,110050
2026-08-28T22:21:47+05:30,thermal_zone6,iwlwifi_1,55000,0
2026-08-28T22:21:47+05:30,thermal_zone7,x86_pkg_temp,65000,0
2026-08-28T22:21:48+05:30,thermal_zone0,acpitz,48000,128000
2026-08-28T22:21:48+05:30,thermal_zone1,pch_cannonlake,53000,120000
2026-08-28T22:21:48+05:30,thermal_zone2,INT3400 Thermal,20000,0
2026-08-28T22:21:48+05:30,thermal_zone3,SEN1,1050,103050
2026-08-28T22:21:48+05:30,thermal_zone4,SEN2,41050,80050
2026-08-28T22:21:48+05:30,thermal_zone5,B0D4,48050,110050
2026-08-28T22:21:48+05:30,thermal_zone6,iwlwifi_1,55000,0
2026-08-28T22:21:48+05:30,thermal_zone7,x86_pkg_temp,66000,0
2026-08-28T22:21:49+05:30,thermal_zone0,acpitz,48000,128000
2026-08-28T22:21:49+05:30,thermal_zone1,pch_cannonlake,55000,120000
2026-08-28T22:21:49+05:30,thermal_zone2,INT3400 Thermal,20000,0
2026-08-28T22:21:49+05:30,thermal_zone3,SEN1,1050,103050
2026-08-28T22:21:49+05:30,thermal_zone4,SEN2,41050,80050
2026-08-28T22:21:49+05:30,thermal_zone5,B0D4,48050,110050
2026-08-28T22:21:49+05:30,thermal_zone6,iwlwifi_1,55000,0
2026-08-28T22:21:49+05:30,thermal_zone7,x86_pkg_temp,63000,0
2026-08-28T22:21:51+05:30,thermal_zone0,acpitz,48000,128000
2026-08-28T22:21:51+05:30,thermal_zone1,pch_cannonlake,55000,120000
2026-08-28T22:21:51+05:30,thermal_zone2,INT3400 Thermal,20000,0
2026-08-28T22:21:51+05:30,thermal_zone3,SEN1,1050,103050
2026-08-28T22:21:51+05:30,thermal_zone4,SEN2,41050,80050
2026-08-28T22:21:51+05:30,thermal_zone5,B0D4,48050,110050
2026-08-28T22:21:51+05:30,thermal_zone6,iwlwifi_1,55000,0
2026-08-28T22:21:51+05:30,thermal_zone7,x86_pkg_temp,66000,0
2026-08-28T22:21:52+05:30,thermal_zone0,acpitz,48000,128000
2026-08-28T22:21:52+05:30,thermal_zone1,pch_cannonlake,54000,120000
2026-08-28T22:21:52+05:30,thermal_zone2,INT3400 Thermal,20000,0
2026-08-28T22:21:52+05:30,thermal_zone3,SEN1,1050,103050
2026-08-28T22:21:52+05:30,thermal_zone4,SEN2,41050,80050
2026-08-28T22:21:52+05:30,thermal_zone5,B0D4,48050,110050
2026-08-28T22:21:52+05:30,thermal_zone6,iwlwifi_1,55000,0
2026-08-28T22:21:52+05:30,thermal_zone7,x86_pkg_temp,66000,0
2026-08-28T22:21:53+05:30,thermal_zone0,acpitz,48000,128000
2026-08-28T22:21:53+05:30,thermal_zone1,pch_cannonlake,55000,120000
2026-08-28T22:21:53+05:30,thermal_zone2,INT3400 Thermal,20000,0
2026-08-28T22:21:53+05:30,thermal_zone3,SEN1,1050,103050
2026-08-28T22:21:53+05:30,thermal_zone4,SEN2,41050,80050
2026-08-28T22:21:53+05:30,thermal_zone5,B0D4,48050,110050
2026-08-28T22:21:53+05:30,thermal_zone6,iwlwifi_1,55000,0
2026-08-28T22:21:53+05:30,thermal_zone7,x86_pkg_temp,64000,0
2026-08-28T22:21:55+05:30,thermal_zone0,acpitz,48000,128000
2026-08-28T22:21:55+05:30,thermal_zone1,pch_cannonlake,54000,120000
2026-08-28T22:21:55+05:30,thermal_zone2,INT3400 Thermal,20000,0
2026-08-28T22:21:55+05:30,thermal_zone3,SEN1,1050,103050
2026-08-28T22:21:55+05:30,thermal_zone4,SEN2,41050,80050
2026-08-28T22:21:55+05:30,thermal_zone5,B0D4,48050,110050
2026-08-28T22:21:55+05:30,thermal_zone6,iwlwifi_1,55000,0
2026-08-28T22:21:55+05:30,thermal_zone7,x86_pkg_temp,66000,0
2026-08-28T22:21:56+05:30,thermal_zone0,acpitz,48000,128000
2026-08-28T22:21:56+05:30,thermal_zone1,pch_cannonlake,54000,120000
2026-08-28T22:21:56+05:30,thermal_zone2,INT3400 Thermal,20000,0
2026-08-28T22:21:56+05:30,thermal_zone3,SEN1,1050,103050
2026-08-28T22:21:56+05:30,thermal_zone4,SEN2,41050,80050
2026-08-28T22:21:56+05:30,thermal_zone5,B0D4,48050,110050
2026-08-28T22:21:56+05:30,thermal_zone6,iwlwifi_1,56000,0
2026-08-28T22:21:56+05:30,thermal_zone7,x86_pkg_temp,66000,0
2026-08-28T22:21:57+05:30,thermal_zone0,acpitz,48000,128000
2026-08-28T22:21:57+05:30,thermal_zone1,pch_cannonlake,54000,120000
2026-08-28T22:21:57+05:30,thermal_zone2,INT3400 Thermal,20000,0
2026-08-28T22:21:57+05:30,thermal_zone3,SEN1,1050,103050
2026-08-28T22:21:57+05:30,thermal_zone4,SEN2,41050,80050
2026-08-28T22:21:57+05:30,thermal_zone5,B0D4,48050,110050
2026-08-28T22:21:57+05:30,thermal_zone6,iwlwifi_1,56000,0
2026-08-28T22:21:57+05:30,thermal_zone7,x86_pkg_temp,65000,0
2026-08-28T22:21:59+05:30,thermal_zone0,acpitz,48000,128000
2026-08-28T22:21:59+05:30,thermal_zone1,pch_cannonlake,54000,120000
2026-08-28T22:21:59+05:30,thermal_zone2,INT3400 Thermal,20000,0
2026-08-28T22:21:59+05:30,thermal_zone3,SEN1,1050,103050
2026-08-28T22:21:59+05:30,thermal_zone4,SEN2,41050,80050
2026-08-28T22:21:59+05:30,thermal_zone5,B0D4,48050,110050
2026-08-28T22:21:59+05:30,thermal_zone6,iwlwifi_1,57000,0
2026-08-28T22:21:59+05:30,thermal_zone7,x86_pkg_temp,66000,0
2026-08-28T22:22:00+05:30,thermal_zone0,acpitz,48000,128000
2026-08-28T22:22:00+05:30,thermal_zone1,pch_cannonlake,53000,120000
2026-08-28T22:22:00+05:30,thermal_zone2,INT3400 Thermal,20000,0
2026-08-28T22:22:00+05:30,thermal_zone3,SEN1,1050,103050
2026-08-28T22:22:00+05:30,thermal_zone4,SEN2,41050,80050
2026-08-28T22:22:00+05:30,thermal_zone5,B0D4,48050,110050
2026-08-28T22:22:00+05:30,thermal_zone6,iwlwifi_1,56000,0
2026-08-28T22:22:00+05:30,thermal_zone7,x86_pkg_temp,66000,0
2026-08-28T22:22:01+05:30,thermal_zone0,acpitz,48000,128000
2026-08-28T22:22:01+05:30,thermal_zone1,pch_cannonlake,55000,120000
2026-08-28T22:22:01+05:30,thermal_zone2,INT3400 Thermal,20000,0
2026-08-28T22:22:01+05:30,thermal_zone3,SEN1,1050,103050
2026-08-28T22:22:01+05:30,thermal_zone4,SEN2,41050,80050
2026-08-28T22:22:01+05:30,thermal_zone5,B0D4,48050,110050
2026-08-28T22:22:01+05:30,thermal_zone6,iwlwifi_1,57000,0
2026-08-28T22:22:01+05:30,thermal_zone7,x86_pkg_temp,65000,0
2026-08-28T22:22:03+05:30,thermal_zone0,acpitz,48000,128000
2026-08-28T22:22:03+05:30,thermal_zone1,pch_cannonlake,55000,120000
2026-08-28T22:22:03+05:30,thermal_zone2,INT3400 Thermal,20000,0
2026-08-28T22:22:03+05:30,thermal_zone3,SEN1,1050,103050
2026-08-28T22:22:03+05:30,thermal_zone4,SEN2,41050,80050
2026-08-28T22:22:03+05:30,thermal_zone5,B0D4,48050,110050
2026-08-28T22:22:03+05:30,thermal_zone6,iwlwifi_1,55000,0
2026-08-28T22:22:03+05:30,thermal_zone7,x86_pkg_temp,66000,0
2026-08-28T22:22:04+05:30,thermal_zone0,acpitz,48000,128000
2026-08-28T22:22:04+05:30,thermal_zone1,pch_cannonlake,54000,120000
2026-08-28T22:22:04+05:30,thermal_zone2,INT3400 Thermal,20000,0
2026-08-28T22:22:04+05:30,thermal_zone3,SEN1,1050,103050
2026-08-28T22:22:04+05:30,thermal_zone4,SEN2,41050,80050
2026-08-28T22:22:04+05:30,thermal_zone5,B0D4,48050,110050
2026-08-28T22:22:04+05:30,thermal_zone6,iwlwifi_1,55000,0
2026-08-28T22:22:04+05:30,thermal_zone7,x86_pkg_temp,66000,0
2026-08-28T22:22:05+05:30,thermal_zone0,acpitz,48000,128000
2026-08-28T22:22:05+05:30,thermal_zone1,pch_cannonlake,54000,120000
2026-08-28T22:22:05+05:30,thermal_zone2,INT3400 Thermal,20000,0
2026-08-28T22:22:05+05:30,thermal_zone3,SEN1,1050,103050
2026-08-28T22:22:05+05:30,thermal_zone4,SEN2,41050,80050
2026-08-28T22:22:05+05:30,thermal_zone5,B0D4,48050,110050
2026-08-28T22:22:05+05:30,thermal_zone6,iwlwifi_1,55000,0
2026-08-28T22:22:05+05:30,thermal_zone7,x86_pkg_temp,65000,0
2026-08-28T22:22:07+05:30,thermal_zone0,acpitz,48000,128000
2026-08-28T22:22:07+05:30,thermal_zone1,pch_cannonlake,54000,120000
2026-08-28T22:22:07+05:30,thermal_zone2,INT3400 Thermal,20000,0
2026-08-28T22:22:07+05:30,thermal_zone3,SEN1,1050,103050
2026-08-28T22:22:07+05:30,thermal_zone4,SEN2,41050,80050
2026-08-28T22:22:07+05:30,thermal_zone5,B0D4,48050,110050
2026-08-28T22:22:07+05:30,thermal_zone6,iwlwifi_1,55000,0
2026-08-28T22:22:07+05:30,thermal_zone7,x86_pkg_temp,64000,0
2026-08-28T22:22:08+05:30,thermal_zone0,acpitz,48000,128000
2026-08-28T22:22:08+05:30,thermal_zone1,pch_cannonlake,53000,120000
2026-08-28T22:22:08+05:30,thermal_zone2,INT3400 Thermal,20000,0
2026-08-28T22:22:08+05:30,thermal_zone3,SEN1,1050,103050
2026-08-28T22:22:08+05:30,thermal_zone4,SEN2,41050,80050
2026-08-28T22:22:08+05:30,thermal_zone5,B0D4,48050,110050
2026-08-28T22:22:08+05:30,thermal_zone6,iwlwifi_1,55000,0
2026-08-28T22:22:08+05:30,thermal_zone7,x86_pkg_temp,65000,0
2026-08-28T22:22:10+05:30,thermal_zone0,acpitz,48000,128000
2026-08-28T22:22:10+05:30,thermal_zone1,pch_cannonlake,55000,120000
2026-08-28T22:22:10+05:30,thermal_zone2,INT3400 Thermal,20000,0
2026-08-28T22:22:10+05:30,thermal_zone3,SEN1,1050,103050
2026-08-28T22:22:10+05:30,thermal_zone4,SEN2,41050,80050
2026-08-28T22:22:10+05:30,thermal_zone5,B0D4,48050,110050
2026-08-28T22:22:10+05:30,thermal_zone6,iwlwifi_1,55000,0
2026-08-28T22:22:10+05:30,thermal_zone7,x86_pkg_temp,65000,0
2026-08-28T22:22:11+05:30,thermal_zone0,acpitz,48000,128000
2026-08-28T22:22:11+05:30,thermal_zone1,pch_cannonlake,55000,120000
2026-08-28T22:22:11+05:30,thermal_zone2,INT3400 Thermal,20000,0
2026-08-28T22:22:11+05:30,thermal_zone3,SEN1,1050,103050
2026-08-28T22:22:11+05:30,thermal_zone4,SEN2,41050,80050
2026-08-28T22:22:11+05:30,thermal_zone5,B0D4,48050,110050
2026-08-28T22:22:11+05:30,thermal_zone6,iwlwifi_1,55000,0
2026-08-28T22:22:11+05:30,thermal_zone7,x86_pkg_temp,64000,0
2026-08-28T22:22:12+05:30,thermal_zone0,acpitz,48000,128000
2026-08-28T22:22:12+05:30,thermal_zone1,pch_cannonlake,54000,120000
2026-08-28T22:22:12+05:30,thermal_zone2,INT3400 Thermal,20000,0
2026-08-28T22:22:12+05:30,thermal_zone3,SEN1,1050,103050
2026-08-28T22:22:12+05:30,thermal_zone4,SEN2,41050,80050
2026-08-28T22:22:12+05:30,thermal_zone5,B0D4,48050,110050
2026-08-28T22:22:12+05:30,thermal_zone6,iwlwifi_1,55000,0
2026-08-28T22:22:12+05:30,thermal_zone7,x86_pkg_temp,66000,0
2026-08-28T22:22:14+05:30,thermal_zone0,acpitz,48000,128000
2026-08-28T22:22:14+05:30,thermal_zone1,pch_cannonlake,55000,120000
2026-08-28T22:22:14+05:30,thermal_zone2,INT3400 Thermal,20000,0
2026-08-28T22:22:14+05:30,thermal_zone3,SEN1,1050,103050
2026-08-28T22:22:14+05:30,thermal_zone4,SEN2,41050,80050
2026-08-28T22:22:14+05:30,thermal_zone5,B0D4,48050,110050
2026-08-28T22:22:14+05:30,thermal_zone6,iwlwifi_1,55000,0
2026-08-28T22:22:14+05:30,thermal_zone7,x86_pkg_temp,64000,0
2026-08-28T22:22:15+05:30,thermal_zone0,acpitz,48000,128000
2026-08-28T22:22:15+05:30,thermal_zone1,pch_cannonlake,55000,120000
2026-08-28T22:22:15+05:30,thermal_zone2,INT3400 Thermal,20000,0
2026-08-28T22:22:15+05:30,thermal_zone3,SEN1,1050,103050
2026-08-28T22:22:15+05:30,thermal_zone4,SEN2,41050,80050
2026-08-28T22:22:15+05:30,thermal_zone5,B0D4,48050,110050
2026-08-28T22:22:15+05:30,thermal_zone6,iwlwifi_1,55000,0
2026-08-28T22:22:15+05:30,thermal_zone7,x86_pkg_temp,66000,0
2026-08-28T22:22:16+05:30,thermal_zone0,acpitz,48000,128000
2026-08-28T22:22:16+05:30,thermal_zone1,pch_cannonlake,53000,120000
2026-08-28T22:22:16+05:30,thermal_zone2,INT3400 Thermal,20000,0
2026-08-28T22:22:16+05:30,thermal_zone3,SEN1,1050,103050
2026-08-28T22:22:16+05:30,thermal_zone4,SEN2,41050,80050
2026-08-28T22:22:16+05:30,thermal_zone5,B0D4,48050,110050
2026-08-28T22:22:16+05:30,thermal_zone6,iwlwifi_1,55000,0
2026-08-28T22:22:16+05:30,thermal_zone7,x86_pkg_temp,65000,0
2026-08-28T22:22:18+05:30,thermal_zone0,acpitz,48000,128000
2026-08-28T22:22:18+05:30,thermal_zone1,pch_cannonlake,54000,120000
2026-08-28T22:22:18+05:30,thermal_zone2,INT3400 Thermal,20000,0
2026-08-28T22:22:18+05:30,thermal_zone3,SEN1,1050,103050
2026-08-28T22:22:18+05:30,thermal_zone4,SEN2,41050,80050
2026-08-28T22:22:18+05:30,thermal_zone5,B0D4,48050,110050
2026-08-28T22:22:18+05:30,thermal_zone6,iwlwifi_1,55000,0
2026-08-28T22:22:18+05:30,thermal_zone7,x86_pkg_temp,64000,0
2026-08-28T22:22:19+05:30,thermal_zone0,acpitz,48000,128000
2026-08-28T22:22:19+05:30,thermal_zone1,pch_cannonlake,53000,120000
2026-08-28T22:22:19+05:30,thermal_zone2,INT3400 Thermal,20000,0
2026-08-28T22:22:19+05:30,thermal_zone3,SEN1,1050,103050
2026-08-28T22:22:19+05:30,thermal_zone4,SEN2,41050,80050
2026-08-28T22:22:19+05:30,thermal_zone5,B0D4,48050,110050
2026-08-28T22:22:19+05:30,thermal_zone6,iwlwifi_1,55000,0
2026-08-28T22:22:19+05:30,thermal_zone7,x86_pkg_temp,66000,0
2026-08-28T22:22:20+05:30,thermal_zone0,acpitz,48000,128000
2026-08-28T22:22:20+05:30,thermal_zone1,pch_cannonlake,53000,120000
2026-08-28T22:22:20+05:30,thermal_zone2,INT3400 Thermal,20000,0
2026-08-28T22:22:20+05:30,thermal_zone3,SEN1,1050,103050
2026-08-28T22:22:20+05:30,thermal_zone4,SEN2,41050,80050
2026-08-28T22:22:20+05:30,thermal_zone5,B0D4,48050,110050
2026-08-28T22:22:20+05:30,thermal_zone6,iwlwifi_1,55000,0
2026-08-28T22:22:20+05:30,thermal_zone7,x86_pkg_temp,66000,0
2026-08-28T22:22:22+05:30,thermal_zone0,acpitz,48000,128000
2026-08-28T22:22:22+05:30,thermal_zone1,pch_cannonlake,55000,120000
2026-08-28T22:22:22+05:30,thermal_zone2,INT3400 Thermal,20000,0
2026-08-28T22:22:22+05:30,thermal_zone3,SEN1,1050,103050
2026-08-28T22:22:22+05:30,thermal_zone4,SEN2,41050,80050
2026-08-28T22:22:22+05:30,thermal_zone5,B0D4,48050,110050
2026-08-28T22:22:22+05:30,thermal_zone6,iwlwifi_1,56000,0
2026-08-28T22:22:22+05:30,thermal_zone7,x86_pkg_temp,66000,0
2026-08-28T22:22:23+05:30,thermal_zone0,acpitz,48000,128000
2026-08-28T22:22:23+05:30,thermal_zone1,pch_cannonlake,54000,120000
2026-08-28T22:22:23+05:30,thermal_zone2,INT3400 Thermal,20000,0
2026-08-28T22:22:23+05:30,thermal_zone3,SEN1,1050,103050
2026-08-28T22:22:23+05:30,thermal_zone4,SEN2,41050,80050
2026-08-28T22:22:23+05:30,thermal_zone5,B0D4,48050,110050
2026-08-28T22:22:23+05:30,thermal_zone6,iwlwifi_1,55000,0
2026-08-28T22:22:23+05:30,thermal_zone7,x86_pkg_temp,66000,0
2026-08-28T22:22:24+05:30,thermal_zone0,acpitz,48000,128000
2026-08-28T22:22:24+05:30,thermal_zone1,pch_cannonlake,53000,120000
2026-08-28T22:22:24+05:30,thermal_zone2,INT3400 Thermal,20000,0
2026-08-28T22:22:24+05:30,thermal_zone3,SEN1,1050,103050
2026-08-28T22:22:24+05:30,thermal_zone4,SEN2,41050,80050
2026-08-28T22:22:24+05:30,thermal_zone5,B0D4,48050,110050
2026-08-28T22:22:24+05:30,thermal_zone6,iwlwifi_1,55000,0
2026-08-28T22:22:24+05:30,thermal_zone7,x86_pkg_temp,64000,0
2026-08-28T22:22:26+05:30,thermal_zone0,acpitz,48000,128000
2026-08-28T22:22:26+05:30,thermal_zone1,pch_cannonlake,54000,120000
2026-08-28T22:22:26+05:30,thermal_zone2,INT3400 Thermal,20000,0
2026-08-28T22:22:26+05:30,thermal_zone3,SEN1,1050,103050
2026-08-28T22:22:26+05:30,thermal_zone4,SEN2,41050,80050
2026-08-28T22:22:26+05:30,thermal_zone5,B0D4,48050,110050
2026-08-28T22:22:26+05:30,thermal_zone6,iwlwifi_1,55000,0
2026-08-28T22:22:26+05:30,thermal_zone7,x86_pkg_temp,64000,0
2026-08-28T22:22:27+05:30,thermal_zone0,acpitz,48000,128000
2026-08-28T22:22:27+05:30,thermal_zone1,pch_cannonlake,55000,120000
2026-08-28T22:22:27+05:30,thermal_zone2,INT3400 Thermal,20000,0
2026-08-28T22:22:27+05:30,thermal_zone3,SEN1,1050,103050
2026-08-28T22:22:27+05:30,thermal_zone4,SEN2,41050,80050
2026-08-28T22:22:27+05:30,thermal_zone5,B0D4,48050,110050
2026-08-28T22:22:27+05:30,thermal_zone6,iwlwifi_1,55000,0
2026-08-28T22:22:27+05:30,thermal_zone7,x86_pkg_temp,64000,0
2026-08-28T22:22:28+05:30,thermal_zone0,acpitz,48000,128000
2026-08-28T22:22:28+05:30,thermal_zone1,pch_cannonlake,55000,120000
2026-08-28T22:22:28+05:30,thermal_zone2,INT3400 Thermal,20000,0
2026-08-28T22:22:28+05:30,thermal_zone3,SEN1,1050,103050
2026-08-28T22:22:28+05:30,thermal_zone4,SEN2,41050,80050
2026-08-28T22:22:28+05:30,thermal_zone5,B0D4,48050,110050
2026-08-28T22:22:28+05:30,thermal_zone6,iwlwifi_1,55000,0
2026-08-28T22:22:28+05:30,thermal_zone7,x86_pkg_temp,66000,0
2026-08-28T22:22:30+05:30,thermal_zone0,acpitz,48000,128000
2026-08-28T22:22:30+05:30,thermal_zone1,pch_cannonlake,55000,120000
2026-08-28T22:22:30+05:30,thermal_zone2,INT3400 Thermal,20000,0
2026-08-28T22:22:30+05:30,thermal_zone3,SEN1,1050,103050
2026-08-28T22:22:30+05:30,thermal_zone4,SEN2,41050,80050
2026-08-28T22:22:30+05:30,thermal_zone5,B0D4,48050,110050
2026-08-28T22:22:30+05:30,thermal_zone6,iwlwifi_1,56000,0
2026-08-28T22:22:30+05:30,thermal_zone7,x86_pkg_temp,65000,0
2026-08-28T22:22:31+05:30,thermal_zone0,acpitz,48000,128000
2026-08-28T22:22:31+05:30,thermal_zone1,pch_cannonlake,54000,120000
2026-08-28T22:22:31+05:30,thermal_zone2,INT3400 Thermal,20000,0
2026-08-28T22:22:31+05:30,thermal_zone3,SEN1,1050,103050
2026-08-28T22:22:31+05:30,thermal_zone4,SEN2,41050,80050
2026-08-28T22:22:31+05:30,thermal_zone5,B0D4,48050,110050
2026-08-28T22:22:31+05:30,thermal_zone6,iwlwifi_1,56000,0
2026-08-28T22:22:31+05:30,thermal_zone7,x86_pkg_temp,66000,0
2026-08-28T22:22:32+05:30,thermal_zone0,acpitz,48000,128000
2026-08-28T22:22:32+05:30,thermal_zone1,pch_cannonlake,55000,120000
2026-08-28T22:22:32+05:30,thermal_zone2,INT3400 Thermal,20000,0
2026-08-28T22:22:32+05:30,thermal_zone3,SEN1,1050,103050
2026-08-28T22:22:32+05:30,thermal_zone4,SEN2,41050,80050
2026-08-28T22:22:32+05:30,thermal_zone5,B0D4,48050,110050
2026-08-28T22:22:32+05:30,thermal_zone6,iwlwifi_1,57000,0
2026-08-28T22:22:32+05:30,thermal_zone7,x86_pkg_temp,64000,0
2026-08-28T22:22:34+05:30,thermal_zone0,acpitz,48000,128000
2026-08-28T22:22:34+05:30,thermal_zone1,pch_cannonlake,55000,120000
2026-08-28T22:22:34+05:30,thermal_zone2,INT3400 Thermal,20000,0
2026-08-28T22:22:34+05:30,thermal_zone3,SEN1,1050,103050
2026-08-28T22:22:34+05:30,thermal_zone4,SEN2,41050,80050
2026-08-28T22:22:34+05:30,thermal_zone5,B0D4,48050,110050
2026-08-28T22:22:34+05:30,thermal_zone6,iwlwifi_1,57000,0
2026-08-28T22:22:34+05:30,thermal_zone7,x86_pkg_temp,64000,0
2026-08-28T22:22:35+05:30,thermal_zone0,acpitz,48000,128000
2026-08-28T22:22:35+05:30,thermal_zone1,pch_cannonlake,55000,120000
2026-08-28T22:22:35+05:30,thermal_zone2,INT3400 Thermal,20000,0
2026-08-28T22:22:35+05:30,thermal_zone3,SEN1,1050,103050
2026-08-28T22:22:35+05:30,thermal_zone4,SEN2,41050,80050
2026-08-28T22:22:35+05:30,thermal_zone5,B0D4,48050,110050
2026-08-28T22:22:35+05:30,thermal_zone6,iwlwifi_1,57000,0
2026-08-28T22:22:35+05:30,thermal_zone7,x86_pkg_temp,65000,0
2026-08-28T22:22:36+05:30,thermal_zone0,acpitz,48000,128000
2026-08-28T22:22:36+05:30,thermal_zone1,pch_cannonlake,55000,120000
2026-08-28T22:22:36+05:30,thermal_zone2,INT3400 Thermal,20000,0
2026-08-28T22:22:36+05:30,thermal_zone3,SEN1,1050,103050
2026-08-28T22:22:36+05:30,thermal_zone4,SEN2,41050,80050
2026-08-28T22:22:36+05:30,thermal_zone5,B0D4,48050,110050
2026-08-28T22:22:36+05:30,thermal_zone6,iwlwifi_1,55000,0
2026-08-28T22:22:36+05:30,thermal_zone7,x86_pkg_temp,66000,0
2026-08-28T22:22:38+05:30,thermal_zone0,acpitz,48000,128000
2026-08-28T22:22:38+05:30,thermal_zone1,pch_cannonlake,55000,120000
2026-08-28T22:22:38+05:30,thermal_zone2,INT3400 Thermal,20000,0
2026-08-28T22:22:38+05:30,thermal_zone3,SEN1,1050,103050
2026-08-28T22:22:38+05:30,thermal_zone4,SEN2,41050,80050
2026-08-28T22:22:38+05:30,thermal_zone5,B0D4,48050,110050
2026-08-28T22:22:38+05:30,thermal_zone6,iwlwifi_1,55000,0
2026-08-28T22:22:38+05:30,thermal_zone7,x86_pkg_temp,66000,0
2026-08-28T22:22:39+05:30,thermal_zone0,acpitz,48000,128000
2026-08-28T22:22:39+05:30,thermal_zone1,pch_cannonlake,54000,120000
2026-08-28T22:22:39+05:30,thermal_zone2,INT3400 Thermal,20000,0
2026-08-28T22:22:39+05:30,thermal_zone3,SEN1,1050,103050
2026-08-28T22:22:39+05:30,thermal_zone4,SEN2,41050,80050
2026-08-28T22:22:39+05:30,thermal_zone5,B0D4,48050,110050
2026-08-28T22:22:39+05:30,thermal_zone6,iwlwifi_1,56000,0
2026-08-28T22:22:39+05:30,thermal_zone7,x86_pkg_temp,66000,0
2026-08-28T22:22:40+05:30,thermal_zone0,acpitz,48000,128000
2026-08-28T22:22:40+05:30,thermal_zone1,pch_cannonlake,54000,120000
2026-08-28T22:22:40+05:30,thermal_zone2,INT3400 Thermal,20000,0
2026-08-28T22:22:40+05:30,thermal_zone3,SEN1,1050,103050
2026-08-28T22:22:40+05:30,thermal_zone4,SEN2,41050,80050
2026-08-28T22:22:40+05:30,thermal_zone5,B0D4,48050,110050
2026-08-28T22:22:40+05:30,thermal_zone6,iwlwifi_1,55000,0
2026-08-28T22:22:40+05:30,thermal_zone7,x86_pkg_temp,66000,0
2026-08-28T22:22:42+05:30,thermal_zone0,acpitz,48000,128000
2026-08-28T22:22:42+05:30,thermal_zone1,pch_cannonlake,53000,120000
2026-08-28T22:22:42+05:30,thermal_zone2,INT3400 Thermal,20000,0
2026-08-28T22:22:42+05:30,thermal_zone3,SEN1,1050,103050
2026-08-28T22:22:42+05:30,thermal_zone4,SEN2,41050,80050
2026-08-28T22:22:42+05:30,thermal_zone5,B0D4,48050,110050
2026-08-28T22:22:42+05:30,thermal_zone6,iwlwifi_1,55000,0
2026-08-28T22:22:42+05:30,thermal_zone7,x86_pkg_temp,65000,0
2026-08-28T22:22:43+05:30,thermal_zone0,acpitz,48000,128000
2026-08-28T22:22:43+05:30,thermal_zone1,pch_cannonlake,53000,120000
2026-08-28T22:22:43+05:30,thermal_zone2,INT3400 Thermal,20000,0
2026-08-28T22:22:43+05:30,thermal_zone3,SEN1,1050,103050
2026-08-28T22:22:43+05:30,thermal_zone4,SEN2,41050,80050
2026-08-28T22:22:43+05:30,thermal_zone5,B0D4,48050,110050
2026-08-28T22:22:43+05:30,thermal_zone6,iwlwifi_1,55000,0
2026-08-28T22:22:43+05:30,thermal_zone7,x86_pkg_temp,66000,0
2026-08-28T22:22:44+05:30,thermal_zone0,acpitz,48000,128000
2026-08-28T22:22:44+05:30,thermal_zone1,pch_cannonlake,54000,120000
2026-08-28T22:22:44+05:30,thermal_zone2,INT3400 Thermal,20000,0
2026-08-28T22:22:44+05:30,thermal_zone3,SEN1,1050,103050
2026-08-28T22:22:44+05:30,thermal_zone4,SEN2,41050,80050
2026-08-28T22:22:44+05:30,thermal_zone5,B0D4,48050,110050
2026-08-28T22:22:44+05:30,thermal_zone6,iwlwifi_1,55000,0
2026-08-28T22:22:44+05:30,thermal_zone7,x86_pkg_temp,66000,0
2026-08-28T22:22:46+05:30,thermal_zone0,acpitz,48000,128000
2026-08-28T22:22:46+05:30,thermal_zone1,pch_cannonlake,55000,120000
2026-08-28T22:22:46+05:30,thermal_zone2,INT3400 Thermal,20000,0
2026-08-28T22:22:46+05:30,thermal_zone3,SEN1,1050,103050
2026-08-28T22:22:46+05:30,thermal_zone4,SEN2,41050,80050
2026-08-28T22:22:46+05:30,thermal_zone5,B0D4,48050,110050
2026-08-28T22:22:46+05:30,thermal_zone6,iwlwifi_1,56000,0
2026-08-28T22:22:46+05:30,thermal_zone7,x86_pkg_temp,66000,0
2026-08-28T22:22:47+05:30,thermal_zone0,acpitz,48000,128000
2026-08-28T22:22:47+05:30,thermal_zone1,pch_cannonlake,53000,120000
2026-08-28T22:22:47+05:30,thermal_zone2,INT3400 Thermal,20000,0
2026-08-28T22:22:47+05:30,thermal_zone3,SEN1,1050,103050
2026-08-28T22:22:47+05:30,thermal_zone4,SEN2,41050,80050
2026-08-28T22:22:47+05:30,thermal_zone5,B0D4,48050,110050
2026-08-28T22:22:47+05:30,thermal_zone6,iwlwifi_1,55000,0
2026-08-28T22:22:47+05:30,thermal_zone7,x86_pkg_temp,66000,0
2026-08-28T22:22:48+05:30,thermal_zone0,acpitz,48000,128000
2026-08-28T22:22:48+05:30,thermal_zone1,pch_cannonlake,55000,120000
2026-08-28T22:22:48+05:30,thermal_zone2,INT3400 Thermal,20000,0
2026-08-28T22:22:48+05:30,thermal_zone3,SEN1,1050,103050
2026-08-28T22:22:48+05:30,thermal_zone4,SEN2,41050,80050
2026-08-28T22:22:48+05:30,thermal_zone5,B0D4,48050,110050
2026-08-28T22:22:48+05:30,thermal_zone6,iwlwifi_1,55000,0
2026-08-28T22:22:48+05:30,thermal_zone7,x86_pkg_temp,66000,0
2026-08-28T22:22:50+05:30,thermal_zone0,acpitz,48000,128000
2026-08-28T22:22:50+05:30,thermal_zone1,pch_cannonlake,53000,120000
2026-08-28T22:22:50+05:30,thermal_zone2,INT3400 Thermal,20000,0
2026-08-28T22:22:50+05:30,thermal_zone3,SEN1,1050,103050
2026-08-28T22:22:50+05:30,thermal_zone4,SEN2,41050,80050
2026-08-28T22:22:50+05:30,thermal_zone5,B0D4,48050,110050
2026-08-28T22:22:50+05:30,thermal_zone6,iwlwifi_1,55000,0
2026-08-28T22:22:50+05:30,thermal_zone7,x86_pkg_temp,66000,0
2026-08-28T22:22:51+05:30,thermal_zone0,acpitz,48000,128000
2026-08-28T22:22:51+05:30,thermal_zone1,pch_cannonlake,54000,120000
2026-08-28T22:22:51+05:30,thermal_zone2,INT3400 Thermal,20000,0
2026-08-28T22:22:51+05:30,thermal_zone3,SEN1,1050,103050
2026-08-28T22:22:51+05:30,thermal_zone4,SEN2,42050,80050
2026-08-28T22:22:51+05:30,thermal_zone5,B0D4,48050,110050
2026-08-28T22:22:51+05:30,thermal_zone6,iwlwifi_1,55000,0
2026-08-28T22:22:51+05:30,thermal_zone7,x86_pkg_temp,66000,0
2026-08-28T22:22:52+05:30,thermal_zone0,acpitz,48000,128000
2026-08-28T22:22:52+05:30,thermal_zone1,pch_cannonlake,53000,120000
2026-08-28T22:22:52+05:30,thermal_zone2,INT3400 Thermal,20000,0
2026-08-28T22:22:52+05:30,thermal_zone3,SEN1,1050,103050
2026-08-28T22:22:52+05:30,thermal_zone4,SEN2,42050,80050
2026-08-28T22:22:52+05:30,thermal_zone5,B0D4,48050,110050
2026-08-28T22:22:52+05:30,thermal_zone6,iwlwifi_1,55000,0
2026-08-28T22:22:52+05:30,thermal_zone7,x86_pkg_temp,66000,0
2026-08-28T22:22:53+05:30,thermal_zone0,acpitz,48000,128000
2026-08-28T22:22:53+05:30,thermal_zone1,pch_cannonlake,53000,120000
2026-08-28T22:22:53+05:30,thermal_zone2,INT3400 Thermal,20000,0
2026-08-28T22:22:53+05:30,thermal_zone3,SEN1,1050,103050
2026-08-28T22:22:53+05:30,thermal_zone4,SEN2,42050,80050
2026-08-28T22:22:53+05:30,thermal_zone5,B0D4,48050,110050
2026-08-28T22:22:53+05:30,thermal_zone6,iwlwifi_1,55000,0
2026-08-28T22:22:53+05:30,thermal_zone7,x86_pkg_temp,66000,0
2026-08-28T22:22:55+05:30,thermal_zone0,acpitz,48000,128000
2026-08-28T22:22:55+05:30,thermal_zone1,pch_cannonlake,54000,120000
2026-08-28T22:22:55+05:30,thermal_zone2,INT3400 Thermal,20000,0
2026-08-28T22:22:55+05:30,thermal_zone3,SEN1,1050,103050
2026-08-28T22:22:55+05:30,thermal_zone4,SEN2,42050,80050
2026-08-28T22:22:55+05:30,thermal_zone5,B0D4,48050,110050
2026-08-28T22:22:55+05:30,thermal_zone6,iwlwifi_1,56000,0
2026-08-28T22:22:55+05:30,thermal_zone7,x86_pkg_temp,65000,0
2026-08-28T22:22:56+05:30,thermal_zone0,acpitz,48000,128000
2026-08-28T22:22:56+05:30,thermal_zone1,pch_cannonlake,55000,120000
2026-08-28T22:22:56+05:30,thermal_zone2,INT3400 Thermal,20000,0
2026-08-28T22:22:56+05:30,thermal_zone3,SEN1,1050,103050
2026-08-28T22:22:56+05:30,thermal_zone4,SEN2,42050,80050
2026-08-28T22:22:56+05:30,thermal_zone5,B0D4,48050,110050
2026-08-28T22:22:56+05:30,thermal_zone6,iwlwifi_1,55000,0
2026-08-28T22:22:56+05:30,thermal_zone7,x86_pkg_temp,66000,0
2026-08-28T22:22:58+05:30,thermal_zone0,acpitz,48000,128000
2026-08-28T22:22:58+05:30,thermal_zone1,pch_cannonlake,54000,120000
2026-08-28T22:22:58+05:30,thermal_zone2,INT3400 Thermal,20000,0
2026-08-28T22:22:58+05:30,thermal_zone3,SEN1,1050,103050
2026-08-28T22:22:58+05:30,thermal_zone4,SEN2,42050,80050
2026-08-28T22:22:58+05:30,thermal_zone5,B0D4,48050,110050
2026-08-28T22:22:58+05:30,thermal_zone6,iwlwifi_1,55000,0
2026-08-28T22:22:58+05:30,thermal_zone7,x86_pkg_temp,66000,0
2026-08-28T22:22:59+05:30,thermal_zone0,acpitz,48000,128000
2026-08-28T22:22:59+05:30,thermal_zone1,pch_cannonlake,54000,120000
2026-08-28T22:22:59+05:30,thermal_zone2,INT3400 Thermal,20000,0
2026-08-28T22:22:59+05:30,thermal_zone3,SEN1,1050,103050
2026-08-28T22:22:59+05:30,thermal_zone4,SEN2,42050,80050
2026-08-28T22:22:59+05:30,thermal_zone5,B0D4,48050,110050
2026-08-28T22:22:59+05:30,thermal_zone6,iwlwifi_1,55000,0
2026-08-28T22:22:59+05:30,thermal_zone7,x86_pkg_temp,66000,0
2026-08-28T22:23:00+05:30,thermal_zone0,acpitz,48000,128000
2026-08-28T22:23:00+05:30,thermal_zone1,pch_cannonlake,54000,120000
2026-08-28T22:23:00+05:30,thermal_zone2,INT3400 Thermal,20000,0
2026-08-28T22:23:00+05:30,thermal_zone3,SEN1,1050,103050
2026-08-28T22:23:00+05:30,thermal_zone4,SEN2,42050,80050
2026-08-28T22:23:00+05:30,thermal_zone5,B0D4,48050,110050
2026-08-28T22:23:00+05:30,thermal_zone6,iwlwifi_1,55000,0
2026-08-28T22:23:00+05:30,thermal_zone7,x86_pkg_temp,66000,0
2026-08-28T22:23:01+05:30,thermal_zone0,acpitz,48000,128000
2026-08-28T22:23:01+05:30,thermal_zone1,pch_cannonlake,54000,120000
2026-08-28T22:23:01+05:30,thermal_zone2,INT3400 Thermal,20000,0
2026-08-28T22:23:01+05:30,thermal_zone3,SEN1,1050,103050
2026-08-28T22:23:01+05:30,thermal_zone4,SEN2,42050,80050
2026-08-28T22:23:01+05:30,thermal_zone5,B0D4,48050,110050
2026-08-28T22:23:01+05:30,thermal_zone6,iwlwifi_1,55000,0
2026-08-28T22:23:01+05:30,thermal_zone7,x86_pkg_temp,66000,0
2026-08-28T22:23:03+05:30,thermal_zone0,acpitz,48000,128000
2026-08-28T22:23:03+05:30,thermal_zone1,pch_cannonlake,55000,120000
2026-08-28T22:23:03+05:30,thermal_zone2,INT3400 Thermal,20000,0
2026-08-28T22:23:03+05:30,thermal_zone3,SEN1,1050,103050
2026-08-28T22:23:03+05:30,thermal_zone4,SEN2,42050,80050
2026-08-28T22:23:03+05:30,thermal_zone5,B0D4,48050,110050
2026-08-28T22:23:03+05:30,thermal_zone6,iwlwifi_1,56000,0
2026-08-28T22:23:03+05:30,thermal_zone7,x86_pkg_temp,65000,0
2026-08-28T22:23:04+05:30,thermal_zone0,acpitz,48000,128000
2026-08-28T22:23:04+05:30,thermal_zone1,pch_cannonlake,55000,120000
2026-08-28T22:23:04+05:30,thermal_zone2,INT3400 Thermal,20000,0
2026-08-28T22:23:04+05:30,thermal_zone3,SEN1,1050,103050
2026-08-28T22:23:04+05:30,thermal_zone4,SEN2,42050,80050
2026-08-28T22:23:04+05:30,thermal_zone5,B0D4,48050,110050
2026-08-28T22:23:04+05:30,thermal_zone6,iwlwifi_1,56000,0
2026-08-28T22:23:04+05:30,thermal_zone7,x86_pkg_temp,63000,0
2026-08-28T22:23:06+05:30,thermal_zone0,acpitz,48000,128000
2026-08-28T22:23:06+05:30,thermal_zone1,pch_cannonlake,53000,120000
2026-08-28T22:23:06+05:30,thermal_zone2,INT3400 Thermal,20000,0
2026-08-28T22:23:06+05:30,thermal_zone3,SEN1,1050,103050
2026-08-28T22:23:06+05:30,thermal_zone4,SEN2,41050,80050
2026-08-28T22:23:06+05:30,thermal_zone5,B0D4,48050,110050
2026-08-28T22:23:06+05:30,thermal_zone6,iwlwifi_1,56000,0
2026-08-28T22:23:06+05:30,thermal_zone7,x86_pkg_temp,64000,0
2026-08-28T22:23:07+05:30,thermal_zone0,acpitz,48000,128000
2026-08-28T22:23:07+05:30,thermal_zone1,pch_cannonlake,55000,120000
2026-08-28T22:23:07+05:30,thermal_zone2,INT3400 Thermal,20000,0
2026-08-28T22:23:07+05:30,thermal_zone3,SEN1,1050,103050
2026-08-28T22:23:07+05:30,thermal_zone4,SEN2,41050,80050
2026-08-28T22:23:07+05:30,thermal_zone5,B0D4,48050,110050
2026-08-28T22:23:07+05:30,thermal_zone6,iwlwifi_1,57000,0
2026-08-28T22:23:07+05:30,thermal_zone7,x86_pkg_temp,65000,0
2026-08-28T22:23:09+05:30,thermal_zone0,acpitz,48000,128000
2026-08-28T22:23:09+05:30,thermal_zone1,pch_cannonlake,55000,120000
2026-08-28T22:23:09+05:30,thermal_zone2,INT3400 Thermal,20000,0
2026-08-28T22:23:09+05:30,thermal_zone3,SEN1,1050,103050
2026-08-28T22:23:09+05:30,thermal_zone4,SEN2,41050,80050
2026-08-28T22:23:09+05:30,thermal_zone5,B0D4,48050,110050
2026-08-28T22:23:09+05:30,thermal_zone6,iwlwifi_1,55000,0
2026-08-28T22:23:09+05:30,thermal_zone7,x86_pkg_temp,63000,0
2026-08-28T22:23:10+05:30,thermal_zone0,acpitz,48000,128000
2026-08-28T22:23:10+05:30,thermal_zone1,pch_cannonlake,54000,120000
2026-08-28T22:23:10+05:30,thermal_zone2,INT3400 Thermal,20000,0
2026-08-28T22:23:10+05:30,thermal_zone3,SEN1,1050,103050
2026-08-28T22:23:10+05:30,thermal_zone4,SEN2,41050,80050
2026-08-28T22:23:10+05:30,thermal_zone5,B0D4,48050,110050
2026-08-28T22:23:10+05:30,thermal_zone6,iwlwifi_1,55000,0
2026-08-28T22:23:10+05:30,thermal_zone7,x86_pkg_temp,65000,0
2026-08-28T22:23:11+05:30,thermal_zone0,acpitz,48000,128000
2026-08-28T22:23:11+05:30,thermal_zone1,pch_cannonlake,54000,120000
2026-08-28T22:23:11+05:30,thermal_zone2,INT3400 Thermal,20000,0
2026-08-28T22:23:11+05:30,thermal_zone3,SEN1,1050,103050
2026-08-28T22:23:11+05:30,thermal_zone4,SEN2,41050,80050
2026-08-28T22:23:11+05:30,thermal_zone5,B0D4,48050,110050
2026-08-28T22:23:11+05:30,thermal_zone6,iwlwifi_1,55000,0
2026-08-28T22:23:11+05:30,thermal_zone7,x86_pkg_temp,64000,0
2026-08-28T22:23:13+05:30,thermal_zone0,acpitz,48000,128000
2026-08-28T22:23:13+05:30,thermal_zone1,pch_cannonlake,53000,120000
2026-08-28T22:23:13+05:30,thermal_zone2,INT3400 Thermal,20000,0
2026-08-28T22:23:13+05:30,thermal_zone3,SEN1,1050,103050
2026-08-28T22:23:13+05:30,thermal_zone4,SEN2,41050,80050
2026-08-28T22:23:13+05:30,thermal_zone5,B0D4,48050,110050
2026-08-28T22:23:13+05:30,thermal_zone6,iwlwifi_1,56000,0
2026-08-28T22:23:13+05:30,thermal_zone7,x86_pkg_temp,66000,0
2026-08-28T22:23:14+05:30,thermal_zone0,acpitz,48000,128000
2026-08-28T22:23:14+05:30,thermal_zone1,pch_cannonlake,54000,120000
2026-08-28T22:23:14+05:30,thermal_zone2,INT3400 Thermal,20000,0
2026-08-28T22:23:14+05:30,thermal_zone3,SEN1,1050,103050
2026-08-28T22:23:14+05:30,thermal_zone4,SEN2,41050,80050
2026-08-28T22:23:14+05:30,thermal_zone5,B0D4,48050,110050
2026-08-28T22:23:14+05:30,thermal_zone6,iwlwifi_1,55000,0
2026-08-28T22:23:14+05:30,thermal_zone7,x86_pkg_temp,65000,0
2026-08-28T22:23:15+05:30,thermal_zone0,acpitz,48000,128000
2026-08-28T22:23:15+05:30,thermal_zone1,pch_cannonlake,53000,120000
2026-08-28T22:23:15+05:30,thermal_zone2,INT3400 Thermal,20000,0
2026-08-28T22:23:15+05:30,thermal_zone3,SEN1,1050,103050
2026-08-28T22:23:15+05:30,thermal_zone4,SEN2,41050,80050
2026-08-28T22:23:15+05:30,thermal_zone5,B0D4,48050,110050
2026-08-28T22:23:15+05:30,thermal_zone6,iwlwifi_1,55000,0
2026-08-28T22:23:15+05:30,thermal_zone7,x86_pkg_temp,66000,0
2026-08-28T22:23:17+05:30,thermal_zone0,acpitz,48000,128000
2026-08-28T22:23:17+05:30,thermal_zone1,pch_cannonlake,54000,120000
2026-08-28T22:23:17+05:30,thermal_zone2,INT3400 Thermal,20000,0
2026-08-28T22:23:17+05:30,thermal_zone3,SEN1,1050,103050
2026-08-28T22:23:17+05:30,thermal_zone4,SEN2,41050,80050
2026-08-28T22:23:17+05:30,thermal_zone5,B0D4,48050,110050
2026-08-28T22:23:17+05:30,thermal_zone6,iwlwifi_1,56000,0
2026-08-28T22:23:17+05:30,thermal_zone7,x86_pkg_temp,66000,0
2026-08-28T22:23:18+05:30,thermal_zone0,acpitz,48000,128000
2026-08-28T22:23:18+05:30,thermal_zone1,pch_cannonlake,54000,120000
2026-08-28T22:23:18+05:30,thermal_zone2,INT3400 Thermal,20000,0
2026-08-28T22:23:18+05:30,thermal_zone3,SEN1,1050,103050
2026-08-28T22:23:18+05:30,thermal_zone4,SEN2,41050,80050
2026-08-28T22:23:18+05:30,thermal_zone5,B0D4,48050,110050
2026-08-28T22:23:18+05:30,thermal_zone6,iwlwifi_1,57000,0
2026-08-28T22:23:18+05:30,thermal_zone7,x86_pkg_temp,66000,0
2026-08-28T22:23:19+05:30,thermal_zone0,acpitz,48000,128000
2026-08-28T22:23:19+05:30,thermal_zone1,pch_cannonlake,54000,120000
2026-08-28T22:23:19+05:30,thermal_zone2,INT3400 Thermal,20000,0
2026-08-28T22:23:19+05:30,thermal_zone3,SEN1,1050,103050
2026-08-28T22:23:19+05:30,thermal_zone4,SEN2,41050,80050
2026-08-28T22:23:19+05:30,thermal_zone5,B0D4,48050,110050
2026-08-28T22:23:19+05:30,thermal_zone6,iwlwifi_1,55000,0
2026-08-28T22:23:19+05:30,thermal_zone7,x86_pkg_temp,65000,0
2026-08-28T22:23:21+05:30,thermal_zone0,acpitz,48000,128000
2026-08-28T22:23:21+05:30,thermal_zone1,pch_cannonlake,54000,120000
2026-08-28T22:23:21+05:30,thermal_zone2,INT3400 Thermal,20000,0
2026-08-28T22:23:21+05:30,thermal_zone3,SEN1,1050,103050
2026-08-28T22:23:21+05:30,thermal_zone4,SEN2,41050,80050
2026-08-28T22:23:21+05:30,thermal_zone5,B0D4,48050,110050
2026-08-28T22:23:21+05:30,thermal_zone6,iwlwifi_1,55000,0
2026-08-28T22:23:21+05:30,thermal_zone7,x86_pkg_temp,64000,0
2026-08-28T22:23:22+05:30,thermal_zone0,acpitz,48000,128000
2026-08-28T22:23:22+05:30,thermal_zone1,pch_cannonlake,54000,120000
2026-08-28T22:23:22+05:30,thermal_zone2,INT3400 Thermal,20000,0
2026-08-28T22:23:22+05:30,thermal_zone3,SEN1,1050,103050
2026-08-28T22:23:22+05:30,thermal_zone4,SEN2,41050,80050
2026-08-28T22:23:22+05:30,thermal_zone5,B0D4,48050,110050
2026-08-28T22:23:22+05:30,thermal_zone6,iwlwifi_1,56000,0
2026-08-28T22:23:22+05:30,thermal_zone7,x86_pkg_temp,66000,0
2026-08-28T22:23:23+05:30,thermal_zone0,acpitz,48000,128000
2026-08-28T22:23:23+05:30,thermal_zone1,pch_cannonlake,54000,120000
2026-08-28T22:23:23+05:30,thermal_zone2,INT3400 Thermal,20000,0
2026-08-28T22:23:23+05:30,thermal_zone3,SEN1,1050,103050
2026-08-28T22:23:23+05:30,thermal_zone4,SEN2,41050,80050
2026-08-28T22:23:23+05:30,thermal_zone5,B0D4,48050,110050
2026-08-28T22:23:23+05:30,thermal_zone6,iwlwifi_1,55000,0
2026-08-28T22:23:23+05:30,thermal_zone7,x86_pkg_temp,66000,0
2026-08-28T22:23:25+05:30,thermal_zone0,acpitz,48000,128000
2026-08-28T22:23:25+05:30,thermal_zone1,pch_cannonlake,53000,120000
2026-08-28T22:23:25+05:30,thermal_zone2,INT3400 Thermal,20000,0
2026-08-28T22:23:25+05:30,thermal_zone3,SEN1,1050,103050
2026-08-28T22:23:25+05:30,thermal_zone4,SEN2,41050,80050
2026-08-28T22:23:25+05:30,thermal_zone5,B0D4,48050,110050
2026-08-28T22:23:25+05:30,thermal_zone6,iwlwifi_1,55000,0
2026-08-28T22:23:25+05:30,thermal_zone7,x86_pkg_temp,66000,0
2026-08-28T22:23:26+05:30,thermal_zone0,acpitz,48000,128000
2026-08-28T22:23:26+05:30,thermal_zone1,pch_cannonlake,55000,120000
2026-08-28T22:23:26+05:30,thermal_zone2,INT3400 Thermal,20000,0
2026-08-28T22:23:26+05:30,thermal_zone3,SEN1,1050,103050
2026-08-28T22:23:26+05:30,thermal_zone4,SEN2,41050,80050
2026-08-28T22:23:26+05:30,thermal_zone5,B0D4,48050,110050
2026-08-28T22:23:26+05:30,thermal_zone6,iwlwifi_1,55000,0
2026-08-28T22:23:26+05:30,thermal_zone7,x86_pkg_temp,65000,0
2026-08-28T22:23:27+05:30,thermal_zone0,acpitz,48000,128000
2026-08-28T22:23:27+05:30,thermal_zone1,pch_cannonlake,55000,120000
2026-08-28T22:23:27+05:30,thermal_zone2,INT3400 Thermal,20000,0
2026-08-28T22:23:27+05:30,thermal_zone3,SEN1,1050,103050
2026-08-28T22:23:27+05:30,thermal_zone4,SEN2,41050,80050
2026-08-28T22:23:27+05:30,thermal_zone5,B0D4,48050,110050
2026-08-28T22:23:27+05:30,thermal_zone6,iwlwifi_1,55000,0
2026-08-28T22:23:27+05:30,thermal_zone7,x86_pkg_temp,65000,0
2026-08-28T22:23:29+05:30,thermal_zone0,acpitz,48000,128000
2026-08-28T22:23:29+05:30,thermal_zone1,pch_cannonlake,54000,120000
2026-08-28T22:23:29+05:30,thermal_zone2,INT3400 Thermal,20000,0
2026-08-28T22:23:29+05:30,thermal_zone3,SEN1,1050,103050
2026-08-28T22:23:29+05:30,thermal_zone4,SEN2,41050,80050
2026-08-28T22:23:29+05:30,thermal_zone5,B0D4,48050,110050
2026-08-28T22:23:29+05:30,thermal_zone6,iwlwifi_1,56000,0
2026-08-28T22:23:29+05:30,thermal_zone7,x86_pkg_temp,66000,0
2026-08-28T22:23:30+05:30,thermal_zone0,acpitz,48000,128000
2026-08-28T22:23:30+05:30,thermal_zone1,pch_cannonlake,55000,120000
2026-08-28T22:23:30+05:30,thermal_zone2,INT3400 Thermal,20000,0
2026-08-28T22:23:30+05:30,thermal_zone3,SEN1,1050,103050
2026-08-28T22:23:30+05:30,thermal_zone4,SEN2,41050,80050
2026-08-28T22:23:30+05:30,thermal_zone5,B0D4,48050,110050
2026-08-28T22:23:30+05:30,thermal_zone6,iwlwifi_1,55000,0
2026-08-28T22:23:30+05:30,thermal_zone7,x86_pkg_temp,67000,0
2026-08-28T22:23:31+05:30,thermal_zone0,acpitz,48000,128000
2026-08-28T22:23:31+05:30,thermal_zone1,pch_cannonlake,55000,120000
2026-08-28T22:23:31+05:30,thermal_zone2,INT3400 Thermal,20000,0
2026-08-28T22:23:31+05:30,thermal_zone3,SEN1,1050,103050
2026-08-28T22:23:31+05:30,thermal_zone4,SEN2,41050,80050
2026-08-28T22:23:31+05:30,thermal_zone5,B0D4,48050,110050
2026-08-28T22:23:31+05:30,thermal_zone6,iwlwifi_1,56000,0
2026-08-28T22:23:31+05:30,thermal_zone7,x86_pkg_temp,66000,0
2026-08-28T22:23:33+05:30,thermal_zone0,acpitz,48000,128000
2026-08-28T22:23:33+05:30,thermal_zone1,pch_cannonlake,54000,120000
2026-08-28T22:23:33+05:30,thermal_zone2,INT3400 Thermal,20000,0
2026-08-28T22:23:33+05:30,thermal_zone3,SEN1,1050,103050
2026-08-28T22:23:33+05:30,thermal_zone4,SEN2,41050,80050
2026-08-28T22:23:33+05:30,thermal_zone5,B0D4,48050,110050
2026-08-28T22:23:33+05:30,thermal_zone6,iwlwifi_1,55000,0
2026-08-28T22:23:33+05:30,thermal_zone7,x86_pkg_temp,66000,0
2026-08-28T22:23:34+05:30,thermal_zone0,acpitz,48000,128000
2026-08-28T22:23:34+05:30,thermal_zone1,pch_cannonlake,54000,120000
2026-08-28T22:23:34+05:30,thermal_zone2,INT3400 Thermal,20000,0
2026-08-28T22:23:34+05:30,thermal_zone3,SEN1,1050,103050
2026-08-28T22:23:34+05:30,thermal_zone4,SEN2,41050,80050
2026-08-28T22:23:34+05:30,thermal_zone5,B0D4,48050,110050
2026-08-28T22:23:34+05:30,thermal_zone6,iwlwifi_1,55000,0
2026-08-28T22:23:34+05:30,thermal_zone7,x86_pkg_temp,65000,0
2026-08-28T22:23:35+05:30,thermal_zone0,acpitz,48000,128000
2026-08-28T22:23:35+05:30,thermal_zone1,pch_cannonlake,53000,120000
2026-08-28T22:23:35+05:30,thermal_zone2,INT3400 Thermal,20000,0
2026-08-28T22:23:35+05:30,thermal_zone3,SEN1,1050,103050
2026-08-28T22:23:35+05:30,thermal_zone4,SEN2,41050,80050
2026-08-28T22:23:35+05:30,thermal_zone5,B0D4,48050,110050
2026-08-28T22:23:35+05:30,thermal_zone6,iwlwifi_1,55000,0
2026-08-28T22:23:35+05:30,thermal_zone7,x86_pkg_temp,65000,0
2026-08-28T22:23:37+05:30,thermal_zone0,acpitz,48000,128000
2026-08-28T22:23:37+05:30,thermal_zone1,pch_cannonlake,55000,120000
2026-08-28T22:23:37+05:30,thermal_zone2,INT3400 Thermal,20000,0
2026-08-28T22:23:37+05:30,thermal_zone3,SEN1,1050,103050
2026-08-28T22:23:37+05:30,thermal_zone4,SEN2,41050,80050
2026-08-28T22:23:37+05:30,thermal_zone5,B0D4,48050,110050
2026-08-28T22:23:37+05:30,thermal_zone6,iwlwifi_1,55000,0
2026-08-28T22:23:37+05:30,thermal_zone7,x86_pkg_temp,65000,0
2026-08-28T22:23:38+05:30,thermal_zone0,acpitz,48000,128000
2026-08-28T22:23:38+05:30,thermal_zone1,pch_cannonlake,55000,120000
2026-08-28T22:23:38+05:30,thermal_zone2,INT3400 Thermal,20000,0
2026-08-28T22:23:38+05:30,thermal_zone3,SEN1,1050,103050
2026-08-28T22:23:38+05:30,thermal_zone4,SEN2,41050,80050
2026-08-28T22:23:38+05:30,thermal_zone5,B0D4,48050,110050
2026-08-28T22:23:38+05:30,thermal_zone6,iwlwifi_1,56000,0
2026-08-28T22:23:38+05:30,thermal_zone7,x86_pkg_temp,66000,0
2026-08-28T22:23:39+05:30,thermal_zone0,acpitz,48000,128000
2026-08-28T22:23:39+05:30,thermal_zone1,pch_cannonlake,54000,120000
2026-08-28T22:23:39+05:30,thermal_zone2,INT3400 Thermal,20000,0
2026-08-28T22:23:39+05:30,thermal_zone3,SEN1,1050,103050
2026-08-28T22:23:39+05:30,thermal_zone4,SEN2,42050,80050
2026-08-28T22:23:39+05:30,thermal_zone5,B0D4,48050,110050
2026-08-28T22:23:39+05:30,thermal_zone6,iwlwifi_1,57000,0
2026-08-28T22:23:39+05:30,thermal_zone7,x86_pkg_temp,65000,0
2026-08-28T22:23:41+05:30,thermal_zone0,acpitz,48000,128000
2026-08-28T22:23:41+05:30,thermal_zone1,pch_cannonlake,54000,120000
2026-08-28T22:23:41+05:30,thermal_zone2,INT3400 Thermal,20000,0
2026-08-28T22:23:41+05:30,thermal_zone3,SEN1,1050,103050
2026-08-28T22:23:41+05:30,thermal_zone4,SEN2,42050,80050
2026-08-28T22:23:41+05:30,thermal_zone5,B0D4,48050,110050
2026-08-28T22:23:41+05:30,thermal_zone6,iwlwifi_1,57000,0
2026-08-28T22:23:41+05:30,thermal_zone7,x86_pkg_temp,65000,0
2026-08-28T22:23:42+05:30,thermal_zone0,acpitz,48000,128000
2026-08-28T22:23:42+05:30,thermal_zone1,pch_cannonlake,54000,120000
2026-08-28T22:23:42+05:30,thermal_zone2,INT3400 Thermal,20000,0
2026-08-28T22:23:42+05:30,thermal_zone3,SEN1,1050,103050
2026-08-28T22:23:42+05:30,thermal_zone4,SEN2,42050,80050
2026-08-28T22:23:42+05:30,thermal_zone5,B0D4,48050,110050
2026-08-28T22:23:42+05:30,thermal_zone6,iwlwifi_1,56000,0
2026-08-28T22:23:42+05:30,thermal_zone7,x86_pkg_temp,65000,0
2026-08-28T22:23:43+05:30,thermal_zone0,acpitz,48000,128000
2026-08-28T22:23:43+05:30,thermal_zone1,pch_cannonlake,55000,120000
2026-08-28T22:23:43+05:30,thermal_zone2,INT3400 Thermal,20000,0
2026-08-28T22:23:43+05:30,thermal_zone3,SEN1,1050,103050
2026-08-28T22:23:43+05:30,thermal_zone4,SEN2,42050,80050
2026-08-28T22:23:43+05:30,thermal_zone5,B0D4,48050,110050
2026-08-28T22:23:43+05:30,thermal_zone6,iwlwifi_1,58000,0
2026-08-28T22:23:43+05:30,thermal_zone7,x86_pkg_temp,66000,0
2026-08-28T22:23:45+05:30,thermal_zone0,acpitz,48000,128000
2026-08-28T22:23:45+05:30,thermal_zone1,pch_cannonlake,54000,120000
2026-08-28T22:23:45+05:30,thermal_zone2,INT3400 Thermal,20000,0
2026-08-28T22:23:45+05:30,thermal_zone3,SEN1,1050,103050
2026-08-28T22:23:45+05:30,thermal_zone4,SEN2,42050,80050
2026-08-28T22:23:45+05:30,thermal_zone5,B0D4,48050,110050
2026-08-28T22:23:45+05:30,thermal_zone6,iwlwifi_1,56000,0
2026-08-28T22:23:45+05:30,thermal_zone7,x86_pkg_temp,66000,0
2026-08-28T22:23:46+05:30,thermal_zone0,acpitz,48000,128000
2026-08-28T22:23:46+05:30,thermal_zone1,pch_cannonlake,55000,120000
2026-08-28T22:23:46+05:30,thermal_zone2,INT3400 Thermal,20000,0
2026-08-28T22:23:46+05:30,thermal_zone3,SEN1,1050,103050
2026-08-28T22:23:46+05:30,thermal_zone4,SEN2,42050,80050
2026-08-28T22:23:46+05:30,thermal_zone5,B0D4,48050,110050
2026-08-28T22:23:46+05:30,thermal_zone6,iwlwifi_1,55000,0
2026-08-28T22:23:46+05:30,thermal_zone7,x86_pkg_temp,66000,0
2026-08-28T22:23:47+05:30,thermal_zone0,acpitz,48000,128000
2026-08-28T22:23:47+05:30,thermal_zone1,pch_cannonlake,55000,120000
2026-08-28T22:23:47+05:30,thermal_zone2,INT3400 Thermal,20000,0
2026-08-28T22:23:47+05:30,thermal_zone3,SEN1,1050,103050
2026-08-28T22:23:47+05:30,thermal_zone4,SEN2,42050,80050
2026-08-28T22:23:47+05:30,thermal_zone5,B0D4,48050,110050
2026-08-28T22:23:47+05:30,thermal_zone6,iwlwifi_1,55000,0
2026-08-28T22:23:47+05:30,thermal_zone7,x86_pkg_temp,66000,0
2026-08-28T22:23:49+05:30,thermal_zone0,acpitz,48000,128000
2026-08-28T22:23:49+05:30,thermal_zone1,pch_cannonlake,54000,120000
2026-08-28T22:23:49+05:30,thermal_zone2,INT3400 Thermal,20000,0
2026-08-28T22:23:49+05:30,thermal_zone3,SEN1,1050,103050
2026-08-28T22:23:49+05:30,thermal_zone4,SEN2,42050,80050
2026-08-28T22:23:49+05:30,thermal_zone5,B0D4,48050,110050
2026-08-28T22:23:49+05:30,thermal_zone6,iwlwifi_1,55000,0
2026-08-28T22:23:49+05:30,thermal_zone7,x86_pkg_temp,66000,0
2026-08-28T22:23:50+05:30,thermal_zone0,acpitz,48000,128000
2026-08-28T22:23:50+05:30,thermal_zone1,pch_cannonlake,53000,120000
2026-08-28T22:23:50+05:30,thermal_zone2,INT3400 Thermal,20000,0
2026-08-28T22:23:50+05:30,thermal_zone3,SEN1,1050,103050
2026-08-28T22:23:50+05:30,thermal_zone4,SEN2,42050,80050
2026-08-28T22:23:50+05:30,thermal_zone5,B0D4,48050,110050
2026-08-28T22:23:50+05:30,thermal_zone6,iwlwifi_1,56000,0
2026-08-28T22:23:50+05:30,thermal_zone7,x86_pkg_temp,66000,0
2026-08-28T22:23:51+05:30,thermal_zone0,acpitz,48000,128000
2026-08-28T22:23:51+05:30,thermal_zone1,pch_cannonlake,55000,120000
2026-08-28T22:23:51+05:30,thermal_zone2,INT3400 Thermal,20000,0
2026-08-28T22:23:51+05:30,thermal_zone3,SEN1,1050,103050
2026-08-28T22:23:51+05:30,thermal_zone4,SEN2,42050,80050
2026-08-28T22:23:51+05:30,thermal_zone5,B0D4,48050,110050
2026-08-28T22:23:51+05:30,thermal_zone6,iwlwifi_1,55000,0
2026-08-28T22:23:51+05:30,thermal_zone7,x86_pkg_temp,66000,0
2026-08-28T22:23:53+05:30,thermal_zone0,acpitz,48000,128000
2026-08-28T22:23:53+05:30,thermal_zone1,pch_cannonlake,54000,120000
2026-08-28T22:23:53+05:30,thermal_zone2,INT3400 Thermal,20000,0
2026-08-28T22:23:53+05:30,thermal_zone3,SEN1,1050,103050
2026-08-28T22:23:53+05:30,thermal_zone4,SEN2,42050,80050
2026-08-28T22:23:53+05:30,thermal_zone5,B0D4,48050,110050
2026-08-28T22:23:53+05:30,thermal_zone6,iwlwifi_1,56000,0
2026-08-28T22:23:53+05:30,thermal_zone7,x86_pkg_temp,66000,0
2026-08-28T22:23:54+05:30,thermal_zone0,acpitz,48000,128000
2026-08-28T22:23:54+05:30,thermal_zone1,pch_cannonlake,55000,120000
2026-08-28T22:23:54+05:30,thermal_zone2,INT3400 Thermal,20000,0
2026-08-28T22:23:54+05:30,thermal_zone3,SEN1,1050,103050
2026-08-28T22:23:54+05:30,thermal_zone4,SEN2,42050,80050
2026-08-28T22:23:54+05:30,thermal_zone5,B0D4,48050,110050
2026-08-28T22:23:54+05:30,thermal_zone6,iwlwifi_1,55000,0
2026-08-28T22:23:54+05:30,thermal_zone7,x86_pkg_temp,67000,0
2026-08-28T22:23:55+05:30,thermal_zone0,acpitz,48000,128000
2026-08-28T22:23:55+05:30,thermal_zone1,pch_cannonlake,55000,120000
2026-08-28T22:23:55+05:30,thermal_zone2,INT3400 Thermal,20000,0
2026-08-28T22:23:55+05:30,thermal_zone3,SEN1,1050,103050
2026-08-28T22:23:55+05:30,thermal_zone4,SEN2,41050,80050
2026-08-28T22:23:55+05:30,thermal_zone5,B0D4,48050,110050
2026-08-28T22:23:55+05:30,thermal_zone6,iwlwifi_1,55000,0
2026-08-28T22:23:55+05:30,thermal_zone7,x86_pkg_temp,66000,0
2026-08-28T22:23:57+05:30,thermal_zone0,acpitz,48000,128000
2026-08-28T22:23:57+05:30,thermal_zone1,pch_cannonlake,55000,120000
2026-08-28T22:23:57+05:30,thermal_zone2,INT3400 Thermal,20000,0
2026-08-28T22:23:57+05:30,thermal_zone3,SEN1,1050,103050
2026-08-28T22:23:57+05:30,thermal_zone4,SEN2,41050,80050
2026-08-28T22:23:57+05:30,thermal_zone5,B0D4,48050,110050
2026-08-28T22:23:57+05:30,thermal_zone6,iwlwifi_1,55000,0
2026-08-28T22:23:57+05:30,thermal_zone7,x86_pkg_temp,66000,0
2026-08-28T22:23:58+05:30,thermal_zone0,acpitz,48000,128000
2026-08-28T22:23:58+05:30,thermal_zone1,pch_cannonlake,55000,120000
2026-08-28T22:23:58+05:30,thermal_zone2,INT3400 Thermal,20000,0
2026-08-28T22:23:58+05:30,thermal_zone3,SEN1,1050,103050
2026-08-28T22:23:58+05:30,thermal_zone4,SEN2,41050,80050
2026-08-28T22:23:58+05:30,thermal_zone5,B0D4,48050,110050
2026-08-28T22:23:58+05:30,thermal_zone6,iwlwifi_1,55000,0
2026-08-28T22:23:58+05:30,thermal_zone7,x86_pkg_temp,65000,0
2026-08-28T22:23:59+05:30,thermal_zone0,acpitz,48000,128000
2026-08-28T22:23:59+05:30,thermal_zone1,pch_cannonlake,55000,120000
2026-08-28T22:23:59+05:30,thermal_zone2,INT3400 Thermal,20000,0
2026-08-28T22:23:59+05:30,thermal_zone3,SEN1,1050,103050
2026-08-28T22:23:59+05:30,thermal_zone4,SEN2,41050,80050
2026-08-28T22:23:59+05:30,thermal_zone5,B0D4,48050,110050
2026-08-28T22:23:59+05:30,thermal_zone6,iwlwifi_1,55000,0
2026-08-28T22:23:59+05:30,thermal_zone7,x86_pkg_temp,66000,0
2026-08-28T22:24:00+05:30,thermal_zone0,acpitz,48000,128000
2026-08-28T22:24:00+05:30,thermal_zone1,pch_cannonlake,53000,120000
2026-08-28T22:24:00+05:30,thermal_zone2,INT3400 Thermal,20000,0
2026-08-28T22:24:00+05:30,thermal_zone3,SEN1,1050,103050
2026-08-28T22:24:00+05:30,thermal_zone4,SEN2,41050,80050
2026-08-28T22:24:00+05:30,thermal_zone5,B0D4,48050,110050
2026-08-28T22:24:00+05:30,thermal_zone6,iwlwifi_1,55000,0
2026-08-28T22:24:00+05:30,thermal_zone7,x86_pkg_temp,66000,0
2026-08-28T22:24:02+05:30,thermal_zone0,acpitz,48000,128000
2026-08-28T22:24:02+05:30,thermal_zone1,pch_cannonlake,54000,120000
2026-08-28T22:24:02+05:30,thermal_zone2,INT3400 Thermal,20000,0
2026-08-28T22:24:02+05:30,thermal_zone3,SEN1,1050,103050
2026-08-28T22:24:02+05:30,thermal_zone4,SEN2,41050,80050
2026-08-28T22:24:02+05:30,thermal_zone5,B0D4,48050,110050
2026-08-28T22:24:02+05:30,thermal_zone6,iwlwifi_1,55000,0
2026-08-28T22:24:02+05:30,thermal_zone7,x86_pkg_temp,66000,0
2026-08-28T22:24:03+05:30,thermal_zone0,acpitz,48000,128000
2026-08-28T22:24:03+05:30,thermal_zone1,pch_cannonlake,54000,120000
2026-08-28T22:24:03+05:30,thermal_zone2,INT3400 Thermal,20000,0
2026-08-28T22:24:03+05:30,thermal_zone3,SEN1,1050,103050
2026-08-28T22:24:03+05:30,thermal_zone4,SEN2,41050,80050
2026-08-28T22:24:03+05:30,thermal_zone5,B0D4,48050,110050
2026-08-28T22:24:03+05:30,thermal_zone6,iwlwifi_1,55000,0
2026-08-28T22:24:03+05:30,thermal_zone7,x86_pkg_temp,67000,0
2026-08-28T22:24:04+05:30,thermal_zone0,acpitz,48000,128000
2026-08-28T22:24:04+05:30,thermal_zone1,pch_cannonlake,54000,120000
2026-08-28T22:24:04+05:30,thermal_zone2,INT3400 Thermal,20000,0
2026-08-28T22:24:04+05:30,thermal_zone3,SEN1,1050,103050
2026-08-28T22:24:04+05:30,thermal_zone4,SEN2,41050,80050
2026-08-28T22:24:04+05:30,thermal_zone5,B0D4,48050,110050
2026-08-28T22:24:04+05:30,thermal_zone6,iwlwifi_1,55000,0
2026-08-28T22:24:04+05:30,thermal_zone7,x86_pkg_temp,67000,0
2026-08-28T22:24:06+05:30,thermal_zone0,acpitz,48000,128000
2026-08-28T22:24:06+05:30,thermal_zone1,pch_cannonlake,54000,120000
2026-08-28T22:24:06+05:30,thermal_zone2,INT3400 Thermal,20000,0
2026-08-28T22:24:06+05:30,thermal_zone3,SEN1,1050,103050
2026-08-28T22:24:06+05:30,thermal_zone4,SEN2,41050,80050
2026-08-28T22:24:06+05:30,thermal_zone5,B0D4,48050,110050
2026-08-28T22:24:06+05:30,thermal_zone6,iwlwifi_1,55000,0
2026-08-28T22:24:06+05:30,thermal_zone7,x86_pkg_temp,64000,0
2026-08-28T22:24:07+05:30,thermal_zone0,acpitz,48000,128000
2026-08-28T22:24:07+05:30,thermal_zone1,pch_cannonlake,53000,120000
2026-08-28T22:24:07+05:30,thermal_zone2,INT3400 Thermal,20000,0
2026-08-28T22:24:07+05:30,thermal_zone3,SEN1,1050,103050
2026-08-28T22:24:07+05:30,thermal_zone4,SEN2,41050,80050
2026-08-28T22:24:07+05:30,thermal_zone5,B0D4,48050,110050
2026-08-28T22:24:07+05:30,thermal_zone6,iwlwifi_1,55000,0
2026-08-28T22:24:07+05:30,thermal_zone7,x86_pkg_temp,66000,0
2026-08-28T22:24:08+05:30,thermal_zone0,acpitz,48000,128000
2026-08-28T22:24:08+05:30,thermal_zone1,pch_cannonlake,53000,120000
2026-08-28T22:24:08+05:30,thermal_zone2,INT3400 Thermal,20000,0
2026-08-28T22:24:08+05:30,thermal_zone3,SEN1,1050,103050
2026-08-28T22:24:08+05:30,thermal_zone4,SEN2,41050,80050
2026-08-28T22:24:08+05:30,thermal_zone5,B0D4,48050,110050
2026-08-28T22:24:08+05:30,thermal_zone6,iwlwifi_1,55000,0
2026-08-28T22:24:08+05:30,thermal_zone7,x86_pkg_temp,67000,0
2026-08-28T22:24:10+05:30,thermal_zone0,acpitz,48000,128000
2026-08-28T22:24:10+05:30,thermal_zone1,pch_cannonlake,55000,120000
2026-08-28T22:24:10+05:30,thermal_zone2,INT3400 Thermal,20000,0
2026-08-28T22:24:10+05:30,thermal_zone3,SEN1,1050,103050
2026-08-28T22:24:10+05:30,thermal_zone4,SEN2,41050,80050
2026-08-28T22:24:10+05:30,thermal_zone5,B0D4,48050,110050
2026-08-28T22:24:10+05:30,thermal_zone6,iwlwifi_1,55000,0
2026-08-28T22:24:10+05:30,thermal_zone7,x86_pkg_temp,66000,0
2026-08-28T22:24:11+05:30,thermal_zone0,acpitz,48000,128000
2026-08-28T22:24:11+05:30,thermal_zone1,pch_cannonlake,54000,120000
2026-08-28T22:24:11+05:30,thermal_zone2,INT3400 Thermal,20000,0
2026-08-28T22:24:11+05:30,thermal_zone3,SEN1,1050,103050
2026-08-28T22:24:11+05:30,thermal_zone4,SEN2,42050,80050
2026-08-28T22:24:11+05:30,thermal_zone5,B0D4,48050,110050
2026-08-28T22:24:11+05:30,thermal_zone6,iwlwifi_1,55000,0
2026-08-28T22:24:11+05:30,thermal_zone7,x86_pkg_temp,66000,0
2026-08-28T22:24:12+05:30,thermal_zone0,acpitz,48000,128000
2026-08-28T22:24:12+05:30,thermal_zone1,pch_cannonlake,53000,120000
2026-08-28T22:24:12+05:30,thermal_zone2,INT3400 Thermal,20000,0
2026-08-28T22:24:12+05:30,thermal_zone3,SEN1,1050,103050
2026-08-28T22:24:12+05:30,thermal_zone4,SEN2,42050,80050
2026-08-28T22:24:12+05:30,thermal_zone5,B0D4,48050,110050
2026-08-28T22:24:12+05:30,thermal_zone6,iwlwifi_1,55000,0
2026-08-28T22:24:12+05:30,thermal_zone7,x86_pkg_temp,67000,0
2026-08-28T22:24:13+05:30,thermal_zone0,acpitz,48000,128000
2026-08-28T22:24:13+05:30,thermal_zone1,pch_cannonlake,55000,120000
2026-08-28T22:24:13+05:30,thermal_zone2,INT3400 Thermal,20000,0
2026-08-28T22:24:13+05:30,thermal_zone3,SEN1,1050,103050
2026-08-28T22:24:13+05:30,thermal_zone4,SEN2,42050,80050
2026-08-28T22:24:13+05:30,thermal_zone5,B0D4,48050,110050
2026-08-28T22:24:13+05:30,thermal_zone6,iwlwifi_1,55000,0
2026-08-28T22:24:13+05:30,thermal_zone7,x86_pkg_temp,64000,0
2026-08-28T22:24:15+05:30,thermal_zone0,acpitz,48000,128000
2026-08-28T22:24:15+05:30,thermal_zone1,pch_cannonlake,53000,120000
2026-08-28T22:24:15+05:30,thermal_zone2,INT3400 Thermal,20000,0
2026-08-28T22:24:15+05:30,thermal_zone3,SEN1,1050,103050
2026-08-28T22:24:15+05:30,thermal_zone4,SEN2,42050,80050
2026-08-28T22:24:15+05:30,thermal_zone5,B0D4,48050,110050
2026-08-28T22:24:15+05:30,thermal_zone6,iwlwifi_1,57000,0
2026-08-28T22:24:15+05:30,thermal_zone7,x86_pkg_temp,66000,0
2026-08-28T22:24:16+05:30,thermal_zone0,acpitz,48000,128000
2026-08-28T22:24:16+05:30,thermal_zone1,pch_cannonlake,54000,120000
2026-08-28T22:24:16+05:30,thermal_zone2,INT3400 Thermal,20000,0
2026-08-28T22:24:16+05:30,thermal_zone3,SEN1,1050,103050
2026-08-28T22:24:16+05:30,thermal_zone4,SEN2,42050,80050
2026-08-28T22:24:16+05:30,thermal_zone5,B0D4,48050,110050
2026-08-28T22:24:16+05:30,thermal_zone6,iwlwifi_1,57000,0
2026-08-28T22:24:16+05:30,thermal_zone7,x86_pkg_temp,66000,0
2026-08-28T22:24:17+05:30,thermal_zone0,acpitz,48000,128000
2026-08-28T22:24:17+05:30,thermal_zone1,pch_cannonlake,54000,120000
2026-08-28T22:24:17+05:30,thermal_zone2,INT3400 Thermal,20000,0
2026-08-28T22:24:17+05:30,thermal_zone3,SEN1,1050,103050
2026-08-28T22:24:17+05:30,thermal_zone4,SEN2,42050,80050
2026-08-28T22:24:17+05:30,thermal_zone5,B0D4,48050,110050
2026-08-28T22:24:17+05:30,thermal_zone6,iwlwifi_1,55000,0
2026-08-28T22:24:17+05:30,thermal_zone7,x86_pkg_temp,66000,0
2026-08-28T22:24:19+05:30,thermal_zone0,acpitz,48000,128000
2026-08-28T22:24:19+05:30,thermal_zone1,pch_cannonlake,55000,120000
2026-08-28T22:24:19+05:30,thermal_zone2,INT3400 Thermal,20000,0
2026-08-28T22:24:19+05:30,thermal_zone3,SEN1,1050,103050
2026-08-28T22:24:19+05:30,thermal_zone4,SEN2,42050,80050
2026-08-28T22:24:19+05:30,thermal_zone5,B0D4,48050,110050
2026-08-28T22:24:19+05:30,thermal_zone6,iwlwifi_1,55000,0
2026-08-28T22:24:19+05:30,thermal_zone7,x86_pkg_temp,66000,0
2026-08-28T22:24:20+05:30,thermal_zone0,acpitz,48000,128000
2026-08-28T22:24:20+05:30,thermal_zone1,pch_cannonlake,54000,120000
2026-08-28T22:24:20+05:30,thermal_zone2,INT3400 Thermal,20000,0
2026-08-28T22:24:20+05:30,thermal_zone3,SEN1,1050,103050
2026-08-28T22:24:20+05:30,thermal_zone4,SEN2,42050,80050
2026-08-28T22:24:20+05:30,thermal_zone5,B0D4,48050,110050
2026-08-28T22:24:20+05:30,thermal_zone6,iwlwifi_1,55000,0
2026-08-28T22:24:20+05:30,thermal_zone7,x86_pkg_temp,65000,0
2026-08-28T22:24:21+05:30,thermal_zone0,acpitz,48000,128000
2026-08-28T22:24:21+05:30,thermal_zone1,pch_cannonlake,55000,120000
2026-08-28T22:24:21+05:30,thermal_zone2,INT3400 Thermal,20000,0
2026-08-28T22:24:21+05:30,thermal_zone3,SEN1,1050,103050
2026-08-28T22:24:21+05:30,thermal_zone4,SEN2,42050,80050
2026-08-28T22:24:21+05:30,thermal_zone5,B0D4,48050,110050
2026-08-28T22:24:21+05:30,thermal_zone6,iwlwifi_1,55000,0
2026-08-28T22:24:21+05:30,thermal_zone7,x86_pkg_temp,64000,0
2026-08-28T22:24:23+05:30,thermal_zone0,acpitz,48000,128000
2026-08-28T22:24:23+05:30,thermal_zone1,pch_cannonlake,53000,120000
2026-08-28T22:24:23+05:30,thermal_zone2,INT3400 Thermal,20000,0
2026-08-28T22:24:23+05:30,thermal_zone3,SEN1,1050,103050
2026-08-28T22:24:23+05:30,thermal_zone4,SEN2,42050,80050
2026-08-28T22:24:23+05:30,thermal_zone5,B0D4,48050,110050
2026-08-28T22:24:23+05:30,thermal_zone6,iwlwifi_1,55000,0
2026-08-28T22:24:23+05:30,thermal_zone7,x86_pkg_temp,66000,0
2026-08-28T22:24:24+05:30,thermal_zone0,acpitz,48000,128000
2026-08-28T22:24:24+05:30,thermal_zone1,pch_cannonlake,54000,120000
2026-08-28T22:24:24+05:30,thermal_zone2,INT3400 Thermal,20000,0
2026-08-28T22:24:24+05:30,thermal_zone3,SEN1,1050,103050
2026-08-28T22:24:24+05:30,thermal_zone4,SEN2,42050,80050
2026-08-28T22:24:24+05:30,thermal_zone5,B0D4,48050,110050
2026-08-28T22:24:24+05:30,thermal_zone6,iwlwifi_1,56000,0
2026-08-28T22:24:24+05:30,thermal_zone7,x86_pkg_temp,66000,0
2026-08-28T22:24:25+05:30,thermal_zone0,acpitz,48000,128000
2026-08-28T22:24:25+05:30,thermal_zone1,pch_cannonlake,54000,120000
2026-08-28T22:24:25+05:30,thermal_zone2,INT3400 Thermal,20000,0
2026-08-28T22:24:25+05:30,thermal_zone3,SEN1,1050,103050
2026-08-28T22:24:25+05:30,thermal_zone4,SEN2,42050,80050
2026-08-28T22:24:25+05:30,thermal_zone5,B0D4,48050,110050
2026-08-28T22:24:25+05:30,thermal_zone6,iwlwifi_1,55000,0
2026-08-28T22:24:25+05:30,thermal_zone7,x86_pkg_temp,67000,0
2026-08-28T22:24:27+05:30,thermal_zone0,acpitz,48000,128000
2026-08-28T22:24:27+05:30,thermal_zone1,pch_cannonlake,55000,120000
2026-08-28T22:24:27+05:30,thermal_zone2,INT3400 Thermal,20000,0
2026-08-28T22:24:27+05:30,thermal_zone3,SEN1,1050,103050
2026-08-28T22:24:27+05:30,thermal_zone4,SEN2,41050,80050
2026-08-28T22:24:27+05:30,thermal_zone5,B0D4,48050,110050
2026-08-28T22:24:27+05:30,thermal_zone6,iwlwifi_1,56000,0
2026-08-28T22:24:27+05:30,thermal_zone7,x86_pkg_temp,66000,0
2026-08-28T22:24:28+05:30,thermal_zone0,acpitz,48000,128000
2026-08-28T22:24:28+05:30,thermal_zone1,pch_cannonlake,55000,120000
2026-08-28T22:24:28+05:30,thermal_zone2,INT3400 Thermal,20000,0
2026-08-28T22:24:28+05:30,thermal_zone3,SEN1,1050,103050
2026-08-28T22:24:28+05:30,thermal_zone4,SEN2,41050,80050
2026-08-28T22:24:28+05:30,thermal_zone5,B0D4,48050,110050
2026-08-28T22:24:28+05:30,thermal_zone6,iwlwifi_1,55000,0
2026-08-28T22:24:28+05:30,thermal_zone7,x86_pkg_temp,66000,0
2026-08-28T22:24:29+05:30,thermal_zone0,acpitz,48000,128000
2026-08-28T22:24:29+05:30,thermal_zone1,pch_cannonlake,54000,120000
2026-08-28T22:24:29+05:30,thermal_zone2,INT3400 Thermal,20000,0
2026-08-28T22:24:29+05:30,thermal_zone3,SEN1,1050,103050
2026-08-28T22:24:29+05:30,thermal_zone4,SEN2,41050,80050
2026-08-28T22:24:29+05:30,thermal_zone5,B0D4,48050,110050
2026-08-28T22:24:29+05:30,thermal_zone6,iwlwifi_1,56000,0
2026-08-28T22:24:29+05:30,thermal_zone7,x86_pkg_temp,65000,0
2026-08-28T22:24:31+05:30,thermal_zone0,acpitz,48000,128000
2026-08-28T22:24:31+05:30,thermal_zone1,pch_cannonlake,55000,120000
2026-08-28T22:24:31+05:30,thermal_zone2,INT3400 Thermal,20000,0
2026-08-28T22:24:31+05:30,thermal_zone3,SEN1,1050,103050
2026-08-28T22:24:31+05:30,thermal_zone4,SEN2,41050,80050
2026-08-28T22:24:31+05:30,thermal_zone5,B0D4,48050,110050
2026-08-28T22:24:31+05:30,thermal_zone6,iwlwifi_1,57000,0
2026-08-28T22:24:31+05:30,thermal_zone7,x86_pkg_temp,66000,0
2026-08-28T22:24:32+05:30,thermal_zone0,acpitz,48000,128000
2026-08-28T22:24:32+05:30,thermal_zone1,pch_cannonlake,55000,120000
2026-08-28T22:24:32+05:30,thermal_zone2,INT3400 Thermal,20000,0
2026-08-28T22:24:32+05:30,thermal_zone3,SEN1,1050,103050
2026-08-28T22:24:32+05:30,thermal_zone4,SEN2,41050,80050
2026-08-28T22:24:32+05:30,thermal_zone5,B0D4,48050,110050
2026-08-28T22:24:32+05:30,thermal_zone6,iwlwifi_1,57000,0
2026-08-28T22:24:32+05:30,thermal_zone7,x86_pkg_temp,66000,0
2026-08-28T22:24:33+05:30,thermal_zone0,acpitz,48000,128000
2026-08-28T22:24:33+05:30,thermal_zone1,pch_cannonlake,55000,120000
2026-08-28T22:24:33+05:30,thermal_zone2,INT3400 Thermal,20000,0
2026-08-28T22:24:33+05:30,thermal_zone3,SEN1,1050,103050
2026-08-28T22:24:33+05:30,thermal_zone4,SEN2,41050,80050
2026-08-28T22:24:33+05:30,thermal_zone5,B0D4,48050,110050
2026-08-28T22:24:33+05:30,thermal_zone6,iwlwifi_1,56000,0
2026-08-28T22:24:33+05:30,thermal_zone7,x86_pkg_temp,64000,0
2026-08-28T22:24:35+05:30,thermal_zone0,acpitz,48000,128000
2026-08-28T22:24:35+05:30,thermal_zone1,pch_cannonlake,55000,120000
2026-08-28T22:24:35+05:30,thermal_zone2,INT3400 Thermal,20000,0
2026-08-28T22:24:35+05:30,thermal_zone3,SEN1,1050,103050
2026-08-28T22:24:35+05:30,thermal_zone4,SEN2,41050,80050
2026-08-28T22:24:35+05:30,thermal_zone5,B0D4,48050,110050
2026-08-28T22:24:35+05:30,thermal_zone6,iwlwifi_1,55000,0
2026-08-28T22:24:35+05:30,thermal_zone7,x86_pkg_temp,65000,0
2026-08-28T22:24:36+05:30,thermal_zone0,acpitz,48000,128000
2026-08-28T22:24:36+05:30,thermal_zone1,pch_cannonlake,55000,120000
2026-08-28T22:24:36+05:30,thermal_zone2,INT3400 Thermal,20000,0
2026-08-28T22:24:36+05:30,thermal_zone3,SEN1,1050,103050
2026-08-28T22:24:36+05:30,thermal_zone4,SEN2,41050,80050
2026-08-28T22:24:36+05:30,thermal_zone5,B0D4,48050,110050
2026-08-28T22:24:36+05:30,thermal_zone6,iwlwifi_1,55000,0
2026-08-28T22:24:36+05:30,thermal_zone7,x86_pkg_temp,66000,0
2026-08-28T22:24:37+05:30,thermal_zone0,acpitz,48000,128000
2026-08-28T22:24:37+05:30,thermal_zone1,pch_cannonlake,55000,120000
2026-08-28T22:24:37+05:30,thermal_zone2,INT3400 Thermal,20000,0
2026-08-28T22:24:37+05:30,thermal_zone3,SEN1,1050,103050
2026-08-28T22:24:37+05:30,thermal_zone4,SEN2,41050,80050
2026-08-28T22:24:37+05:30,thermal_zone5,B0D4,48050,110050
2026-08-28T22:24:37+05:30,thermal_zone6,iwlwifi_1,55000,0
2026-08-28T22:24:37+05:30,thermal_zone7,x86_pkg_temp,65000,0
2026-08-28T22:24:39+05:30,thermal_zone0,acpitz,48000,128000
2026-08-28T22:24:39+05:30,thermal_zone1,pch_cannonlake,54000,120000
2026-08-28T22:24:39+05:30,thermal_zone2,INT3400 Thermal,20000,0
2026-08-28T22:24:39+05:30,thermal_zone3,SEN1,1050,103050
2026-08-28T22:24:39+05:30,thermal_zone4,SEN2,41050,80050
2026-08-28T22:24:39+05:30,thermal_zone5,B0D4,48050,110050
2026-08-28T22:24:39+05:30,thermal_zone6,iwlwifi_1,55000,0
2026-08-28T22:24:39+05:30,thermal_zone7,x86_pkg_temp,66000,0
2026-08-28T22:24:40+05:30,thermal_zone0,acpitz,48000,128000
2026-08-28T22:24:40+05:30,thermal_zone1,pch_cannonlake,55000,120000
2026-08-28T22:24:40+05:30,thermal_zone2,INT3400 Thermal,20000,0
2026-08-28T22:24:40+05:30,thermal_zone3,SEN1,1050,103050
2026-08-28T22:24:40+05:30,thermal_zone4,SEN2,41050,80050
2026-08-28T22:24:40+05:30,thermal_zone5,B0D4,48050,110050
2026-08-28T22:24:40+05:30,thermal_zone6,iwlwifi_1,55000,0
2026-08-28T22:24:40+05:30,thermal_zone7,x86_pkg_temp,66000,0
2026-08-28T22:24:41+05:30,thermal_zone0,acpitz,48000,128000
2026-08-28T22:24:41+05:30,thermal_zone1,pch_cannonlake,55000,120000
2026-08-28T22:24:41+05:30,thermal_zone2,INT3400 Thermal,20000,0
2026-08-28T22:24:41+05:30,thermal_zone3,SEN1,1050,103050
2026-08-28T22:24:41+05:30,thermal_zone4,SEN2,41050,80050
2026-08-28T22:24:41+05:30,thermal_zone5,B0D4,48050,110050
2026-08-28T22:24:41+05:30,thermal_zone6,iwlwifi_1,55000,0
2026-08-28T22:24:41+05:30,thermal_zone7,x86_pkg_temp,66000,0
2026-08-28T22:24:43+05:30,thermal_zone0,acpitz,48000,128000
2026-08-28T22:24:43+05:30,thermal_zone1,pch_cannonlake,54000,120000
2026-08-28T22:24:43+05:30,thermal_zone2,INT3400 Thermal,20000,0
2026-08-28T22:24:43+05:30,thermal_zone3,SEN1,1050,103050
2026-08-28T22:24:43+05:30,thermal_zone4,SEN2,41050,80050
2026-08-28T22:24:43+05:30,thermal_zone5,B0D4,48050,110050
2026-08-28T22:24:43+05:30,thermal_zone6,iwlwifi_1,56000,0
2026-08-28T22:24:43+05:30,thermal_zone7,x86_pkg_temp,66000,0
2026-08-28T22:24:44+05:30,thermal_zone0,acpitz,48000,128000
2026-08-28T22:24:44+05:30,thermal_zone1,pch_cannonlake,55000,120000
2026-08-28T22:24:44+05:30,thermal_zone2,INT3400 Thermal,20000,0
2026-08-28T22:24:44+05:30,thermal_zone3,SEN1,1050,103050
2026-08-28T22:24:44+05:30,thermal_zone4,SEN2,41050,80050
2026-08-28T22:24:44+05:30,thermal_zone5,B0D4,48050,110050
2026-08-28T22:24:44+05:30,thermal_zone6,iwlwifi_1,56000,0
2026-08-28T22:24:44+05:30,thermal_zone7,x86_pkg_temp,63000,0
2026-08-28T22:24:46+05:30,thermal_zone0,acpitz,48000,128000
2026-08-28T22:24:46+05:30,thermal_zone1,pch_cannonlake,54000,120000
2026-08-28T22:24:46+05:30,thermal_zone2,INT3400 Thermal,20000,0
2026-08-28T22:24:46+05:30,thermal_zone3,SEN1,1050,103050
2026-08-28T22:24:46+05:30,thermal_zone4,SEN2,41050,80050
2026-08-28T22:24:46+05:30,thermal_zone5,B0D4,48050,110050
2026-08-28T22:24:46+05:30,thermal_zone6,iwlwifi_1,55000,0
2026-08-28T22:24:46+05:30,thermal_zone7,x86_pkg_temp,63000,0
2026-08-28T22:24:47+05:30,thermal_zone0,acpitz,48000,128000
2026-08-28T22:24:47+05:30,thermal_zone1,pch_cannonlake,54000,120000
2026-08-28T22:24:47+05:30,thermal_zone2,INT3400 Thermal,20000,0
2026-08-28T22:24:47+05:30,thermal_zone3,SEN1,1050,103050
2026-08-28T22:24:47+05:30,thermal_zone4,SEN2,41050,80050
2026-08-28T22:24:47+05:30,thermal_zone5,B0D4,48050,110050
2026-08-28T22:24:47+05:30,thermal_zone6,iwlwifi_1,56000,0
2026-08-28T22:24:47+05:30,thermal_zone7,x86_pkg_temp,62000,0
2026-08-28T22:24:49+05:30,thermal_zone0,acpitz,48000,128000
2026-08-28T22:24:49+05:30,thermal_zone1,pch_cannonlake,53000,120000
2026-08-28T22:24:49+05:30,thermal_zone2,INT3400 Thermal,20000,0
2026-08-28T22:24:49+05:30,thermal_zone3,SEN1,1050,103050
2026-08-28T22:24:49+05:30,thermal_zone4,SEN2,41050,80050
2026-08-28T22:24:49+05:30,thermal_zone5,B0D4,48050,110050
2026-08-28T22:24:49+05:30,thermal_zone6,iwlwifi_1,57000,0
2026-08-28T22:24:49+05:30,thermal_zone7,x86_pkg_temp,64000,0
2026-08-28T22:24:50+05:30,thermal_zone0,acpitz,48000,128000
2026-08-28T22:24:50+05:30,thermal_zone1,pch_cannonlake,55000,120000
2026-08-28T22:24:50+05:30,thermal_zone2,INT3400 Thermal,20000,0
2026-08-28T22:24:50+05:30,thermal_zone3,SEN1,1050,103050
2026-08-28T22:24:50+05:30,thermal_zone4,SEN2,41050,80050
2026-08-28T22:24:50+05:30,thermal_zone5,B0D4,48050,110050
2026-08-28T22:24:50+05:30,thermal_zone6,iwlwifi_1,58000,0
2026-08-28T22:24:50+05:30,thermal_zone7,x86_pkg_temp,62000,0
2026-08-28T22:24:51+05:30,thermal_zone0,acpitz,48000,128000
2026-08-28T22:24:51+05:30,thermal_zone1,pch_cannonlake,55000,120000
2026-08-28T22:24:51+05:30,thermal_zone2,INT3400 Thermal,20000,0
2026-08-28T22:24:51+05:30,thermal_zone3,SEN1,1050,103050
2026-08-28T22:24:51+05:30,thermal_zone4,SEN2,41050,80050
2026-08-28T22:24:51+05:30,thermal_zone5,B0D4,48050,110050
2026-08-28T22:24:51+05:30,thermal_zone6,iwlwifi_1,57000,0
2026-08-28T22:24:51+05:30,thermal_zone7,x86_pkg_temp,64000,0
2026-08-28T22:24:52+05:30,thermal_zone0,acpitz,48000,128000
2026-08-28T22:24:52+05:30,thermal_zone1,pch_cannonlake,53000,120000
2026-08-28T22:24:52+05:30,thermal_zone2,INT3400 Thermal,20000,0
2026-08-28T22:24:52+05:30,thermal_zone3,SEN1,1050,103050
2026-08-28T22:24:52+05:30,thermal_zone4,SEN2,41050,80050
2026-08-28T22:24:52+05:30,thermal_zone5,B0D4,48050,110050
2026-08-28T22:24:52+05:30,thermal_zone6,iwlwifi_1,56000,0
2026-08-28T22:24:52+05:30,thermal_zone7,x86_pkg_temp,64000,0
2026-08-28T22:24:54+05:30,thermal_zone0,acpitz,48000,128000
2026-08-28T22:24:54+05:30,thermal_zone1,pch_cannonlake,54000,120000
2026-08-28T22:24:54+05:30,thermal_zone2,INT3400 Thermal,20000,0
2026-08-28T22:24:54+05:30,thermal_zone3,SEN1,1050,103050
2026-08-28T22:24:54+05:30,thermal_zone4,SEN2,41050,80050
2026-08-28T22:24:54+05:30,thermal_zone5,B0D4,48050,110050
2026-08-28T22:24:54+05:30,thermal_zone6,iwlwifi_1,56000,0
2026-08-28T22:24:54+05:30,thermal_zone7,x86_pkg_temp,64000,0
2026-08-28T22:24:55+05:30,thermal_zone0,acpitz,48000,128000
2026-08-28T22:24:55+05:30,thermal_zone1,pch_cannonlake,54000,120000
2026-08-28T22:24:55+05:30,thermal_zone2,INT3400 Thermal,20000,0
2026-08-28T22:24:55+05:30,thermal_zone3,SEN1,1050,103050
2026-08-28T22:24:55+05:30,thermal_zone4,SEN2,41050,80050
2026-08-28T22:24:55+05:30,thermal_zone5,B0D4,48050,110050
2026-08-28T22:24:55+05:30,thermal_zone6,iwlwifi_1,57000,0
2026-08-28T22:24:55+05:30,thermal_zone7,x86_pkg_temp,65000,0
2026-08-28T22:24:56+05:30,thermal_zone0,acpitz,48000,128000
2026-08-28T22:24:56+05:30,thermal_zone1,pch_cannonlake,54000,120000
2026-08-28T22:24:56+05:30,thermal_zone2,INT3400 Thermal,20000,0
2026-08-28T22:24:56+05:30,thermal_zone3,SEN1,1050,103050
2026-08-28T22:24:56+05:30,thermal_zone4,SEN2,41050,80050
2026-08-28T22:24:56+05:30,thermal_zone5,B0D4,48050,110050
2026-08-28T22:24:56+05:30,thermal_zone6,iwlwifi_1,56000,0
2026-08-28T22:24:56+05:30,thermal_zone7,x86_pkg_temp,66000,0
2026-08-28T22:24:57+05:30,thermal_zone0,acpitz,48000,128000
2026-08-28T22:24:57+05:30,thermal_zone1,pch_cannonlake,55000,120000
2026-08-28T22:24:57+05:30,thermal_zone2,INT3400 Thermal,20000,0
2026-08-28T22:24:57+05:30,thermal_zone3,SEN1,1050,103050
2026-08-28T22:24:57+05:30,thermal_zone4,SEN2,41050,80050
2026-08-28T22:24:57+05:30,thermal_zone5,B0D4,48050,110050
2026-08-28T22:24:57+05:30,thermal_zone6,iwlwifi_1,55000,0
2026-08-28T22:24:57+05:30,thermal_zone7,x86_pkg_temp,66000,0
2026-08-28T22:24:59+05:30,thermal_zone0,acpitz,48000,128000
2026-08-28T22:24:59+05:30,thermal_zone1,pch_cannonlake,54000,120000
2026-08-28T22:24:59+05:30,thermal_zone2,INT3400 Thermal,20000,0
2026-08-28T22:24:59+05:30,thermal_zone3,SEN1,1050,103050
2026-08-28T22:24:59+05:30,thermal_zone4,SEN2,41050,80050
2026-08-28T22:24:59+05:30,thermal_zone5,B0D4,48050,110050
2026-08-28T22:24:59+05:30,thermal_zone6,iwlwifi_1,56000,0
2026-08-28T22:24:59+05:30,thermal_zone7,x86_pkg_temp,65000,0
2026-08-28T22:25:00+05:30,thermal_zone0,acpitz,48000,128000
2026-08-28T22:25:00+05:30,thermal_zone1,pch_cannonlake,55000,120000
2026-08-28T22:25:00+05:30,thermal_zone2,INT3400 Thermal,20000,0
2026-08-28T22:25:00+05:30,thermal_zone3,SEN1,1050,103050
2026-08-28T22:25:00+05:30,thermal_zone4,SEN2,41050,80050
2026-08-28T22:25:00+05:30,thermal_zone5,B0D4,48050,110050
2026-08-28T22:25:00+05:30,thermal_zone6,iwlwifi_1,55000,0
2026-08-28T22:25:00+05:30,thermal_zone7,x86_pkg_temp,63000,0
2026-08-28T22:25:01+05:30,thermal_zone0,acpitz,48000,128000
2026-08-28T22:25:01+05:30,thermal_zone1,pch_cannonlake,55000,120000
2026-08-28T22:25:01+05:30,thermal_zone2,INT3400 Thermal,20000,0
2026-08-28T22:25:01+05:30,thermal_zone3,SEN1,1050,103050
2026-08-28T22:25:01+05:30,thermal_zone4,SEN2,41050,80050
2026-08-28T22:25:01+05:30,thermal_zone5,B0D4,48050,110050
2026-08-28T22:25:01+05:30,thermal_zone6,iwlwifi_1,55000,0
2026-08-28T22:25:01+05:30,thermal_zone7,x86_pkg_temp,64000,0
2026-08-28T22:25:02+05:30,thermal_zone0,acpitz,48000,128000
2026-08-28T22:25:02+05:30,thermal_zone1,pch_cannonlake,54000,120000
2026-08-28T22:25:02+05:30,thermal_zone2,INT3400 Thermal,20000,0
2026-08-28T22:25:02+05:30,thermal_zone3,SEN1,1050,103050
2026-08-28T22:25:02+05:30,thermal_zone4,SEN2,41050,80050
2026-08-28T22:25:02+05:30,thermal_zone5,B0D4,48050,110050
2026-08-28T22:25:02+05:30,thermal_zone6,iwlwifi_1,55000,0
2026-08-28T22:25:02+05:30,thermal_zone7,x86_pkg_temp,66000,0
2026-08-28T22:25:04+05:30,thermal_zone0,acpitz,48000,128000
2026-08-28T22:25:04+05:30,thermal_zone1,pch_cannonlake,54000,120000
2026-08-28T22:25:04+05:30,thermal_zone2,INT3400 Thermal,20000,0
2026-08-28T22:25:04+05:30,thermal_zone3,SEN1,1050,103050
2026-08-28T22:25:04+05:30,thermal_zone4,SEN2,41050,80050
2026-08-28T22:25:04+05:30,thermal_zone5,B0D4,48050,110050
2026-08-28T22:25:04+05:30,thermal_zone6,iwlwifi_1,56000,0
2026-08-28T22:25:04+05:30,thermal_zone7,x86_pkg_temp,64000,0
2026-08-28T22:25:05+05:30,thermal_zone0,acpitz,48000,128000
2026-08-28T22:25:05+05:30,thermal_zone1,pch_cannonlake,53000,120000
2026-08-28T22:25:05+05:30,thermal_zone2,INT3400 Thermal,20000,0
2026-08-28T22:25:05+05:30,thermal_zone3,SEN1,1050,103050
2026-08-28T22:25:05+05:30,thermal_zone4,SEN2,41050,80050
2026-08-28T22:25:05+05:30,thermal_zone5,B0D4,48050,110050
2026-08-28T22:25:05+05:30,thermal_zone6,iwlwifi_1,56000,0
2026-08-28T22:25:05+05:30,thermal_zone7,x86_pkg_temp,64000,0
2026-08-28T22:25:06+05:30,thermal_zone0,acpitz,48000,128000
2026-08-28T22:25:06+05:30,thermal_zone1,pch_cannonlake,53000,120000
2026-08-28T22:25:06+05:30,thermal_zone2,INT3400 Thermal,20000,0
2026-08-28T22:25:06+05:30,thermal_zone3,SEN1,1050,103050
2026-08-28T22:25:06+05:30,thermal_zone4,SEN2,41050,80050
2026-08-28T22:25:06+05:30,thermal_zone5,B0D4,48050,110050
2026-08-28T22:25:06+05:30,thermal_zone6,iwlwifi_1,56000,0
2026-08-28T22:25:06+05:30,thermal_zone7,x86_pkg_temp,65000,0
2026-08-28T22:25:08+05:30,thermal_zone0,acpitz,48000,128000
2026-08-28T22:25:08+05:30,thermal_zone1,pch_cannonlake,55000,120000
2026-08-28T22:25:08+05:30,thermal_zone2,INT3400 Thermal,20000,0
2026-08-28T22:25:08+05:30,thermal_zone3,SEN1,1050,103050
2026-08-28T22:25:08+05:30,thermal_zone4,SEN2,41050,80050
2026-08-28T22:25:08+05:30,thermal_zone5,B0D4,48050,110050
2026-08-28T22:25:08+05:30,thermal_zone6,iwlwifi_1,55000,0
2026-08-28T22:25:08+05:30,thermal_zone7,x86_pkg_temp,65000,0
2026-08-28T22:25:09+05:30,thermal_zone0,acpitz,48000,128000
2026-08-28T22:25:09+05:30,thermal_zone1,pch_cannonlake,55000,120000
2026-08-28T22:25:09+05:30,thermal_zone2,INT3400 Thermal,20000,0
2026-08-28T22:25:09+05:30,thermal_zone3,SEN1,1050,103050
2026-08-28T22:25:09+05:30,thermal_zone4,SEN2,41050,80050
2026-08-28T22:25:09+05:30,thermal_zone5,B0D4,48050,110050
2026-08-28T22:25:09+05:30,thermal_zone6,iwlwifi_1,55000,0
2026-08-28T22:25:09+05:30,thermal_zone7,x86_pkg_temp,64000,0
2026-08-28T22:25:10+05:30,thermal_zone0,acpitz,48000,128000
2026-08-28T22:25:10+05:30,thermal_zone1,pch_cannonlake,55000,120000
2026-08-28T22:25:10+05:30,thermal_zone2,INT3400 Thermal,20000,0
2026-08-28T22:25:10+05:30,thermal_zone3,SEN1,1050,103050
2026-08-28T22:25:10+05:30,thermal_zone4,SEN2,41050,80050
2026-08-28T22:25:10+05:30,thermal_zone5,B0D4,48050,110050
2026-08-28T22:25:10+05:30,thermal_zone6,iwlwifi_1,56000,0
2026-08-28T22:25:10+05:30,thermal_zone7,x86_pkg_temp,64000,0
2026-08-28T22:25:11+05:30,thermal_zone0,acpitz,48000,128000
2026-08-28T22:25:11+05:30,thermal_zone1,pch_cannonlake,54000,120000
2026-08-28T22:25:11+05:30,thermal_zone2,INT3400 Thermal,20000,0
2026-08-28T22:25:11+05:30,thermal_zone3,SEN1,1050,103050
2026-08-28T22:25:11+05:30,thermal_zone4,SEN2,41050,80050
2026-08-28T22:25:11+05:30,thermal_zone5,B0D4,48050,110050
2026-08-28T22:25:11+05:30,thermal_zone6,iwlwifi_1,55000,0
2026-08-28T22:25:11+05:30,thermal_zone7,x86_pkg_temp,65000,0
2026-08-28T22:25:13+05:30,thermal_zone0,acpitz,48000,128000
2026-08-28T22:25:13+05:30,thermal_zone1,pch_cannonlake,55000,120000
2026-08-28T22:25:13+05:30,thermal_zone2,INT3400 Thermal,20000,0
2026-08-28T22:25:13+05:30,thermal_zone3,SEN1,1050,103050
2026-08-28T22:25:13+05:30,thermal_zone4,SEN2,41050,80050
2026-08-28T22:25:13+05:30,thermal_zone5,B0D4,48050,110050
2026-08-28T22:25:13+05:30,thermal_zone6,iwlwifi_1,57000,0
2026-08-28T22:25:13+05:30,thermal_zone7,x86_pkg_temp,66000,0
2026-08-28T22:25:14+05:30,thermal_zone0,acpitz,48000,128000
2026-08-28T22:25:14+05:30,thermal_zone1,pch_cannonlake,53000,120000
2026-08-28T22:25:14+05:30,thermal_zone2,INT3400 Thermal,20000,0
2026-08-28T22:25:14+05:30,thermal_zone3,SEN1,1050,103050
2026-08-28T22:25:14+05:30,thermal_zone4,SEN2,41050,80050
2026-08-28T22:25:14+05:30,thermal_zone5,B0D4,48050,110050
2026-08-28T22:25:14+05:30,thermal_zone6,iwlwifi_1,55000,0
2026-08-28T22:25:14+05:30,thermal_zone7,x86_pkg_temp,65000,0
2026-08-28T22:25:15+05:30,thermal_zone0,acpitz,48000,128000
2026-08-28T22:25:15+05:30,thermal_zone1,pch_cannonlake,55000,120000
2026-08-28T22:25:15+05:30,thermal_zone2,INT3400 Thermal,20000,0
2026-08-28T22:25:15+05:30,thermal_zone3,SEN1,1050,103050
2026-08-28T22:25:15+05:30,thermal_zone4,SEN2,41050,80050
2026-08-28T22:25:15+05:30,thermal_zone5,B0D4,48050,110050
2026-08-28T22:25:15+05:30,thermal_zone6,iwlwifi_1,56000,0
2026-08-28T22:25:15+05:30,thermal_zone7,x86_pkg_temp,65000,0
2026-08-28T22:25:16+05:30,thermal_zone0,acpitz,48000,128000
2026-08-28T22:25:16+05:30,thermal_zone1,pch_cannonlake,55000,120000
2026-08-28T22:25:16+05:30,thermal_zone2,INT3400 Thermal,20000,0
2026-08-28T22:25:16+05:30,thermal_zone3,SEN1,1050,103050
2026-08-28T22:25:16+05:30,thermal_zone4,SEN2,41050,80050
2026-08-28T22:25:16+05:30,thermal_zone5,B0D4,48050,110050
2026-08-28T22:25:16+05:30,thermal_zone6,iwlwifi_1,56000,0
2026-08-28T22:25:16+05:30,thermal_zone7,x86_pkg_temp,64000,0
2026-08-28T22:25:18+05:30,thermal_zone0,acpitz,48000,128000
2026-08-28T22:25:18+05:30,thermal_zone1,pch_cannonlake,55000,120000
2026-08-28T22:25:18+05:30,thermal_zone2,INT3400 Thermal,20000,0
2026-08-28T22:25:18+05:30,thermal_zone3,SEN1,1050,103050
2026-08-28T22:25:18+05:30,thermal_zone4,SEN2,41050,80050
2026-08-28T22:25:18+05:30,thermal_zone5,B0D4,48050,110050
2026-08-28T22:25:18+05:30,thermal_zone6,iwlwifi_1,56000,0
2026-08-28T22:25:18+05:30,thermal_zone7,x86_pkg_temp,65000,0
2026-08-28T22:25:19+05:30,thermal_zone0,acpitz,48000,128000
2026-08-28T22:25:19+05:30,thermal_zone1,pch_cannonlake,55000,120000
2026-08-28T22:25:19+05:30,thermal_zone2,INT3400 Thermal,20000,0
2026-08-28T22:25:19+05:30,thermal_zone3,SEN1,1050,103050
2026-08-28T22:25:19+05:30,thermal_zone4,SEN2,41050,80050
2026-08-28T22:25:19+05:30,thermal_zone5,B0D4,48050,110050
2026-08-28T22:25:19+05:30,thermal_zone6,iwlwifi_1,56000,0
2026-08-28T22:25:19+05:30,thermal_zone7,x86_pkg_temp,62000,0
2026-08-28T22:25:21+05:30,thermal_zone0,acpitz,48000,128000
2026-08-28T22:25:21+05:30,thermal_zone1,pch_cannonlake,55000,120000
2026-08-28T22:25:21+05:30,thermal_zone2,INT3400 Thermal,20000,0
2026-08-28T22:25:21+05:30,thermal_zone3,SEN1,1050,103050
2026-08-28T22:25:21+05:30,thermal_zone4,SEN2,41050,80050
2026-08-28T22:25:21+05:30,thermal_zone5,B0D4,48050,110050
2026-08-28T22:25:21+05:30,thermal_zone6,iwlwifi_1,55000,0
2026-08-28T22:25:21+05:30,thermal_zone7,x86_pkg_temp,63000,0
2026-08-28T22:25:22+05:30,thermal_zone0,acpitz,48000,128000
2026-08-28T22:25:22+05:30,thermal_zone1,pch_cannonlake,55000,120000
2026-08-28T22:25:22+05:30,thermal_zone2,INT3400 Thermal,20000,0
2026-08-28T22:25:22+05:30,thermal_zone3,SEN1,1050,103050
2026-08-28T22:25:22+05:30,thermal_zone4,SEN2,41050,80050
2026-08-28T22:25:22+05:30,thermal_zone5,B0D4,48050,110050
2026-08-28T22:25:22+05:30,thermal_zone6,iwlwifi_1,55000,0
2026-08-28T22:25:22+05:30,thermal_zone7,x86_pkg_temp,64000,0
2026-08-28T22:25:24+05:30,thermal_zone0,acpitz,48000,128000
2026-08-28T22:25:24+05:30,thermal_zone1,pch_cannonlake,56000,120000
2026-08-28T22:25:24+05:30,thermal_zone2,INT3400 Thermal,20000,0
2026-08-28T22:25:24+05:30,thermal_zone3,SEN1,1050,103050
2026-08-28T22:25:24+05:30,thermal_zone4,SEN2,41050,80050
2026-08-28T22:25:24+05:30,thermal_zone5,B0D4,48050,110050
2026-08-28T22:25:24+05:30,thermal_zone6,iwlwifi_1,56000,0
2026-08-28T22:25:24+05:30,thermal_zone7,x86_pkg_temp,64000,0
2026-08-28T22:25:25+05:30,thermal_zone0,acpitz,48000,128000
2026-08-28T22:25:25+05:30,thermal_zone1,pch_cannonlake,55000,120000
2026-08-28T22:25:25+05:30,thermal_zone2,INT3400 Thermal,20000,0
2026-08-28T22:25:25+05:30,thermal_zone3,SEN1,1050,103050
2026-08-28T22:25:25+05:30,thermal_zone4,SEN2,41050,80050
2026-08-28T22:25:25+05:30,thermal_zone5,B0D4,48050,110050
2026-08-28T22:25:25+05:30,thermal_zone6,iwlwifi_1,57000,0
2026-08-28T22:25:25+05:30,thermal_zone7,x86_pkg_temp,64000,0
2026-08-28T22:25:27+05:30,thermal_zone0,acpitz,48000,128000
2026-08-28T22:25:27+05:30,thermal_zone1,pch_cannonlake,54000,120000
2026-08-28T22:25:27+05:30,thermal_zone2,INT3400 Thermal,20000,0
2026-08-28T22:25:27+05:30,thermal_zone3,SEN1,1050,103050
2026-08-28T22:25:27+05:30,thermal_zone4,SEN2,41050,80050
2026-08-28T22:25:27+05:30,thermal_zone5,B0D4,48050,110050
2026-08-28T22:25:27+05:30,thermal_zone6,iwlwifi_1,55000,0
2026-08-28T22:25:27+05:30,thermal_zone7,x86_pkg_temp,64000,0
2026-08-28T22:25:28+05:30,thermal_zone0,acpitz,48000,128000
2026-08-28T22:25:28+05:30,thermal_zone1,pch_cannonlake,55000,120000
2026-08-28T22:25:28+05:30,thermal_zone2,INT3400 Thermal,20000,0
2026-08-28T22:25:28+05:30,thermal_zone3,SEN1,1050,103050
2026-08-28T22:25:28+05:30,thermal_zone4,SEN2,41050,80050
2026-08-28T22:25:28+05:30,thermal_zone5,B0D4,48050,110050
2026-08-28T22:25:28+05:30,thermal_zone6,iwlwifi_1,57000,0
2026-08-28T22:25:28+05:30,thermal_zone7,x86_pkg_temp,64000,0
2026-08-28T22:25:29+05:30,thermal_zone0,acpitz,48000,128000
2026-08-28T22:25:29+05:30,thermal_zone1,pch_cannonlake,55000,120000
2026-08-28T22:25:29+05:30,thermal_zone2,INT3400 Thermal,20000,0
2026-08-28T22:25:29+05:30,thermal_zone3,SEN1,1050,103050
2026-08-28T22:25:29+05:30,thermal_zone4,SEN2,41050,80050
2026-08-28T22:25:29+05:30,thermal_zone5,B0D4,48050,110050
2026-08-28T22:25:29+05:30,thermal_zone6,iwlwifi_1,56000,0
2026-08-28T22:25:29+05:30,thermal_zone7,x86_pkg_temp,64000,0
2026-08-28T22:25:31+05:30,thermal_zone0,acpitz,48000,128000
2026-08-28T22:25:31+05:30,thermal_zone1,pch_cannonlake,55000,120000
2026-08-28T22:25:31+05:30,thermal_zone2,INT3400 Thermal,20000,0
2026-08-28T22:25:31+05:30,thermal_zone3,SEN1,1050,103050
2026-08-28T22:25:31+05:30,thermal_zone4,SEN2,41050,80050
2026-08-28T22:25:31+05:30,thermal_zone5,B0D4,48050,110050
2026-08-28T22:25:31+05:30,thermal_zone6,iwlwifi_1,55000,0
2026-08-28T22:25:31+05:30,thermal_zone7,x86_pkg_temp,66000,0
2026-08-28T22:25:32+05:30,thermal_zone0,acpitz,48000,128000
2026-08-28T22:25:32+05:30,thermal_zone1,pch_cannonlake,55000,120000
2026-08-28T22:25:32+05:30,thermal_zone2,INT3400 Thermal,20000,0
2026-08-28T22:25:32+05:30,thermal_zone3,SEN1,1050,103050
2026-08-28T22:25:32+05:30,thermal_zone4,SEN2,41050,80050
2026-08-28T22:25:32+05:30,thermal_zone5,B0D4,48050,110050
2026-08-28T22:25:32+05:30,thermal_zone6,iwlwifi_1,56000,0
2026-08-28T22:25:32+05:30,thermal_zone7,x86_pkg_temp,64000,0
2026-08-28T22:25:33+05:30,thermal_zone0,acpitz,48000,128000
2026-08-28T22:25:33+05:30,thermal_zone1,pch_cannonlake,54000,120000
2026-08-28T22:25:33+05:30,thermal_zone2,INT3400 Thermal,20000,0
2026-08-28T22:25:33+05:30,thermal_zone3,SEN1,1050,103050
2026-08-28T22:25:33+05:30,thermal_zone4,SEN2,41050,80050
2026-08-28T22:25:33+05:30,thermal_zone5,B0D4,48050,110050
2026-08-28T22:25:33+05:30,thermal_zone6,iwlwifi_1,55000,0
2026-08-28T22:25:33+05:30,thermal_zone7,x86_pkg_temp,64000,0
2026-08-28T22:25:34+05:30,thermal_zone0,acpitz,48000,128000
2026-08-28T22:25:34+05:30,thermal_zone1,pch_cannonlake,54000,120000
2026-08-28T22:25:34+05:30,thermal_zone2,INT3400 Thermal,20000,0
2026-08-28T22:25:34+05:30,thermal_zone3,SEN1,1050,103050
2026-08-28T22:25:34+05:30,thermal_zone4,SEN2,41050,80050
2026-08-28T22:25:34+05:30,thermal_zone5,B0D4,48050,110050
2026-08-28T22:25:34+05:30,thermal_zone6,iwlwifi_1,55000,0
2026-08-28T22:25:34+05:30,thermal_zone7,x86_pkg_temp,65000,0
2026-08-28T22:25:36+05:30,thermal_zone0,acpitz,48000,128000
2026-08-28T22:25:36+05:30,thermal_zone1,pch_cannonlake,54000,120000
2026-08-28T22:25:36+05:30,thermal_zone2,INT3400 Thermal,20000,0
2026-08-28T22:25:36+05:30,thermal_zone3,SEN1,1050,103050
2026-08-28T22:25:36+05:30,thermal_zone4,SEN2,41050,80050
2026-08-28T22:25:36+05:30,thermal_zone5,B0D4,48050,110050
2026-08-28T22:25:36+05:30,thermal_zone6,iwlwifi_1,55000,0
2026-08-28T22:25:36+05:30,thermal_zone7,x86_pkg_temp,66000,0
2026-08-28T22:25:37+05:30,thermal_zone0,acpitz,48000,128000
2026-08-28T22:25:37+05:30,thermal_zone1,pch_cannonlake,56000,120000
2026-08-28T22:25:37+05:30,thermal_zone2,INT3400 Thermal,20000,0
2026-08-28T22:25:37+05:30,thermal_zone3,SEN1,1050,103050
2026-08-28T22:25:37+05:30,thermal_zone4,SEN2,41050,80050
2026-08-28T22:25:37+05:30,thermal_zone5,B0D4,48050,110050
2026-08-28T22:25:37+05:30,thermal_zone6,iwlwifi_1,55000,0
2026-08-28T22:25:37+05:30,thermal_zone7,x86_pkg_temp,64000,0
2026-08-28T22:25:38+05:30,thermal_zone0,acpitz,48000,128000
2026-08-28T22:25:38+05:30,thermal_zone1,pch_cannonlake,55000,120000
2026-08-28T22:25:38+05:30,thermal_zone2,INT3400 Thermal,20000,0
2026-08-28T22:25:38+05:30,thermal_zone3,SEN1,1050,103050
2026-08-28T22:25:38+05:30,thermal_zone4,SEN2,41050,80050
2026-08-28T22:25:38+05:30,thermal_zone5,B0D4,48050,110050
2026-08-28T22:25:38+05:30,thermal_zone6,iwlwifi_1,55000,0
2026-08-28T22:25:38+05:30,thermal_zone7,x86_pkg_temp,65000,0
2026-08-28T22:25:39+05:30,thermal_zone0,acpitz,48000,128000
2026-08-28T22:25:39+05:30,thermal_zone1,pch_cannonlake,55000,120000
2026-08-28T22:25:39+05:30,thermal_zone2,INT3400 Thermal,20000,0
2026-08-28T22:25:39+05:30,thermal_zone3,SEN1,1050,103050
2026-08-28T22:25:39+05:30,thermal_zone4,SEN2,41050,80050
2026-08-28T22:25:39+05:30,thermal_zone5,B0D4,48050,110050
2026-08-28T22:25:39+05:30,thermal_zone6,iwlwifi_1,55000,0
2026-08-28T22:25:39+05:30,thermal_zone7,x86_pkg_temp,64000,0
2026-08-28T22:25:41+05:30,thermal_zone0,acpitz,48000,128000
2026-08-28T22:25:41+05:30,thermal_zone1,pch_cannonlake,55000,120000
2026-08-28T22:25:41+05:30,thermal_zone2,INT3400 Thermal,20000,0
2026-08-28T22:25:41+05:30,thermal_zone3,SEN1,1050,103050
2026-08-28T22:25:41+05:30,thermal_zone4,SEN2,41050,80050
2026-08-28T22:25:41+05:30,thermal_zone5,B0D4,48050,110050
2026-08-28T22:25:41+05:30,thermal_zone6,iwlwifi_1,55000,0
2026-08-28T22:25:41+05:30,thermal_zone7,x86_pkg_temp,65000,0
2026-08-28T22:25:42+05:30,thermal_zone0,acpitz,48000,128000
2026-08-28T22:25:42+05:30,thermal_zone1,pch_cannonlake,55000,120000
2026-08-28T22:25:42+05:30,thermal_zone2,INT3400 Thermal,20000,0
2026-08-28T22:25:42+05:30,thermal_zone3,SEN1,1050,103050
2026-08-28T22:25:42+05:30,thermal_zone4,SEN2,41050,80050
2026-08-28T22:25:42+05:30,thermal_zone5,B0D4,48050,110050
2026-08-28T22:25:42+05:30,thermal_zone6,iwlwifi_1,55000,0
2026-08-28T22:25:42+05:30,thermal_zone7,x86_pkg_temp,66000,0
2026-08-28T22:25:43+05:30,thermal_zone0,acpitz,48000,128000
2026-08-28T22:25:43+05:30,thermal_zone1,pch_cannonlake,54000,120000
2026-08-28T22:25:43+05:30,thermal_zone2,INT3400 Thermal,20000,0
2026-08-28T22:25:43+05:30,thermal_zone3,SEN1,1050,103050
2026-08-28T22:25:43+05:30,thermal_zone4,SEN2,41050,80050
2026-08-28T22:25:43+05:30,thermal_zone5,B0D4,48050,110050
2026-08-28T22:25:43+05:30,thermal_zone6,iwlwifi_1,55000,0
2026-08-28T22:25:43+05:30,thermal_zone7,x86_pkg_temp,64000,0
2026-08-28T22:25:44+05:30,thermal_zone0,acpitz,48000,128000
2026-08-28T22:25:44+05:30,thermal_zone1,pch_cannonlake,54000,120000
2026-08-28T22:25:44+05:30,thermal_zone2,INT3400 Thermal,20000,0
2026-08-28T22:25:44+05:30,thermal_zone3,SEN1,1050,103050
2026-08-28T22:25:44+05:30,thermal_zone4,SEN2,41050,80050
2026-08-28T22:25:44+05:30,thermal_zone5,B0D4,48050,110050
2026-08-28T22:25:44+05:30,thermal_zone6,iwlwifi_1,55000,0
2026-08-28T22:25:44+05:30,thermal_zone7,x86_pkg_temp,65000,0
2026-08-28T22:25:46+05:30,thermal_zone0,acpitz,48000,128000
2026-08-28T22:25:46+05:30,thermal_zone1,pch_cannonlake,54000,120000
2026-08-28T22:25:46+05:30,thermal_zone2,INT3400 Thermal,20000,0
2026-08-28T22:25:46+05:30,thermal_zone3,SEN1,1050,103050
2026-08-28T22:25:46+05:30,thermal_zone4,SEN2,41050,80050
2026-08-28T22:25:46+05:30,thermal_zone5,B0D4,48050,110050
2026-08-28T22:25:46+05:30,thermal_zone6,iwlwifi_1,55000,0
2026-08-28T22:25:46+05:30,thermal_zone7,x86_pkg_temp,64000,0
2026-08-28T22:25:47+05:30,thermal_zone0,acpitz,48000,128000
2026-08-28T22:25:47+05:30,thermal_zone1,pch_cannonlake,54000,120000
2026-08-28T22:25:47+05:30,thermal_zone2,INT3400 Thermal,20000,0
2026-08-28T22:25:47+05:30,thermal_zone3,SEN1,1050,103050
2026-08-28T22:25:47+05:30,thermal_zone4,SEN2,41050,80050
2026-08-28T22:25:47+05:30,thermal_zone5,B0D4,48050,110050
2026-08-28T22:25:47+05:30,thermal_zone6,iwlwifi_1,55000,0
2026-08-28T22:25:47+05:30,thermal_zone7,x86_pkg_temp,62000,0
2026-08-28T22:25:48+05:30,thermal_zone0,acpitz,48000,128000
2026-08-28T22:25:48+05:30,thermal_zone1,pch_cannonlake,55000,120000
2026-08-28T22:25:48+05:30,thermal_zone2,INT3400 Thermal,20000,0
2026-08-28T22:25:48+05:30,thermal_zone3,SEN1,1050,103050
2026-08-28T22:25:48+05:30,thermal_zone4,SEN2,42050,80050
2026-08-28T22:25:48+05:30,thermal_zone5,B0D4,48050,110050
2026-08-28T22:25:48+05:30,thermal_zone6,iwlwifi_1,55000,0
2026-08-28T22:25:48+05:30,thermal_zone7,x86_pkg_temp,64000,0
2026-08-28T22:25:50+05:30,thermal_zone0,acpitz,48000,128000
2026-08-28T22:25:50+05:30,thermal_zone1,pch_cannonlake,55000,120000
2026-08-28T22:25:50+05:30,thermal_zone2,INT3400 Thermal,20000,0
2026-08-28T22:25:50+05:30,thermal_zone3,SEN1,1050,103050
2026-08-28T22:25:50+05:30,thermal_zone4,SEN2,42050,80050
2026-08-28T22:25:50+05:30,thermal_zone5,B0D4,48050,110050
2026-08-28T22:25:50+05:30,thermal_zone6,iwlwifi_1,55000,0
2026-08-28T22:25:50+05:30,thermal_zone7,x86_pkg_temp,65000,0
2026-08-28T22:25:51+05:30,thermal_zone0,acpitz,48000,128000
2026-08-28T22:25:51+05:30,thermal_zone1,pch_cannonlake,53000,120000
2026-08-28T22:25:51+05:30,thermal_zone2,INT3400 Thermal,20000,0
2026-08-28T22:25:51+05:30,thermal_zone3,SEN1,1050,103050
2026-08-28T22:25:51+05:30,thermal_zone4,SEN2,42050,80050
2026-08-28T22:25:51+05:30,thermal_zone5,B0D4,48050,110050
2026-08-28T22:25:51+05:30,thermal_zone6,iwlwifi_1,55000,0
2026-08-28T22:25:51+05:30,thermal_zone7,x86_pkg_temp,64000,0
2026-08-28T22:25:52+05:30,thermal_zone0,acpitz,48000,128000
2026-08-28T22:25:52+05:30,thermal_zone1,pch_cannonlake,54000,120000
2026-08-28T22:25:52+05:30,thermal_zone2,INT3400 Thermal,20000,0
2026-08-28T22:25:52+05:30,thermal_zone3,SEN1,1050,103050
2026-08-28T22:25:52+05:30,thermal_zone4,SEN2,42050,80050
2026-08-28T22:25:52+05:30,thermal_zone5,B0D4,48050,110050
2026-08-28T22:25:52+05:30,thermal_zone6,iwlwifi_1,55000,0
2026-08-28T22:25:52+05:30,thermal_zone7,x86_pkg_temp,66000,0
2026-08-28T22:25:53+05:30,thermal_zone0,acpitz,48000,128000
2026-08-28T22:25:53+05:30,thermal_zone1,pch_cannonlake,55000,120000
2026-08-28T22:25:53+05:30,thermal_zone2,INT3400 Thermal,20000,0
2026-08-28T22:25:53+05:30,thermal_zone3,SEN1,1050,103050
2026-08-28T22:25:53+05:30,thermal_zone4,SEN2,42050,80050
2026-08-28T22:25:53+05:30,thermal_zone5,B0D4,48050,110050
2026-08-28T22:25:53+05:30,thermal_zone6,iwlwifi_1,55000,0
2026-08-28T22:25:53+05:30,thermal_zone7,x86_pkg_temp,65000,0
2026-08-28T22:25:55+05:30,thermal_zone0,acpitz,48000,128000
2026-08-28T22:25:55+05:30,thermal_zone1,pch_cannonlake,54000,120000
2026-08-28T22:25:55+05:30,thermal_zone2,INT3400 Thermal,20000,0
2026-08-28T22:25:55+05:30,thermal_zone3,SEN1,1050,103050
2026-08-28T22:25:55+05:30,thermal_zone4,SEN2,42050,80050
2026-08-28T22:25:55+05:30,thermal_zone5,B0D4,48050,110050
2026-08-28T22:25:55+05:30,thermal_zone6,iwlwifi_1,55000,0
2026-08-28T22:25:55+05:30,thermal_zone7,x86_pkg_temp,65000,0
2026-08-28T22:25:56+05:30,thermal_zone0,acpitz,48000,128000
2026-08-28T22:25:56+05:30,thermal_zone1,pch_cannonlake,53000,120000
2026-08-28T22:25:56+05:30,thermal_zone2,INT3400 Thermal,20000,0
2026-08-28T22:25:56+05:30,thermal_zone3,SEN1,1050,103050
2026-08-28T22:25:56+05:30,thermal_zone4,SEN2,42050,80050
2026-08-28T22:25:56+05:30,thermal_zone5,B0D4,48050,110050
2026-08-28T22:25:56+05:30,thermal_zone6,iwlwifi_1,55000,0
2026-08-28T22:25:56+05:30,thermal_zone7,x86_pkg_temp,64000,0
2026-08-28T22:25:57+05:30,thermal_zone0,acpitz,48000,128000
2026-08-28T22:25:57+05:30,thermal_zone1,pch_cannonlake,54000,120000
2026-08-28T22:25:57+05:30,thermal_zone2,INT3400 Thermal,20000,0
2026-08-28T22:25:57+05:30,thermal_zone3,SEN1,1050,103050
2026-08-28T22:25:57+05:30,thermal_zone4,SEN2,42050,80050
2026-08-28T22:25:57+05:30,thermal_zone5,B0D4,48050,110050
2026-08-28T22:25:57+05:30,thermal_zone6,iwlwifi_1,55000,0
2026-08-28T22:25:57+05:30,thermal_zone7,x86_pkg_temp,66000,0
2026-08-28T22:25:59+05:30,thermal_zone0,acpitz,48000,128000
2026-08-28T22:25:59+05:30,thermal_zone1,pch_cannonlake,55000,120000
2026-08-28T22:25:59+05:30,thermal_zone2,INT3400 Thermal,20000,0
2026-08-28T22:25:59+05:30,thermal_zone3,SEN1,1050,103050
2026-08-28T22:25:59+05:30,thermal_zone4,SEN2,42050,80050
2026-08-28T22:25:59+05:30,thermal_zone5,B0D4,48050,110050
2026-08-28T22:25:59+05:30,thermal_zone6,iwlwifi_1,57000,0
2026-08-28T22:25:59+05:30,thermal_zone7,x86_pkg_temp,66000,0
2026-08-28T22:26:00+05:30,thermal_zone0,acpitz,48000,128000
2026-08-28T22:26:00+05:30,thermal_zone1,pch_cannonlake,54000,120000
2026-08-28T22:26:00+05:30,thermal_zone2,INT3400 Thermal,20000,0
2026-08-28T22:26:00+05:30,thermal_zone3,SEN1,1050,103050
2026-08-28T22:26:00+05:30,thermal_zone4,SEN2,42050,80050
2026-08-28T22:26:00+05:30,thermal_zone5,B0D4,48050,110050
2026-08-28T22:26:00+05:30,thermal_zone6,iwlwifi_1,57000,0
2026-08-28T22:26:00+05:30,thermal_zone7,x86_pkg_temp,64000,0
2026-08-28T22:26:01+05:30,thermal_zone0,acpitz,48000,128000
2026-08-28T22:26:01+05:30,thermal_zone1,pch_cannonlake,54000,120000
2026-08-28T22:26:01+05:30,thermal_zone2,INT3400 Thermal,20000,0
2026-08-28T22:26:01+05:30,thermal_zone3,SEN1,1050,103050
2026-08-28T22:26:01+05:30,thermal_zone4,SEN2,42050,80050
2026-08-28T22:26:01+05:30,thermal_zone5,B0D4,48050,110050
2026-08-28T22:26:01+05:30,thermal_zone6,iwlwifi_1,55000,0
2026-08-28T22:26:01+05:30,thermal_zone7,x86_pkg_temp,66000,0
2026-08-28T22:26:02+05:30,thermal_zone0,acpitz,48000,128000
2026-08-28T22:26:02+05:30,thermal_zone1,pch_cannonlake,53000,120000
2026-08-28T22:26:02+05:30,thermal_zone2,INT3400 Thermal,20000,0
2026-08-28T22:26:02+05:30,thermal_zone3,SEN1,1050,103050
2026-08-28T22:26:02+05:30,thermal_zone4,SEN2,42050,80050
2026-08-28T22:26:02+05:30,thermal_zone5,B0D4,48050,110050
2026-08-28T22:26:02+05:30,thermal_zone6,iwlwifi_1,55000,0
2026-08-28T22:26:02+05:30,thermal_zone7,x86_pkg_temp,65000,0
2026-08-28T22:26:04+05:30,thermal_zone0,acpitz,48000,128000
2026-08-28T22:26:04+05:30,thermal_zone1,pch_cannonlake,55000,120000
2026-08-28T22:26:04+05:30,thermal_zone2,INT3400 Thermal,20000,0
2026-08-28T22:26:04+05:30,thermal_zone3,SEN1,1050,103050
2026-08-28T22:26:04+05:30,thermal_zone4,SEN2,42050,80050
2026-08-28T22:26:04+05:30,thermal_zone5,B0D4,48050,110050
2026-08-28T22:26:04+05:30,thermal_zone6,iwlwifi_1,57000,0
2026-08-28T22:26:04+05:30,thermal_zone7,x86_pkg_temp,64000,0
2026-08-28T22:26:05+05:30,thermal_zone0,acpitz,48000,128000
2026-08-28T22:26:05+05:30,thermal_zone1,pch_cannonlake,55000,120000
2026-08-28T22:26:05+05:30,thermal_zone2,INT3400 Thermal,20000,0
2026-08-28T22:26:05+05:30,thermal_zone3,SEN1,1050,103050
2026-08-28T22:26:05+05:30,thermal_zone4,SEN2,42050,80050
2026-08-28T22:26:05+05:30,thermal_zone5,B0D4,48050,110050
2026-08-28T22:26:05+05:30,thermal_zone6,iwlwifi_1,56000,0
2026-08-28T22:26:05+05:30,thermal_zone7,x86_pkg_temp,66000,0
2026-08-28T22:26:06+05:30,thermal_zone0,acpitz,48000,128000
2026-08-28T22:26:06+05:30,thermal_zone1,pch_cannonlake,55000,120000
2026-08-28T22:26:06+05:30,thermal_zone2,INT3400 Thermal,20000,0
2026-08-28T22:26:06+05:30,thermal_zone3,SEN1,1050,103050
2026-08-28T22:26:06+05:30,thermal_zone4,SEN2,42050,80050
2026-08-28T22:26:06+05:30,thermal_zone5,B0D4,48050,110050
2026-08-28T22:26:06+05:30,thermal_zone6,iwlwifi_1,55000,0
2026-08-28T22:26:06+05:30,thermal_zone7,x86_pkg_temp,66000,0
2026-08-28T22:26:07+05:30,thermal_zone0,acpitz,48000,128000
2026-08-28T22:26:07+05:30,thermal_zone1,pch_cannonlake,54000,120000
2026-08-28T22:26:07+05:30,thermal_zone2,INT3400 Thermal,20000,0
2026-08-28T22:26:07+05:30,thermal_zone3,SEN1,1050,103050
2026-08-28T22:26:07+05:30,thermal_zone4,SEN2,42050,80050
2026-08-28T22:26:07+05:30,thermal_zone5,B0D4,48050,110050
2026-08-28T22:26:07+05:30,thermal_zone6,iwlwifi_1,55000,0
2026-08-28T22:26:07+05:30,thermal_zone7,x86_pkg_temp,66000,0
2026-08-28T22:26:09+05:30,thermal_zone0,acpitz,48000,128000
2026-08-28T22:26:09+05:30,thermal_zone1,pch_cannonlake,55000,120000
2026-08-28T22:26:09+05:30,thermal_zone2,INT3400 Thermal,20000,0
2026-08-28T22:26:09+05:30,thermal_zone3,SEN1,1050,103050
2026-08-28T22:26:09+05:30,thermal_zone4,SEN2,42050,80050
2026-08-28T22:26:09+05:30,thermal_zone5,B0D4,48050,110050
2026-08-28T22:26:09+05:30,thermal_zone6,iwlwifi_1,56000,0
2026-08-28T22:26:09+05:30,thermal_zone7,x86_pkg_temp,65000,0
2026-08-28T22:26:10+05:30,thermal_zone0,acpitz,48000,128000
2026-08-28T22:26:10+05:30,thermal_zone1,pch_cannonlake,55000,120000
2026-08-28T22:26:10+05:30,thermal_zone2,INT3400 Thermal,20000,0
2026-08-28T22:26:10+05:30,thermal_zone3,SEN1,1050,103050
2026-08-28T22:26:10+05:30,thermal_zone4,SEN2,42050,80050
2026-08-28T22:26:10+05:30,thermal_zone5,B0D4,48050,110050
2026-08-28T22:26:10+05:30,thermal_zone6,iwlwifi_1,55000,0
2026-08-28T22:26:10+05:30,thermal_zone7,x86_pkg_temp,66000,0
2026-08-28T22:26:11+05:30,thermal_zone0,acpitz,48000,128000
2026-08-28T22:26:11+05:30,thermal_zone1,pch_cannonlake,54000,120000
2026-08-28T22:26:11+05:30,thermal_zone2,INT3400 Thermal,20000,0
2026-08-28T22:26:11+05:30,thermal_zone3,SEN1,1050,103050
2026-08-28T22:26:11+05:30,thermal_zone4,SEN2,42050,80050
2026-08-28T22:26:11+05:30,thermal_zone5,B0D4,48050,110050
2026-08-28T22:26:11+05:30,thermal_zone6,iwlwifi_1,55000,0
2026-08-28T22:26:11+05:30,thermal_zone7,x86_pkg_temp,65000,0
2026-08-28T22:26:12+05:30,thermal_zone0,acpitz,48000,128000
2026-08-28T22:26:12+05:30,thermal_zone1,pch_cannonlake,55000,120000
2026-08-28T22:26:12+05:30,thermal_zone2,INT3400 Thermal,20000,0
2026-08-28T22:26:12+05:30,thermal_zone3,SEN1,1050,103050
2026-08-28T22:26:12+05:30,thermal_zone4,SEN2,42050,80050
2026-08-28T22:26:12+05:30,thermal_zone5,B0D4,48050,110050
2026-08-28T22:26:12+05:30,thermal_zone6,iwlwifi_1,55000,0
2026-08-28T22:26:12+05:30,thermal_zone7,x86_pkg_temp,66000,0
2026-08-28T22:26:13+05:30,thermal_zone0,acpitz,48000,128000
2026-08-28T22:26:13+05:30,thermal_zone1,pch_cannonlake,55000,120000
2026-08-28T22:26:13+05:30,thermal_zone2,INT3400 Thermal,20000,0
2026-08-28T22:26:13+05:30,thermal_zone3,SEN1,1050,103050
2026-08-28T22:26:13+05:30,thermal_zone4,SEN2,42050,80050
2026-08-28T22:26:13+05:30,thermal_zone5,B0D4,48050,110050
2026-08-28T22:26:13+05:30,thermal_zone6,iwlwifi_1,55000,0
2026-08-28T22:26:13+05:30,thermal_zone7,x86_pkg_temp,65000,0
2026-08-28T22:26:15+05:30,thermal_zone0,acpitz,48000,128000
2026-08-28T22:26:15+05:30,thermal_zone1,pch_cannonlake,54000,120000
2026-08-28T22:26:15+05:30,thermal_zone2,INT3400 Thermal,20000,0
2026-08-28T22:26:15+05:30,thermal_zone3,SEN1,1050,103050
2026-08-28T22:26:15+05:30,thermal_zone4,SEN2,42050,80050
2026-08-28T22:26:15+05:30,thermal_zone5,B0D4,48050,110050
2026-08-28T22:26:15+05:30,thermal_zone6,iwlwifi_1,56000,0
2026-08-28T22:26:15+05:30,thermal_zone7,x86_pkg_temp,66000,0
2026-08-28T22:26:16+05:30,thermal_zone0,acpitz,48000,128000
2026-08-28T22:26:16+05:30,thermal_zone1,pch_cannonlake,55000,120000
2026-08-28T22:26:16+05:30,thermal_zone2,INT3400 Thermal,20000,0
2026-08-28T22:26:16+05:30,thermal_zone3,SEN1,1050,103050
2026-08-28T22:26:16+05:30,thermal_zone4,SEN2,42050,80050
2026-08-28T22:26:16+05:30,thermal_zone5,B0D4,48050,110050
2026-08-28T22:26:16+05:30,thermal_zone6,iwlwifi_1,55000,0
2026-08-28T22:26:16+05:30,thermal_zone7,x86_pkg_temp,66000,0
2026-08-28T22:26:17+05:30,thermal_zone0,acpitz,48000,128000
2026-08-28T22:26:17+05:30,thermal_zone1,pch_cannonlake,53000,120000
2026-08-28T22:26:17+05:30,thermal_zone2,INT3400 Thermal,20000,0
2026-08-28T22:26:17+05:30,thermal_zone3,SEN1,1050,103050
2026-08-28T22:26:17+05:30,thermal_zone4,SEN2,42050,80050
2026-08-28T22:26:17+05:30,thermal_zone5,B0D4,48050,110050
2026-08-28T22:26:17+05:30,thermal_zone6,iwlwifi_1,55000,0
2026-08-28T22:26:17+05:30,thermal_zone7,x86_pkg_temp,66000,0
2026-08-28T22:26:18+05:30,thermal_zone0,acpitz,48000,128000
2026-08-28T22:26:18+05:30,thermal_zone1,pch_cannonlake,54000,120000
2026-08-28T22:26:18+05:30,thermal_zone2,INT3400 Thermal,20000,0
2026-08-28T22:26:18+05:30,thermal_zone3,SEN1,1050,103050
2026-08-28T22:26:18+05:30,thermal_zone4,SEN2,42050,80050
2026-08-28T22:26:18+05:30,thermal_zone5,B0D4,48050,110050
2026-08-28T22:26:18+05:30,thermal_zone6,iwlwifi_1,55000,0
2026-08-28T22:26:18+05:30,thermal_zone7,x86_pkg_temp,64000,0
2026-08-28T22:26:20+05:30,thermal_zone0,acpitz,48000,128000
2026-08-28T22:26:20+05:30,thermal_zone1,pch_cannonlake,54000,120000
2026-08-28T22:26:20+05:30,thermal_zone2,INT3400 Thermal,20000,0
2026-08-28T22:26:20+05:30,thermal_zone3,SEN1,1050,103050
2026-08-28T22:26:20+05:30,thermal_zone4,SEN2,41050,80050
2026-08-28T22:26:20+05:30,thermal_zone5,B0D4,48050,110050
2026-08-28T22:26:20+05:30,thermal_zone6,iwlwifi_1,55000,0
2026-08-28T22:26:20+05:30,thermal_zone7,x86_pkg_temp,64000,0
2026-08-28T22:26:21+05:30,thermal_zone0,acpitz,48000,128000
2026-08-28T22:26:21+05:30,thermal_zone1,pch_cannonlake,54000,120000
2026-08-28T22:26:21+05:30,thermal_zone2,INT3400 Thermal,20000,0
2026-08-28T22:26:21+05:30,thermal_zone3,SEN1,1050,103050
2026-08-28T22:26:21+05:30,thermal_zone4,SEN2,41050,80050
2026-08-28T22:26:21+05:30,thermal_zone5,B0D4,48050,110050
2026-08-28T22:26:21+05:30,thermal_zone6,iwlwifi_1,55000,0
2026-08-28T22:26:21+05:30,thermal_zone7,x86_pkg_temp,66000,0
2026-08-28T22:26:22+05:30,thermal_zone0,acpitz,48000,128000
2026-08-28T22:26:22+05:30,thermal_zone1,pch_cannonlake,54000,120000
2026-08-28T22:26:22+05:30,thermal_zone2,INT3400 Thermal,20000,0
2026-08-28T22:26:22+05:30,thermal_zone3,SEN1,1050,103050
2026-08-28T22:26:22+05:30,thermal_zone4,SEN2,41050,80050
2026-08-28T22:26:22+05:30,thermal_zone5,B0D4,48050,110050
2026-08-28T22:26:22+05:30,thermal_zone6,iwlwifi_1,55000,0
2026-08-28T22:26:22+05:30,thermal_zone7,x86_pkg_temp,66000,0
2026-08-28T22:26:23+05:30,thermal_zone0,acpitz,48000,128000
2026-08-28T22:26:23+05:30,thermal_zone1,pch_cannonlake,54000,120000
2026-08-28T22:26:23+05:30,thermal_zone2,INT3400 Thermal,20000,0
2026-08-28T22:26:23+05:30,thermal_zone3,SEN1,1050,103050
2026-08-28T22:26:23+05:30,thermal_zone4,SEN2,41050,80050
2026-08-28T22:26:23+05:30,thermal_zone5,B0D4,48050,110050
2026-08-28T22:26:23+05:30,thermal_zone6,iwlwifi_1,55000,0
2026-08-28T22:26:23+05:30,thermal_zone7,x86_pkg_temp,66000,0
2026-08-28T22:26:25+05:30,thermal_zone0,acpitz,48000,128000
2026-08-28T22:26:25+05:30,thermal_zone1,pch_cannonlake,54000,120000
2026-08-28T22:26:25+05:30,thermal_zone2,INT3400 Thermal,20000,0
2026-08-28T22:26:25+05:30,thermal_zone3,SEN1,1050,103050
2026-08-28T22:26:25+05:30,thermal_zone4,SEN2,41050,80050
2026-08-28T22:26:25+05:30,thermal_zone5,B0D4,48050,110050
2026-08-28T22:26:25+05:30,thermal_zone6,iwlwifi_1,55000,0
2026-08-28T22:26:25+05:30,thermal_zone7,x86_pkg_temp,66000,0
2026-08-28T22:26:26+05:30,thermal_zone0,acpitz,48000,128000
2026-08-28T22:26:26+05:30,thermal_zone1,pch_cannonlake,55000,120000
2026-08-28T22:26:26+05:30,thermal_zone2,INT3400 Thermal,20000,0
2026-08-28T22:26:26+05:30,thermal_zone3,SEN1,1050,103050
2026-08-28T22:26:26+05:30,thermal_zone4,SEN2,41050,80050
2026-08-28T22:26:26+05:30,thermal_zone5,B0D4,48050,110050
2026-08-28T22:26:26+05:30,thermal_zone6,iwlwifi_1,55000,0
2026-08-28T22:26:26+05:30,thermal_zone7,x86_pkg_temp,65000,0
2026-08-28T22:26:27+05:30,thermal_zone0,acpitz,48000,128000
2026-08-28T22:26:27+05:30,thermal_zone1,pch_cannonlake,55000,120000
2026-08-28T22:26:27+05:30,thermal_zone2,INT3400 Thermal,20000,0
2026-08-28T22:26:27+05:30,thermal_zone3,SEN1,1050,103050
2026-08-28T22:26:27+05:30,thermal_zone4,SEN2,41050,80050
2026-08-28T22:26:27+05:30,thermal_zone5,B0D4,48050,110050
2026-08-28T22:26:27+05:30,thermal_zone6,iwlwifi_1,55000,0
2026-08-28T22:26:27+05:30,thermal_zone7,x86_pkg_temp,65000,0
2026-08-28T22:26:28+05:30,thermal_zone0,acpitz,48000,128000
2026-08-28T22:26:28+05:30,thermal_zone1,pch_cannonlake,55000,120000
2026-08-28T22:26:28+05:30,thermal_zone2,INT3400 Thermal,20000,0
2026-08-28T22:26:28+05:30,thermal_zone3,SEN1,1050,103050
2026-08-28T22:26:28+05:30,thermal_zone4,SEN2,41050,80050
2026-08-28T22:26:28+05:30,thermal_zone5,B0D4,48050,110050
2026-08-28T22:26:28+05:30,thermal_zone6,iwlwifi_1,55000,0
2026-08-28T22:26:28+05:30,thermal_zone7,x86_pkg_temp,66000,0
2026-08-28T22:26:30+05:30,thermal_zone0,acpitz,48000,128000
2026-08-28T22:26:30+05:30,thermal_zone1,pch_cannonlake,53000,120000
2026-08-28T22:26:30+05:30,thermal_zone2,INT3400 Thermal,20000,0
2026-08-28T22:26:30+05:30,thermal_zone3,SEN1,1050,103050
2026-08-28T22:26:30+05:30,thermal_zone4,SEN2,41050,80050
2026-08-28T22:26:30+05:30,thermal_zone5,B0D4,48050,110050
2026-08-28T22:26:30+05:30,thermal_zone6,iwlwifi_1,55000,0
2026-08-28T22:26:30+05:30,thermal_zone7,x86_pkg_temp,66000,0
2026-08-28T22:26:31+05:30,thermal_zone0,acpitz,48000,128000
2026-08-28T22:26:31+05:30,thermal_zone1,pch_cannonlake,54000,120000
2026-08-28T22:26:31+05:30,thermal_zone2,INT3400 Thermal,20000,0
2026-08-28T22:26:31+05:30,thermal_zone3,SEN1,1050,103050
2026-08-28T22:26:31+05:30,thermal_zone4,SEN2,41050,80050
2026-08-28T22:26:31+05:30,thermal_zone5,B0D4,48050,110050
2026-08-28T22:26:31+05:30,thermal_zone6,iwlwifi_1,55000,0
2026-08-28T22:26:31+05:30,thermal_zone7,x86_pkg_temp,65000,0
2026-08-28T22:26:32+05:30,thermal_zone0,acpitz,48000,128000
2026-08-28T22:26:32+05:30,thermal_zone1,pch_cannonlake,53000,120000
2026-08-28T22:26:32+05:30,thermal_zone2,INT3400 Thermal,20000,0
2026-08-28T22:26:32+05:30,thermal_zone3,SEN1,1050,103050
2026-08-28T22:26:32+05:30,thermal_zone4,SEN2,41050,80050
2026-08-28T22:26:32+05:30,thermal_zone5,B0D4,48050,110050
2026-08-28T22:26:32+05:30,thermal_zone6,iwlwifi_1,55000,0
2026-08-28T22:26:32+05:30,thermal_zone7,x86_pkg_temp,66000,0
2026-08-28T22:26:33+05:30,thermal_zone0,acpitz,48000,128000
2026-08-28T22:26:33+05:30,thermal_zone1,pch_cannonlake,54000,120000
2026-08-28T22:26:33+05:30,thermal_zone2,INT3400 Thermal,20000,0
2026-08-28T22:26:33+05:30,thermal_zone3,SEN1,1050,103050
2026-08-28T22:26:33+05:30,thermal_zone4,SEN2,41050,80050
2026-08-28T22:26:33+05:30,thermal_zone5,B0D4,48050,110050
2026-08-28T22:26:33+05:30,thermal_zone6,iwlwifi_1,55000,0
2026-08-28T22:26:33+05:30,thermal_zone7,x86_pkg_temp,66000,0
2026-08-28T22:26:35+05:30,thermal_zone0,acpitz,48000,128000
2026-08-28T22:26:35+05:30,thermal_zone1,pch_cannonlake,53000,120000
2026-08-28T22:26:35+05:30,thermal_zone2,INT3400 Thermal,20000,0
2026-08-28T22:26:35+05:30,thermal_zone3,SEN1,1050,103050
2026-08-28T22:26:35+05:30,thermal_zone4,SEN2,41050,80050
2026-08-28T22:26:35+05:30,thermal_zone5,B0D4,48050,110050
2026-08-28T22:26:35+05:30,thermal_zone6,iwlwifi_1,55000,0
2026-08-28T22:26:35+05:30,thermal_zone7,x86_pkg_temp,64000,0
2026-08-28T22:26:36+05:30,thermal_zone0,acpitz,48000,128000
2026-08-28T22:26:36+05:30,thermal_zone1,pch_cannonlake,54000,120000
2026-08-28T22:26:36+05:30,thermal_zone2,INT3400 Thermal,20000,0
2026-08-28T22:26:36+05:30,thermal_zone3,SEN1,1050,103050
2026-08-28T22:26:36+05:30,thermal_zone4,SEN2,41050,80050
2026-08-28T22:26:36+05:30,thermal_zone5,B0D4,48050,110050
2026-08-28T22:26:36+05:30,thermal_zone6,iwlwifi_1,55000,0
2026-08-28T22:26:36+05:30,thermal_zone7,x86_pkg_temp,66000,0
2026-08-28T22:26:37+05:30,thermal_zone0,acpitz,48000,128000
2026-08-28T22:26:37+05:30,thermal_zone1,pch_cannonlake,54000,120000
2026-08-28T22:26:37+05:30,thermal_zone2,INT3400 Thermal,20000,0
2026-08-28T22:26:37+05:30,thermal_zone3,SEN1,1050,103050
2026-08-28T22:26:37+05:30,thermal_zone4,SEN2,41050,80050
2026-08-28T22:26:37+05:30,thermal_zone5,B0D4,48050,110050
2026-08-28T22:26:37+05:30,thermal_zone6,iwlwifi_1,55000,0
2026-08-28T22:26:37+05:30,thermal_zone7,x86_pkg_temp,64000,0
2026-08-28T22:26:38+05:30,thermal_zone0,acpitz,48000,128000
2026-08-28T22:26:38+05:30,thermal_zone1,pch_cannonlake,54000,120000
2026-08-28T22:26:38+05:30,thermal_zone2,INT3400 Thermal,20000,0
2026-08-28T22:26:38+05:30,thermal_zone3,SEN1,1050,103050
2026-08-28T22:26:38+05:30,thermal_zone4,SEN2,41050,80050
2026-08-28T22:26:38+05:30,thermal_zone5,B0D4,48050,110050
2026-08-28T22:26:38+05:30,thermal_zone6,iwlwifi_1,55000,0
2026-08-28T22:26:38+05:30,thermal_zone7,x86_pkg_temp,65000,0
2026-08-28T22:26:40+05:30,thermal_zone0,acpitz,48000,128000
2026-08-28T22:26:40+05:30,thermal_zone1,pch_cannonlake,54000,120000
2026-08-28T22:26:40+05:30,thermal_zone2,INT3400 Thermal,20000,0
2026-08-28T22:26:40+05:30,thermal_zone3,SEN1,1050,103050
2026-08-28T22:26:40+05:30,thermal_zone4,SEN2,41050,80050
2026-08-28T22:26:40+05:30,thermal_zone5,B0D4,48050,110050
2026-08-28T22:26:40+05:30,thermal_zone6,iwlwifi_1,55000,0
2026-08-28T22:26:40+05:30,thermal_zone7,x86_pkg_temp,65000,0
2026-08-28T22:26:41+05:30,thermal_zone0,acpitz,48000,128000
2026-08-28T22:26:41+05:30,thermal_zone1,pch_cannonlake,55000,120000
2026-08-28T22:26:41+05:30,thermal_zone2,INT3400 Thermal,20000,0
2026-08-28T22:26:41+05:30,thermal_zone3,SEN1,1050,103050
2026-08-28T22:26:41+05:30,thermal_zone4,SEN2,41050,80050
2026-08-28T22:26:41+05:30,thermal_zone5,B0D4,48050,110050
2026-08-28T22:26:41+05:30,thermal_zone6,iwlwifi_1,55000,0
2026-08-28T22:26:41+05:30,thermal_zone7,x86_pkg_temp,65000,0
2026-08-28T22:26:42+05:30,thermal_zone0,acpitz,48000,128000
2026-08-28T22:26:42+05:30,thermal_zone1,pch_cannonlake,54000,120000
2026-08-28T22:26:42+05:30,thermal_zone2,INT3400 Thermal,20000,0
2026-08-28T22:26:42+05:30,thermal_zone3,SEN1,1050,103050
2026-08-28T22:26:42+05:30,thermal_zone4,SEN2,41050,80050
2026-08-28T22:26:42+05:30,thermal_zone5,B0D4,48050,110050
2026-08-28T22:26:42+05:30,thermal_zone6,iwlwifi_1,55000,0
2026-08-28T22:26:42+05:30,thermal_zone7,x86_pkg_temp,64000,0
2026-08-28T22:26:43+05:30,thermal_zone0,acpitz,48000,128000
2026-08-28T22:26:43+05:30,thermal_zone1,pch_cannonlake,54000,120000
2026-08-28T22:26:43+05:30,thermal_zone2,INT3400 Thermal,20000,0
2026-08-28T22:26:43+05:30,thermal_zone3,SEN1,1050,103050
2026-08-28T22:26:43+05:30,thermal_zone4,SEN2,41050,80050
2026-08-28T22:26:43+05:30,thermal_zone5,B0D4,48050,110050
2026-08-28T22:26:43+05:30,thermal_zone6,iwlwifi_1,55000,0
2026-08-28T22:26:43+05:30,thermal_zone7,x86_pkg_temp,65000,0
2026-08-28T22:26:45+05:30,thermal_zone0,acpitz,48000,128000
2026-08-28T22:26:45+05:30,thermal_zone1,pch_cannonlake,54000,120000
2026-08-28T22:26:45+05:30,thermal_zone2,INT3400 Thermal,20000,0
2026-08-28T22:26:45+05:30,thermal_zone3,SEN1,1050,103050
2026-08-28T22:26:45+05:30,thermal_zone4,SEN2,41050,80050
2026-08-28T22:26:45+05:30,thermal_zone5,B0D4,48050,110050
2026-08-28T22:26:45+05:30,thermal_zone6,iwlwifi_1,55000,0
2026-08-28T22:26:45+05:30,thermal_zone7,x86_pkg_temp,65000,0
2026-08-28T22:26:46+05:30,thermal_zone0,acpitz,48000,128000
2026-08-28T22:26:46+05:30,thermal_zone1,pch_cannonlake,55000,120000
2026-08-28T22:26:46+05:30,thermal_zone2,INT3400 Thermal,20000,0
2026-08-28T22:26:46+05:30,thermal_zone3,SEN1,1050,103050
2026-08-28T22:26:46+05:30,thermal_zone4,SEN2,41050,80050
2026-08-28T22:26:46+05:30,thermal_zone5,B0D4,48050,110050
2026-08-28T22:26:46+05:30,thermal_zone6,iwlwifi_1,55000,0
2026-08-28T22:26:46+05:30,thermal_zone7,x86_pkg_temp,66000,0
2026-08-28T22:26:47+05:30,thermal_zone0,acpitz,48000,128000
2026-08-28T22:26:47+05:30,thermal_zone1,pch_cannonlake,55000,120000
2026-08-28T22:26:47+05:30,thermal_zone2,INT3400 Thermal,20000,0
2026-08-28T22:26:47+05:30,thermal_zone3,SEN1,1050,103050
2026-08-28T22:26:47+05:30,thermal_zone4,SEN2,41050,80050
2026-08-28T22:26:47+05:30,thermal_zone5,B0D4,48050,110050
2026-08-28T22:26:47+05:30,thermal_zone6,iwlwifi_1,55000,0
2026-08-28T22:26:47+05:30,thermal_zone7,x86_pkg_temp,64000,0
2026-08-28T22:26:48+05:30,thermal_zone0,acpitz,48000,128000
2026-08-28T22:26:48+05:30,thermal_zone1,pch_cannonlake,55000,120000
2026-08-28T22:26:48+05:30,thermal_zone2,INT3400 Thermal,20000,0
2026-08-28T22:26:48+05:30,thermal_zone3,SEN1,1050,103050
2026-08-28T22:26:48+05:30,thermal_zone4,SEN2,41050,80050
2026-08-28T22:26:48+05:30,thermal_zone5,B0D4,48050,110050
2026-08-28T22:26:48+05:30,thermal_zone6,iwlwifi_1,56000,0
2026-08-28T22:26:48+05:30,thermal_zone7,x86_pkg_temp,65000,0
2026-08-28T22:26:50+05:30,thermal_zone0,acpitz,48000,128000
2026-08-28T22:26:50+05:30,thermal_zone1,pch_cannonlake,55000,120000
2026-08-28T22:26:50+05:30,thermal_zone2,INT3400 Thermal,20000,0
2026-08-28T22:26:50+05:30,thermal_zone3,SEN1,1050,103050
2026-08-28T22:26:50+05:30,thermal_zone4,SEN2,41050,80050
2026-08-28T22:26:50+05:30,thermal_zone5,B0D4,48050,110050
2026-08-28T22:26:50+05:30,thermal_zone6,iwlwifi_1,55000,0
2026-08-28T22:26:50+05:30,thermal_zone7,x86_pkg_temp,62000,0
2026-08-28T22:26:51+05:30,thermal_zone0,acpitz,48000,128000
2026-08-28T22:26:51+05:30,thermal_zone1,pch_cannonlake,55000,120000
2026-08-28T22:26:51+05:30,thermal_zone2,INT3400 Thermal,20000,0
2026-08-28T22:26:51+05:30,thermal_zone3,SEN1,1050,103050
2026-08-28T22:26:51+05:30,thermal_zone4,SEN2,41050,80050
2026-08-28T22:26:51+05:30,thermal_zone5,B0D4,48050,110050
2026-08-28T22:26:51+05:30,thermal_zone6,iwlwifi_1,55000,0
2026-08-28T22:26:51+05:30,thermal_zone7,x86_pkg_temp,64000,0
2026-08-28T22:26:52+05:30,thermal_zone0,acpitz,48000,128000
2026-08-28T22:26:52+05:30,thermal_zone1,pch_cannonlake,54000,120000
2026-08-28T22:26:52+05:30,thermal_zone2,INT3400 Thermal,20000,0
2026-08-28T22:26:52+05:30,thermal_zone3,SEN1,1050,103050
2026-08-28T22:26:52+05:30,thermal_zone4,SEN2,41050,80050
2026-08-28T22:26:52+05:30,thermal_zone5,B0D4,48050,110050
2026-08-28T22:26:52+05:30,thermal_zone6,iwlwifi_1,55000,0
2026-08-28T22:26:52+05:30,thermal_zone7,x86_pkg_temp,64000,0
2026-08-28T22:26:54+05:30,thermal_zone0,acpitz,48000,128000
2026-08-28T22:26:54+05:30,thermal_zone1,pch_cannonlake,55000,120000
2026-08-28T22:26:54+05:30,thermal_zone2,INT3400 Thermal,20000,0
2026-08-28T22:26:54+05:30,thermal_zone3,SEN1,1050,103050
2026-08-28T22:26:54+05:30,thermal_zone4,SEN2,41050,80050
2026-08-28T22:26:54+05:30,thermal_zone5,B0D4,48050,110050
2026-08-28T22:26:54+05:30,thermal_zone6,iwlwifi_1,55000,0
2026-08-28T22:26:54+05:30,thermal_zone7,x86_pkg_temp,64000,0
2026-08-28T22:26:55+05:30,thermal_zone0,acpitz,48000,128000
2026-08-28T22:26:55+05:30,thermal_zone1,pch_cannonlake,54000,120000
2026-08-28T22:26:55+05:30,thermal_zone2,INT3400 Thermal,20000,0
2026-08-28T22:26:55+05:30,thermal_zone3,SEN1,1050,103050
2026-08-28T22:26:55+05:30,thermal_zone4,SEN2,41050,80050
2026-08-28T22:26:55+05:30,thermal_zone5,B0D4,48050,110050
2026-08-28T22:26:55+05:30,thermal_zone6,iwlwifi_1,55000,0
2026-08-28T22:26:55+05:30,thermal_zone7,x86_pkg_temp,62000,0
2026-08-28T22:26:56+05:30,thermal_zone0,acpitz,48000,128000
2026-08-28T22:26:56+05:30,thermal_zone1,pch_cannonlake,53000,120000
2026-08-28T22:26:56+05:30,thermal_zone2,INT3400 Thermal,20000,0
2026-08-28T22:26:56+05:30,thermal_zone3,SEN1,1050,103050
2026-08-28T22:26:56+05:30,thermal_zone4,SEN2,41050,80050
2026-08-28T22:26:56+05:30,thermal_zone5,B0D4,48050,110050
2026-08-28T22:26:56+05:30,thermal_zone6,iwlwifi_1,57000,0
2026-08-28T22:26:56+05:30,thermal_zone7,x86_pkg_temp,64000,0
2026-08-28T22:26:58+05:30,thermal_zone0,acpitz,48000,128000
2026-08-28T22:26:58+05:30,thermal_zone1,pch_cannonlake,53000,120000
2026-08-28T22:26:58+05:30,thermal_zone2,INT3400 Thermal,20000,0
2026-08-28T22:26:58+05:30,thermal_zone3,SEN1,1050,103050
2026-08-28T22:26:58+05:30,thermal_zone4,SEN2,41050,80050
2026-08-28T22:26:58+05:30,thermal_zone5,B0D4,48050,110050
2026-08-28T22:26:58+05:30,thermal_zone6,iwlwifi_1,55000,0
2026-08-28T22:26:58+05:30,thermal_zone7,x86_pkg_temp,64000,0
2026-08-28T22:26:59+05:30,thermal_zone0,acpitz,48000,128000
2026-08-28T22:26:59+05:30,thermal_zone1,pch_cannonlake,53000,120000
2026-08-28T22:26:59+05:30,thermal_zone2,INT3400 Thermal,20000,0
2026-08-28T22:26:59+05:30,thermal_zone3,SEN1,1050,103050
2026-08-28T22:26:59+05:30,thermal_zone4,SEN2,41050,80050
2026-08-28T22:26:59+05:30,thermal_zone5,B0D4,48050,110050
2026-08-28T22:26:59+05:30,thermal_zone6,iwlwifi_1,55000,0
2026-08-28T22:26:59+05:30,thermal_zone7,x86_pkg_temp,65000,0
2026-08-28T22:27:00+05:30,thermal_zone0,acpitz,48000,128000
2026-08-28T22:27:00+05:30,thermal_zone1,pch_cannonlake,55000,120000
2026-08-28T22:27:00+05:30,thermal_zone2,INT3400 Thermal,20000,0
2026-08-28T22:27:00+05:30,thermal_zone3,SEN1,1050,103050
2026-08-28T22:27:00+05:30,thermal_zone4,SEN2,41050,80050
2026-08-28T22:27:00+05:30,thermal_zone5,B0D4,48050,110050
2026-08-28T22:27:00+05:30,thermal_zone6,iwlwifi_1,55000,0
2026-08-28T22:27:00+05:30,thermal_zone7,x86_pkg_temp,65000,0
2026-08-28T22:27:01+05:30,thermal_zone0,acpitz,48000,128000
2026-08-28T22:27:01+05:30,thermal_zone1,pch_cannonlake,53000,120000
2026-08-28T22:27:01+05:30,thermal_zone2,INT3400 Thermal,20000,0
2026-08-28T22:27:01+05:30,thermal_zone3,SEN1,1050,103050
2026-08-28T22:27:01+05:30,thermal_zone4,SEN2,41050,80050
2026-08-28T22:27:01+05:30,thermal_zone5,B0D4,48050,110050
2026-08-28T22:27:01+05:30,thermal_zone6,iwlwifi_1,55000,0
2026-08-28T22:27:01+05:30,thermal_zone7,x86_pkg_temp,65000,0
2026-08-28T22:27:03+05:30,thermal_zone0,acpitz,48000,128000
2026-08-28T22:27:03+05:30,thermal_zone1,pch_cannonlake,53000,120000
2026-08-28T22:27:03+05:30,thermal_zone2,INT3400 Thermal,20000,0
2026-08-28T22:27:03+05:30,thermal_zone3,SEN1,1050,103050
2026-08-28T22:27:03+05:30,thermal_zone4,SEN2,41050,80050
2026-08-28T22:27:03+05:30,thermal_zone5,B0D4,48050,110050
2026-08-28T22:27:03+05:30,thermal_zone6,iwlwifi_1,56000,0
2026-08-28T22:27:03+05:30,thermal_zone7,x86_pkg_temp,64000,0
2026-08-28T22:27:04+05:30,thermal_zone0,acpitz,48000,128000
2026-08-28T22:27:04+05:30,thermal_zone1,pch_cannonlake,53000,120000
2026-08-28T22:27:04+05:30,thermal_zone2,INT3400 Thermal,20000,0
2026-08-28T22:27:04+05:30,thermal_zone3,SEN1,1050,103050
2026-08-28T22:27:04+05:30,thermal_zone4,SEN2,41050,80050
2026-08-28T22:27:04+05:30,thermal_zone5,B0D4,48050,110050
2026-08-28T22:27:04+05:30,thermal_zone6,iwlwifi_1,57000,0
2026-08-28T22:27:04+05:30,thermal_zone7,x86_pkg_temp,66000,0
2026-08-28T22:27:05+05:30,thermal_zone0,acpitz,48000,128000
2026-08-28T22:27:05+05:30,thermal_zone1,pch_cannonlake,54000,120000
2026-08-28T22:27:05+05:30,thermal_zone2,INT3400 Thermal,20000,0
2026-08-28T22:27:05+05:30,thermal_zone3,SEN1,1050,103050
2026-08-28T22:27:05+05:30,thermal_zone4,SEN2,41050,80050
2026-08-28T22:27:05+05:30,thermal_zone5,B0D4,48050,110050
2026-08-28T22:27:05+05:30,thermal_zone6,iwlwifi_1,55000,0
2026-08-28T22:27:05+05:30,thermal_zone7,x86_pkg_temp,62000,0
2026-08-28T22:27:06+05:30,thermal_zone0,acpitz,48000,128000
2026-08-28T22:27:06+05:30,thermal_zone1,pch_cannonlake,54000,120000
2026-08-28T22:27:06+05:30,thermal_zone2,INT3400 Thermal,20000,0
2026-08-28T22:27:06+05:30,thermal_zone3,SEN1,1050,103050
2026-08-28T22:27:06+05:30,thermal_zone4,SEN2,42050,80050
2026-08-28T22:27:06+05:30,thermal_zone5,B0D4,48050,110050
2026-08-28T22:27:06+05:30,thermal_zone6,iwlwifi_1,57000,0
2026-08-28T22:27:06+05:30,thermal_zone7,x86_pkg_temp,64000,0
2026-08-28T22:27:08+05:30,thermal_zone0,acpitz,48000,128000
2026-08-28T22:27:08+05:30,thermal_zone1,pch_cannonlake,53000,120000
2026-08-28T22:27:08+05:30,thermal_zone2,INT3400 Thermal,20000,0
2026-08-28T22:27:08+05:30,thermal_zone3,SEN1,1050,103050
2026-08-28T22:27:08+05:30,thermal_zone4,SEN2,42050,80050
2026-08-28T22:27:08+05:30,thermal_zone5,B0D4,48050,110050
2026-08-28T22:27:08+05:30,thermal_zone6,iwlwifi_1,55000,0
2026-08-28T22:27:08+05:30,thermal_zone7,x86_pkg_temp,65000,0
2026-08-28T22:27:09+05:30,thermal_zone0,acpitz,48000,128000
2026-08-28T22:27:09+05:30,thermal_zone1,pch_cannonlake,55000,120000
2026-08-28T22:27:09+05:30,thermal_zone2,INT3400 Thermal,20000,0
2026-08-28T22:27:09+05:30,thermal_zone3,SEN1,1050,103050
2026-08-28T22:27:09+05:30,thermal_zone4,SEN2,42050,80050
2026-08-28T22:27:09+05:30,thermal_zone5,B0D4,48050,110050
2026-08-28T22:27:09+05:30,thermal_zone6,iwlwifi_1,57000,0
2026-08-28T22:27:09+05:30,thermal_zone7,x86_pkg_temp,65000,0
2026-08-28T22:27:10+05:30,thermal_zone0,acpitz,48000,128000
2026-08-28T22:27:10+05:30,thermal_zone1,pch_cannonlake,54000,120000
2026-08-28T22:27:10+05:30,thermal_zone2,INT3400 Thermal,20000,0
2026-08-28T22:27:10+05:30,thermal_zone3,SEN1,1050,103050
2026-08-28T22:27:10+05:30,thermal_zone4,SEN2,42050,80050
2026-08-28T22:27:10+05:30,thermal_zone5,B0D4,48050,110050
2026-08-28T22:27:10+05:30,thermal_zone6,iwlwifi_1,57000,0
2026-08-28T22:27:10+05:30,thermal_zone7,x86_pkg_temp,64000,0
2026-08-28T22:27:11+05:30,thermal_zone0,acpitz,48000,128000
2026-08-28T22:27:11+05:30,thermal_zone1,pch_cannonlake,54000,120000
2026-08-28T22:27:11+05:30,thermal_zone2,INT3400 Thermal,20000,0
2026-08-28T22:27:11+05:30,thermal_zone3,SEN1,1050,103050
2026-08-28T22:27:11+05:30,thermal_zone4,SEN2,42050,80050
2026-08-28T22:27:11+05:30,thermal_zone5,B0D4,48050,110050
2026-08-28T22:27:11+05:30,thermal_zone6,iwlwifi_1,56000,0
2026-08-28T22:27:11+05:30,thermal_zone7,x86_pkg_temp,65000,0
2026-08-28T22:27:13+05:30,thermal_zone0,acpitz,48000,128000
2026-08-28T22:27:13+05:30,thermal_zone1,pch_cannonlake,55000,120000
2026-08-28T22:27:13+05:30,thermal_zone2,INT3400 Thermal,20000,0
2026-08-28T22:27:13+05:30,thermal_zone3,SEN1,1050,103050
2026-08-28T22:27:13+05:30,thermal_zone4,SEN2,42050,80050
2026-08-28T22:27:13+05:30,thermal_zone5,B0D4,48050,110050
2026-08-28T22:27:13+05:30,thermal_zone6,iwlwifi_1,57000,0
2026-08-28T22:27:13+05:30,thermal_zone7,x86_pkg_temp,64000,0
2026-08-28T22:27:14+05:30,thermal_zone0,acpitz,48000,128000
2026-08-28T22:27:14+05:30,thermal_zone1,pch_cannonlake,55000,120000
2026-08-28T22:27:14+05:30,thermal_zone2,INT3400 Thermal,20000,0
2026-08-28T22:27:14+05:30,thermal_zone3,SEN1,1050,103050
2026-08-28T22:27:14+05:30,thermal_zone4,SEN2,42050,80050
2026-08-28T22:27:14+05:30,thermal_zone5,B0D4,48050,110050
2026-08-28T22:27:14+05:30,thermal_zone6,iwlwifi_1,57000,0
2026-08-28T22:27:14+05:30,thermal_zone7,x86_pkg_temp,64000,0
2026-08-28T22:27:15+05:30,thermal_zone0,acpitz,48000,128000
2026-08-28T22:27:15+05:30,thermal_zone1,pch_cannonlake,54000,120000
2026-08-28T22:27:15+05:30,thermal_zone2,INT3400 Thermal,20000,0
2026-08-28T22:27:15+05:30,thermal_zone3,SEN1,1050,103050
2026-08-28T22:27:15+05:30,thermal_zone4,SEN2,42050,80050
2026-08-28T22:27:15+05:30,thermal_zone5,B0D4,48050,110050
2026-08-28T22:27:15+05:30,thermal_zone6,iwlwifi_1,55000,0
2026-08-28T22:27:15+05:30,thermal_zone7,x86_pkg_temp,64000,0
2026-08-28T22:27:16+05:30,thermal_zone0,acpitz,48000,128000
2026-08-28T22:27:16+05:30,thermal_zone1,pch_cannonlake,53000,120000
2026-08-28T22:27:16+05:30,thermal_zone2,INT3400 Thermal,20000,0
2026-08-28T22:27:16+05:30,thermal_zone3,SEN1,1050,103050
2026-08-28T22:27:16+05:30,thermal_zone4,SEN2,42050,80050
2026-08-28T22:27:16+05:30,thermal_zone5,B0D4,48050,110050
2026-08-28T22:27:16+05:30,thermal_zone6,iwlwifi_1,55000,0
2026-08-28T22:27:16+05:30,thermal_zone7,x86_pkg_temp,66000,0
2026-08-28T22:27:18+05:30,thermal_zone0,acpitz,48000,128000
2026-08-28T22:27:18+05:30,thermal_zone1,pch_cannonlake,55000,120000
2026-08-28T22:27:18+05:30,thermal_zone2,INT3400 Thermal,20000,0
2026-08-28T22:27:18+05:30,thermal_zone3,SEN1,1050,103050
2026-08-28T22:27:18+05:30,thermal_zone4,SEN2,42050,80050
2026-08-28T22:27:18+05:30,thermal_zone5,B0D4,48050,110050
2026-08-28T22:27:18+05:30,thermal_zone6,iwlwifi_1,55000,0
2026-08-28T22:27:18+05:30,thermal_zone7,x86_pkg_temp,64000,0
2026-08-28T22:27:19+05:30,thermal_zone0,acpitz,48000,128000
2026-08-28T22:27:19+05:30,thermal_zone1,pch_cannonlake,55000,120000
2026-08-28T22:27:19+05:30,thermal_zone2,INT3400 Thermal,20000,0
2026-08-28T22:27:19+05:30,thermal_zone3,SEN1,1050,103050
2026-08-28T22:27:19+05:30,thermal_zone4,SEN2,42050,80050
2026-08-28T22:27:19+05:30,thermal_zone5,B0D4,48050,110050
2026-08-28T22:27:19+05:30,thermal_zone6,iwlwifi_1,55000,0
2026-08-28T22:27:19+05:30,thermal_zone7,x86_pkg_temp,64000,0
2026-08-28T22:27:20+05:30,thermal_zone0,acpitz,48000,128000
2026-08-28T22:27:20+05:30,thermal_zone1,pch_cannonlake,54000,120000
2026-08-28T22:27:20+05:30,thermal_zone2,INT3400 Thermal,20000,0
2026-08-28T22:27:20+05:30,thermal_zone3,SEN1,1050,103050
2026-08-28T22:27:20+05:30,thermal_zone4,SEN2,42050,80050
2026-08-28T22:27:20+05:30,thermal_zone5,B0D4,48050,110050
2026-08-28T22:27:20+05:30,thermal_zone6,iwlwifi_1,55000,0
2026-08-28T22:27:20+05:30,thermal_zone7,x86_pkg_temp,65000,0
2026-08-28T22:27:22+05:30,thermal_zone0,acpitz,48000,128000
2026-08-28T22:27:22+05:30,thermal_zone1,pch_cannonlake,54000,120000
2026-08-28T22:27:22+05:30,thermal_zone2,INT3400 Thermal,20000,0
2026-08-28T22:27:22+05:30,thermal_zone3,SEN1,1050,103050
2026-08-28T22:27:22+05:30,thermal_zone4,SEN2,42050,80050
2026-08-28T22:27:22+05:30,thermal_zone5,B0D4,48050,110050
2026-08-28T22:27:22+05:30,thermal_zone6,iwlwifi_1,55000,0
2026-08-28T22:27:22+05:30,thermal_zone7,x86_pkg_temp,64000,0
2026-08-28T22:27:23+05:30,thermal_zone0,acpitz,48000,128000
2026-08-28T22:27:23+05:30,thermal_zone1,pch_cannonlake,55000,120000
2026-08-28T22:27:23+05:30,thermal_zone2,INT3400 Thermal,20000,0
2026-08-28T22:27:23+05:30,thermal_zone3,SEN1,1050,103050
2026-08-28T22:27:23+05:30,thermal_zone4,SEN2,41050,80050
2026-08-28T22:27:23+05:30,thermal_zone5,B0D4,48050,110050
2026-08-28T22:27:23+05:30,thermal_zone6,iwlwifi_1,55000,0
2026-08-28T22:27:23+05:30,thermal_zone7,x86_pkg_temp,65000,0
2026-08-28T22:27:24+05:30,thermal_zone0,acpitz,48000,128000
2026-08-28T22:27:24+05:30,thermal_zone1,pch_cannonlake,55000,120000
2026-08-28T22:27:24+05:30,thermal_zone2,INT3400 Thermal,20000,0
2026-08-28T22:27:24+05:30,thermal_zone3,SEN1,1050,103050
2026-08-28T22:27:24+05:30,thermal_zone4,SEN2,41050,80050
2026-08-28T22:27:24+05:30,thermal_zone5,B0D4,48050,110050
2026-08-28T22:27:24+05:30,thermal_zone6,iwlwifi_1,56000,0
2026-08-28T22:27:24+05:30,thermal_zone7,x86_pkg_temp,65000,0
2026-08-28T22:27:25+05:30,thermal_zone0,acpitz,48000,128000
2026-08-28T22:27:25+05:30,thermal_zone1,pch_cannonlake,54000,120000
2026-08-28T22:27:25+05:30,thermal_zone2,INT3400 Thermal,20000,0
2026-08-28T22:27:25+05:30,thermal_zone3,SEN1,1050,103050
2026-08-28T22:27:25+05:30,thermal_zone4,SEN2,41050,80050
2026-08-28T22:27:25+05:30,thermal_zone5,B0D4,48050,110050
2026-08-28T22:27:25+05:30,thermal_zone6,iwlwifi_1,55000,0
2026-08-28T22:27:25+05:30,thermal_zone7,x86_pkg_temp,64000,0
2026-08-28T22:27:27+05:30,thermal_zone0,acpitz,48000,128000
2026-08-28T22:27:27+05:30,thermal_zone1,pch_cannonlake,55000,120000
2026-08-28T22:27:27+05:30,thermal_zone2,INT3400 Thermal,20000,0
2026-08-28T22:27:27+05:30,thermal_zone3,SEN1,1050,103050
2026-08-28T22:27:27+05:30,thermal_zone4,SEN2,41050,80050
2026-08-28T22:27:27+05:30,thermal_zone5,B0D4,48050,110050
2026-08-28T22:27:27+05:30,thermal_zone6,iwlwifi_1,55000,0
2026-08-28T22:27:27+05:30,thermal_zone7,x86_pkg_temp,64000,0
2026-08-28T22:27:28+05:30,thermal_zone0,acpitz,48000,128000
2026-08-28T22:27:28+05:30,thermal_zone1,pch_cannonlake,55000,120000
2026-08-28T22:27:28+05:30,thermal_zone2,INT3400 Thermal,20000,0
2026-08-28T22:27:28+05:30,thermal_zone3,SEN1,1050,103050
2026-08-28T22:27:28+05:30,thermal_zone4,SEN2,41050,80050
2026-08-28T22:27:28+05:30,thermal_zone5,B0D4,48050,110050
2026-08-28T22:27:28+05:30,thermal_zone6,iwlwifi_1,55000,0
2026-08-28T22:27:28+05:30,thermal_zone7,x86_pkg_temp,64000,0
2026-08-28T22:27:29+05:30,thermal_zone0,acpitz,48000,128000
2026-08-28T22:27:29+05:30,thermal_zone1,pch_cannonlake,55000,120000
2026-08-28T22:27:29+05:30,thermal_zone2,INT3400 Thermal,20000,0
2026-08-28T22:27:29+05:30,thermal_zone3,SEN1,1050,103050
2026-08-28T22:27:29+05:30,thermal_zone4,SEN2,41050,80050
2026-08-28T22:27:29+05:30,thermal_zone5,B0D4,48050,110050
2026-08-28T22:27:29+05:30,thermal_zone6,iwlwifi_1,55000,0
2026-08-28T22:27:29+05:30,thermal_zone7,x86_pkg_temp,63000,0
2026-08-28T22:27:30+05:30,thermal_zone0,acpitz,48000,128000
2026-08-28T22:27:30+05:30,thermal_zone1,pch_cannonlake,53000,120000
2026-08-28T22:27:30+05:30,thermal_zone2,INT3400 Thermal,20000,0
2026-08-28T22:27:30+05:30,thermal_zone3,SEN1,1050,103050
2026-08-28T22:27:30+05:30,thermal_zone4,SEN2,41050,80050
2026-08-28T22:27:30+05:30,thermal_zone5,B0D4,48050,110050
2026-08-28T22:27:30+05:30,thermal_zone6,iwlwifi_1,55000,0
2026-08-28T22:27:30+05:30,thermal_zone7,x86_pkg_temp,64000,0
2026-08-28T22:27:32+05:30,thermal_zone0,acpitz,48000,128000
2026-08-28T22:27:32+05:30,thermal_zone1,pch_cannonlake,54000,120000
2026-08-28T22:27:32+05:30,thermal_zone2,INT3400 Thermal,20000,0
2026-08-28T22:27:32+05:30,thermal_zone3,SEN1,1050,103050
2026-08-28T22:27:32+05:30,thermal_zone4,SEN2,41050,80050
2026-08-28T22:27:32+05:30,thermal_zone5,B0D4,48050,110050
2026-08-28T22:27:32+05:30,thermal_zone6,iwlwifi_1,55000,0
2026-08-28T22:27:32+05:30,thermal_zone7,x86_pkg_temp,64000,0
2026-08-28T22:27:33+05:30,thermal_zone0,acpitz,48000,128000
2026-08-28T22:27:33+05:30,thermal_zone1,pch_cannonlake,54000,120000
2026-08-28T22:27:33+05:30,thermal_zone2,INT3400 Thermal,20000,0
2026-08-28T22:27:33+05:30,thermal_zone3,SEN1,1050,103050
2026-08-28T22:27:33+05:30,thermal_zone4,SEN2,41050,80050
2026-08-28T22:27:33+05:30,thermal_zone5,B0D4,48050,110050
2026-08-28T22:27:33+05:30,thermal_zone6,iwlwifi_1,55000,0
2026-08-28T22:27:33+05:30,thermal_zone7,x86_pkg_temp,65000,0
2026-08-28T22:27:34+05:30,thermal_zone0,acpitz,48000,128000
2026-08-28T22:27:34+05:30,thermal_zone1,pch_cannonlake,54000,120000
2026-08-28T22:27:34+05:30,thermal_zone2,INT3400 Thermal,20000,0
2026-08-28T22:27:34+05:30,thermal_zone3,SEN1,1050,103050
2026-08-28T22:27:34+05:30,thermal_zone4,SEN2,41050,80050
2026-08-28T22:27:34+05:30,thermal_zone5,B0D4,48050,110050
2026-08-28T22:27:34+05:30,thermal_zone6,iwlwifi_1,55000,0
2026-08-28T22:27:34+05:30,thermal_zone7,x86_pkg_temp,65000,0
2026-08-28T22:27:35+05:30,thermal_zone0,acpitz,48000,128000
2026-08-28T22:27:35+05:30,thermal_zone1,pch_cannonlake,54000,120000
2026-08-28T22:27:35+05:30,thermal_zone2,INT3400 Thermal,20000,0
2026-08-28T22:27:35+05:30,thermal_zone3,SEN1,1050,103050
2026-08-28T22:27:35+05:30,thermal_zone4,SEN2,41050,80050
2026-08-28T22:27:35+05:30,thermal_zone5,B0D4,48050,110050
2026-08-28T22:27:35+05:30,thermal_zone6,iwlwifi_1,55000,0
2026-08-28T22:27:35+05:30,thermal_zone7,x86_pkg_temp,64000,0
2026-08-28T22:27:37+05:30,thermal_zone0,acpitz,48000,128000
2026-08-28T22:27:37+05:30,thermal_zone1,pch_cannonlake,55000,120000
2026-08-28T22:27:37+05:30,thermal_zone2,INT3400 Thermal,20000,0
2026-08-28T22:27:37+05:30,thermal_zone3,SEN1,1050,103050
2026-08-28T22:27:37+05:30,thermal_zone4,SEN2,41050,80050
2026-08-28T22:27:37+05:30,thermal_zone5,B0D4,48050,110050
2026-08-28T22:27:37+05:30,thermal_zone6,iwlwifi_1,55000,0
2026-08-28T22:27:37+05:30,thermal_zone7,x86_pkg_temp,63000,0
2026-08-28T22:27:38+05:30,thermal_zone0,acpitz,48000,128000
2026-08-28T22:27:38+05:30,thermal_zone1,pch_cannonlake,55000,120000
2026-08-28T22:27:38+05:30,thermal_zone2,INT3400 Thermal,20000,0
2026-08-28T22:27:38+05:30,thermal_zone3,SEN1,1050,103050
2026-08-28T22:27:38+05:30,thermal_zone4,SEN2,41050,80050
2026-08-28T22:27:38+05:30,thermal_zone5,B0D4,48050,110050
2026-08-28T22:27:38+05:30,thermal_zone6,iwlwifi_1,55000,0
2026-08-28T22:27:38+05:30,thermal_zone7,x86_pkg_temp,64000,0
2026-08-28T22:27:39+05:30,thermal_zone0,acpitz,48000,128000
2026-08-28T22:27:39+05:30,thermal_zone1,pch_cannonlake,53000,120000
2026-08-28T22:27:39+05:30,thermal_zone2,INT3400 Thermal,20000,0
2026-08-28T22:27:39+05:30,thermal_zone3,SEN1,1050,103050
2026-08-28T22:27:39+05:30,thermal_zone4,SEN2,41050,80050
2026-08-28T22:27:39+05:30,thermal_zone5,B0D4,48050,110050
2026-08-28T22:27:39+05:30,thermal_zone6,iwlwifi_1,55000,0
2026-08-28T22:27:39+05:30,thermal_zone7,x86_pkg_temp,64000,0
2026-08-28T22:27:40+05:30,thermal_zone0,acpitz,48000,128000
2026-08-28T22:27:40+05:30,thermal_zone1,pch_cannonlake,53000,120000
2026-08-28T22:27:40+05:30,thermal_zone2,INT3400 Thermal,20000,0
2026-08-28T22:27:40+05:30,thermal_zone3,SEN1,1050,103050
2026-08-28T22:27:40+05:30,thermal_zone4,SEN2,41050,80050
2026-08-28T22:27:40+05:30,thermal_zone5,B0D4,48050,110050
2026-08-28T22:27:40+05:30,thermal_zone6,iwlwifi_1,55000,0
2026-08-28T22:27:40+05:30,thermal_zone7,x86_pkg_temp,65000,0
2026-08-28T22:27:42+05:30,thermal_zone0,acpitz,48000,128000
2026-08-28T22:27:42+05:30,thermal_zone1,pch_cannonlake,54000,120000
2026-08-28T22:27:42+05:30,thermal_zone2,INT3400 Thermal,20000,0
2026-08-28T22:27:42+05:30,thermal_zone3,SEN1,1050,103050
2026-08-28T22:27:42+05:30,thermal_zone4,SEN2,41050,80050
2026-08-28T22:27:42+05:30,thermal_zone5,B0D4,48050,110050
2026-08-28T22:27:42+05:30,thermal_zone6,iwlwifi_1,55000,0
2026-08-28T22:27:42+05:30,thermal_zone7,x86_pkg_temp,64000,0
2026-08-28T22:27:43+05:30,thermal_zone0,acpitz,48000,128000
2026-08-28T22:27:43+05:30,thermal_zone1,pch_cannonlake,53000,120000
2026-08-28T22:27:43+05:30,thermal_zone2,INT3400 Thermal,20000,0
2026-08-28T22:27:43+05:30,thermal_zone3,SEN1,1050,103050
2026-08-28T22:27:43+05:30,thermal_zone4,SEN2,41050,80050
2026-08-28T22:27:43+05:30,thermal_zone5,B0D4,48050,110050
2026-08-28T22:27:43+05:30,thermal_zone6,iwlwifi_1,55000,0
2026-08-28T22:27:43+05:30,thermal_zone7,x86_pkg_temp,65000,0
2026-08-28T22:27:45+05:30,thermal_zone0,acpitz,48000,128000
2026-08-28T22:27:45+05:30,thermal_zone1,pch_cannonlake,53000,120000
2026-08-28T22:27:45+05:30,thermal_zone2,INT3400 Thermal,20000,0
2026-08-28T22:27:45+05:30,thermal_zone3,SEN1,1050,103050
2026-08-28T22:27:45+05:30,thermal_zone4,SEN2,41050,80050
2026-08-28T22:27:45+05:30,thermal_zone5,B0D4,48050,110050
2026-08-28T22:27:45+05:30,thermal_zone6,iwlwifi_1,55000,0
2026-08-28T22:27:45+05:30,thermal_zone7,x86_pkg_temp,62000,0
2026-08-28T22:27:46+05:30,thermal_zone0,acpitz,48000,128000
2026-08-28T22:27:46+05:30,thermal_zone1,pch_cannonlake,54000,120000
2026-08-28T22:27:46+05:30,thermal_zone2,INT3400 Thermal,20000,0
2026-08-28T22:27:46+05:30,thermal_zone3,SEN1,1050,103050
2026-08-28T22:27:46+05:30,thermal_zone4,SEN2,41050,80050
2026-08-28T22:27:46+05:30,thermal_zone5,B0D4,48050,110050
2026-08-28T22:27:46+05:30,thermal_zone6,iwlwifi_1,57000,0
2026-08-28T22:27:46+05:30,thermal_zone7,x86_pkg_temp,64000,0
2026-08-28T22:27:47+05:30,thermal_zone0,acpitz,48000,128000
2026-08-28T22:27:47+05:30,thermal_zone1,pch_cannonlake,53000,120000
2026-08-28T22:27:47+05:30,thermal_zone2,INT3400 Thermal,20000,0
2026-08-28T22:27:47+05:30,thermal_zone3,SEN1,1050,103050
2026-08-28T22:27:47+05:30,thermal_zone4,SEN2,41050,80050
2026-08-28T22:27:47+05:30,thermal_zone5,B0D4,48050,110050
2026-08-28T22:27:47+05:30,thermal_zone6,iwlwifi_1,55000,0
2026-08-28T22:27:47+05:30,thermal_zone7,x86_pkg_temp,62000,0
2026-08-28T22:27:49+05:30,thermal_zone0,acpitz,48000,128000
2026-08-28T22:27:49+05:30,thermal_zone1,pch_cannonlake,54000,120000
2026-08-28T22:27:49+05:30,thermal_zone2,INT3400 Thermal,20000,0
2026-08-28T22:27:49+05:30,thermal_zone3,SEN1,1050,103050
2026-08-28T22:27:49+05:30,thermal_zone4,SEN2,41050,80050
2026-08-28T22:27:49+05:30,thermal_zone5,B0D4,48050,110050
2026-08-28T22:27:49+05:30,thermal_zone6,iwlwifi_1,56000,0
2026-08-28T22:27:49+05:30,thermal_zone7,x86_pkg_temp,64000,0
2026-08-28T22:27:50+05:30,thermal_zone0,acpitz,48000,128000
2026-08-28T22:27:50+05:30,thermal_zone1,pch_cannonlake,54000,120000
2026-08-28T22:27:50+05:30,thermal_zone2,INT3400 Thermal,20000,0
2026-08-28T22:27:50+05:30,thermal_zone3,SEN1,1050,103050
2026-08-28T22:27:50+05:30,thermal_zone4,SEN2,41050,80050
2026-08-28T22:27:50+05:30,thermal_zone5,B0D4,48050,110050
2026-08-28T22:27:50+05:30,thermal_zone6,iwlwifi_1,55000,0
2026-08-28T22:27:50+05:30,thermal_zone7,x86_pkg_temp,66000,0
2026-08-28T22:27:51+05:30,thermal_zone0,acpitz,48000,128000
2026-08-28T22:27:51+05:30,thermal_zone1,pch_cannonlake,54000,120000
2026-08-28T22:27:51+05:30,thermal_zone2,INT3400 Thermal,20000,0
2026-08-28T22:27:51+05:30,thermal_zone3,SEN1,1050,103050
2026-08-28T22:27:51+05:30,thermal_zone4,SEN2,41050,80050
2026-08-28T22:27:51+05:30,thermal_zone5,B0D4,48050,110050
2026-08-28T22:27:51+05:30,thermal_zone6,iwlwifi_1,55000,0
2026-08-28T22:27:51+05:30,thermal_zone7,x86_pkg_temp,64000,0
2026-08-28T22:27:52+05:30,thermal_zone0,acpitz,48000,128000
2026-08-28T22:27:52+05:30,thermal_zone1,pch_cannonlake,53000,120000
2026-08-28T22:27:52+05:30,thermal_zone2,INT3400 Thermal,20000,0
2026-08-28T22:27:52+05:30,thermal_zone3,SEN1,1050,103050
2026-08-28T22:27:52+05:30,thermal_zone4,SEN2,41050,80050
2026-08-28T22:27:52+05:30,thermal_zone5,B0D4,48050,110050
2026-08-28T22:27:52+05:30,thermal_zone6,iwlwifi_1,55000,0
2026-08-28T22:27:52+05:30,thermal_zone7,x86_pkg_temp,64000,0
2026-08-28T22:27:54+05:30,thermal_zone0,acpitz,48000,128000
2026-08-28T22:27:54+05:30,thermal_zone1,pch_cannonlake,54000,120000
2026-08-28T22:27:54+05:30,thermal_zone2,INT3400 Thermal,20000,0
2026-08-28T22:27:54+05:30,thermal_zone3,SEN1,1050,103050
2026-08-28T22:27:54+05:30,thermal_zone4,SEN2,41050,80050
2026-08-28T22:27:54+05:30,thermal_zone5,B0D4,48050,110050
2026-08-28T22:27:54+05:30,thermal_zone6,iwlwifi_1,55000,0
2026-08-28T22:27:54+05:30,thermal_zone7,x86_pkg_temp,64000,0
2026-08-28T22:27:55+05:30,thermal_zone0,acpitz,48000,128000
2026-08-28T22:27:55+05:30,thermal_zone1,pch_cannonlake,55000,120000
2026-08-28T22:27:55+05:30,thermal_zone2,INT3400 Thermal,20000,0
2026-08-28T22:27:55+05:30,thermal_zone3,SEN1,1050,103050
2026-08-28T22:27:55+05:30,thermal_zone4,SEN2,41050,80050
2026-08-28T22:27:55+05:30,thermal_zone5,B0D4,48050,110050
2026-08-28T22:27:55+05:30,thermal_zone6,iwlwifi_1,55000,0
2026-08-28T22:27:55+05:30,thermal_zone7,x86_pkg_temp,65000,0
2026-08-28T22:27:56+05:30,thermal_zone0,acpitz,48000,128000
2026-08-28T22:27:56+05:30,thermal_zone1,pch_cannonlake,55000,120000
2026-08-28T22:27:56+05:30,thermal_zone2,INT3400 Thermal,20000,0
2026-08-28T22:27:56+05:30,thermal_zone3,SEN1,1050,103050
2026-08-28T22:27:56+05:30,thermal_zone4,SEN2,41050,80050
2026-08-28T22:27:56+05:30,thermal_zone5,B0D4,48050,110050
2026-08-28T22:27:56+05:30,thermal_zone6,iwlwifi_1,55000,0
2026-08-28T22:27:56+05:30,thermal_zone7,x86_pkg_temp,64000,0
2026-08-28T22:27:57+05:30,thermal_zone0,acpitz,48000,128000
2026-08-28T22:27:57+05:30,thermal_zone1,pch_cannonlake,54000,120000
2026-08-28T22:27:57+05:30,thermal_zone2,INT3400 Thermal,20000,0
2026-08-28T22:27:57+05:30,thermal_zone3,SEN1,1050,103050
2026-08-28T22:27:57+05:30,thermal_zone4,SEN2,41050,80050
2026-08-28T22:27:57+05:30,thermal_zone5,B0D4,48050,110050
2026-08-28T22:27:57+05:30,thermal_zone6,iwlwifi_1,55000,0
2026-08-28T22:27:57+05:30,thermal_zone7,x86_pkg_temp,64000,0
2026-08-28T22:27:59+05:30,thermal_zone0,acpitz,48000,128000
2026-08-28T22:27:59+05:30,thermal_zone1,pch_cannonlake,53000,120000
2026-08-28T22:27:59+05:30,thermal_zone2,INT3400 Thermal,20000,0
2026-08-28T22:27:59+05:30,thermal_zone3,SEN1,1050,103050
2026-08-28T22:27:59+05:30,thermal_zone4,SEN2,41050,80050
2026-08-28T22:27:59+05:30,thermal_zone5,B0D4,48050,110050
2026-08-28T22:27:59+05:30,thermal_zone6,iwlwifi_1,55000,0
2026-08-28T22:27:59+05:30,thermal_zone7,x86_pkg_temp,64000,0
2026-08-28T22:28:00+05:30,thermal_zone0,acpitz,48000,128000
2026-08-28T22:28:00+05:30,thermal_zone1,pch_cannonlake,54000,120000
2026-08-28T22:28:00+05:30,thermal_zone2,INT3400 Thermal,20000,0
2026-08-28T22:28:00+05:30,thermal_zone3,SEN1,1050,103050
2026-08-28T22:28:00+05:30,thermal_zone4,SEN2,41050,80050
2026-08-28T22:28:00+05:30,thermal_zone5,B0D4,48050,110050
2026-08-28T22:28:00+05:30,thermal_zone6,iwlwifi_1,55000,0
2026-08-28T22:28:00+05:30,thermal_zone7,x86_pkg_temp,63000,0
2026-08-28T22:28:01+05:30,thermal_zone0,acpitz,48000,128000
2026-08-28T22:28:01+05:30,thermal_zone1,pch_cannonlake,54000,120000
2026-08-28T22:28:01+05:30,thermal_zone2,INT3400 Thermal,20000,0
2026-08-28T22:28:01+05:30,thermal_zone3,SEN1,1050,103050
2026-08-28T22:28:01+05:30,thermal_zone4,SEN2,41050,80050
2026-08-28T22:28:01+05:30,thermal_zone5,B0D4,48050,110050
2026-08-28T22:28:01+05:30,thermal_zone6,iwlwifi_1,55000,0
2026-08-28T22:28:01+05:30,thermal_zone7,x86_pkg_temp,64000,0
2026-08-28T22:28:02+05:30,thermal_zone0,acpitz,48000,128000
2026-08-28T22:28:02+05:30,thermal_zone1,pch_cannonlake,54000,120000
2026-08-28T22:28:02+05:30,thermal_zone2,INT3400 Thermal,20000,0
2026-08-28T22:28:02+05:30,thermal_zone3,SEN1,1050,103050
2026-08-28T22:28:02+05:30,thermal_zone4,SEN2,41050,80050
2026-08-28T22:28:02+05:30,thermal_zone5,B0D4,48050,110050
2026-08-28T22:28:02+05:30,thermal_zone6,iwlwifi_1,55000,0
2026-08-28T22:28:02+05:30,thermal_zone7,x86_pkg_temp,65000,0
2026-08-28T22:28:04+05:30,thermal_zone0,acpitz,48000,128000
2026-08-28T22:28:04+05:30,thermal_zone1,pch_cannonlake,54000,120000
2026-08-28T22:28:04+05:30,thermal_zone2,INT3400 Thermal,20000,0
2026-08-28T22:28:04+05:30,thermal_zone3,SEN1,1050,103050
2026-08-28T22:28:04+05:30,thermal_zone4,SEN2,41050,80050
2026-08-28T22:28:04+05:30,thermal_zone5,B0D4,48050,110050
2026-08-28T22:28:04+05:30,thermal_zone6,iwlwifi_1,55000,0
2026-08-28T22:28:04+05:30,thermal_zone7,x86_pkg_temp,64000,0
2026-08-28T22:28:05+05:30,thermal_zone0,acpitz,48000,128000
2026-08-28T22:28:05+05:30,thermal_zone1,pch_cannonlake,54000,120000
2026-08-28T22:28:05+05:30,thermal_zone2,INT3400 Thermal,20000,0
2026-08-28T22:28:05+05:30,thermal_zone3,SEN1,1050,103050
2026-08-28T22:28:05+05:30,thermal_zone4,SEN2,41050,80050
2026-08-28T22:28:05+05:30,thermal_zone5,B0D4,48050,110050
2026-08-28T22:28:05+05:30,thermal_zone6,iwlwifi_1,55000,0
2026-08-28T22:28:05+05:30,thermal_zone7,x86_pkg_temp,64000,0
2026-08-28T22:28:06+05:30,thermal_zone0,acpitz,48000,128000
2026-08-28T22:28:06+05:30,thermal_zone1,pch_cannonlake,54000,120000
2026-08-28T22:28:06+05:30,thermal_zone2,INT3400 Thermal,20000,0
2026-08-28T22:28:06+05:30,thermal_zone3,SEN1,1050,103050
2026-08-28T22:28:06+05:30,thermal_zone4,SEN2,41050,80050
2026-08-28T22:28:06+05:30,thermal_zone5,B0D4,48050,110050
2026-08-28T22:28:06+05:30,thermal_zone6,iwlwifi_1,54000,0
2026-08-28T22:28:06+05:30,thermal_zone7,x86_pkg_temp,64000,0
2026-08-28T22:28:07+05:30,thermal_zone0,acpitz,48000,128000
2026-08-28T22:28:07+05:30,thermal_zone1,pch_cannonlake,54000,120000
2026-08-28T22:28:07+05:30,thermal_zone2,INT3400 Thermal,20000,0
2026-08-28T22:28:07+05:30,thermal_zone3,SEN1,1050,103050
2026-08-28T22:28:07+05:30,thermal_zone4,SEN2,41050,80050
2026-08-28T22:28:07+05:30,thermal_zone5,B0D4,48050,110050
2026-08-28T22:28:07+05:30,thermal_zone6,iwlwifi_1,55000,0
2026-08-28T22:28:07+05:30,thermal_zone7,x86_pkg_temp,63000,0
2026-08-28T22:28:09+05:30,thermal_zone0,acpitz,48000,128000
2026-08-28T22:28:09+05:30,thermal_zone1,pch_cannonlake,53000,120000
2026-08-28T22:28:09+05:30,thermal_zone2,INT3400 Thermal,20000,0
2026-08-28T22:28:09+05:30,thermal_zone3,SEN1,1050,103050
2026-08-28T22:28:09+05:30,thermal_zone4,SEN2,41050,80050
2026-08-28T22:28:09+05:30,thermal_zone5,B0D4,48050,110050
2026-08-28T22:28:09+05:30,thermal_zone6,iwlwifi_1,55000,0
2026-08-28T22:28:09+05:30,thermal_zone7,x86_pkg_temp,64000,0
2026-08-28T22:28:10+05:30,thermal_zone0,acpitz,48000,128000
2026-08-28T22:28:10+05:30,thermal_zone1,pch_cannonlake,55000,120000
2026-08-28T22:28:10+05:30,thermal_zone2,INT3400 Thermal,20000,0
2026-08-28T22:28:10+05:30,thermal_zone3,SEN1,1050,103050
2026-08-28T22:28:10+05:30,thermal_zone4,SEN2,41050,80050
2026-08-28T22:28:10+05:30,thermal_zone5,B0D4,48050,110050
2026-08-28T22:28:10+05:30,thermal_zone6,iwlwifi_1,55000,0
2026-08-28T22:28:10+05:30,thermal_zone7,x86_pkg_temp,65000,0
2026-08-28T22:28:11+05:30,thermal_zone0,acpitz,48000,128000
2026-08-28T22:28:11+05:30,thermal_zone1,pch_cannonlake,55000,120000
2026-08-28T22:28:11+05:30,thermal_zone2,INT3400 Thermal,20000,0
2026-08-28T22:28:11+05:30,thermal_zone3,SEN1,1050,103050
2026-08-28T22:28:11+05:30,thermal_zone4,SEN2,41050,80050
2026-08-28T22:28:11+05:30,thermal_zone5,B0D4,48050,110050
2026-08-28T22:28:11+05:30,thermal_zone6,iwlwifi_1,55000,0
2026-08-28T22:28:11+05:30,thermal_zone7,x86_pkg_temp,64000,0
2026-08-28T22:28:13+05:30,thermal_zone0,acpitz,48000,128000
2026-08-28T22:28:13+05:30,thermal_zone1,pch_cannonlake,54000,120000
2026-08-28T22:28:13+05:30,thermal_zone2,INT3400 Thermal,20000,0
2026-08-28T22:28:13+05:30,thermal_zone3,SEN1,1050,103050
2026-08-28T22:28:13+05:30,thermal_zone4,SEN2,41050,80050
2026-08-28T22:28:13+05:30,thermal_zone5,B0D4,48050,110050
2026-08-28T22:28:13+05:30,thermal_zone6,iwlwifi_1,55000,0
2026-08-28T22:28:13+05:30,thermal_zone7,x86_pkg_temp,65000,0
2026-08-28T22:28:14+05:30,thermal_zone0,acpitz,48000,128000
2026-08-28T22:28:14+05:30,thermal_zone1,pch_cannonlake,55000,120000
2026-08-28T22:28:14+05:30,thermal_zone2,INT3400 Thermal,20000,0
2026-08-28T22:28:14+05:30,thermal_zone3,SEN1,1050,103050
2026-08-28T22:28:14+05:30,thermal_zone4,SEN2,41050,80050
2026-08-28T22:28:14+05:30,thermal_zone5,B0D4,48050,110050
2026-08-28T22:28:14+05:30,thermal_zone6,iwlwifi_1,55000,0
2026-08-28T22:28:14+05:30,thermal_zone7,x86_pkg_temp,64000,0
2026-08-28T22:28:15+05:30,thermal_zone0,acpitz,48000,128000
2026-08-28T22:28:15+05:30,thermal_zone1,pch_cannonlake,55000,120000
2026-08-28T22:28:15+05:30,thermal_zone2,INT3400 Thermal,20000,0
2026-08-28T22:28:15+05:30,thermal_zone3,SEN1,1050,103050
2026-08-28T22:28:15+05:30,thermal_zone4,SEN2,41050,80050
2026-08-28T22:28:15+05:30,thermal_zone5,B0D4,48050,110050
2026-08-28T22:28:15+05:30,thermal_zone6,iwlwifi_1,55000,0
2026-08-28T22:28:15+05:30,thermal_zone7,x86_pkg_temp,64000,0
2026-08-28T22:28:16+05:30,thermal_zone0,acpitz,48000,128000
2026-08-28T22:28:16+05:30,thermal_zone1,pch_cannonlake,54000,120000
2026-08-28T22:28:16+05:30,thermal_zone2,INT3400 Thermal,20000,0
2026-08-28T22:28:16+05:30,thermal_zone3,SEN1,1050,103050
2026-08-28T22:28:16+05:30,thermal_zone4,SEN2,41050,80050
2026-08-28T22:28:16+05:30,thermal_zone5,B0D4,48050,110050
2026-08-28T22:28:16+05:30,thermal_zone6,iwlwifi_1,55000,0
2026-08-28T22:28:16+05:30,thermal_zone7,x86_pkg_temp,63000,0
2026-08-28T22:28:18+05:30,thermal_zone0,acpitz,48000,128000
2026-08-28T22:28:18+05:30,thermal_zone1,pch_cannonlake,54000,120000
2026-08-28T22:28:18+05:30,thermal_zone2,INT3400 Thermal,20000,0
2026-08-28T22:28:18+05:30,thermal_zone3,SEN1,1050,103050
2026-08-28T22:28:18+05:30,thermal_zone4,SEN2,41050,80050
2026-08-28T22:28:18+05:30,thermal_zone5,B0D4,48050,110050
2026-08-28T22:28:18+05:30,thermal_zone6,iwlwifi_1,55000,0
2026-08-28T22:28:18+05:30,thermal_zone7,x86_pkg_temp,63000,0
2026-08-28T22:28:19+05:30,thermal_zone0,acpitz,48000,128000
2026-08-28T22:28:19+05:30,thermal_zone1,pch_cannonlake,55000,120000
2026-08-28T22:28:19+05:30,thermal_zone2,INT3400 Thermal,20000,0
2026-08-28T22:28:19+05:30,thermal_zone3,SEN1,1050,103050
2026-08-28T22:28:19+05:30,thermal_zone4,SEN2,41050,80050
2026-08-28T22:28:19+05:30,thermal_zone5,B0D4,48050,110050
2026-08-28T22:28:19+05:30,thermal_zone6,iwlwifi_1,57000,0
2026-08-28T22:28:19+05:30,thermal_zone7,x86_pkg_temp,62000,0
2026-08-28T22:28:20+05:30,thermal_zone0,acpitz,48000,128000
2026-08-28T22:28:20+05:30,thermal_zone1,pch_cannonlake,54000,120000
2026-08-28T22:28:20+05:30,thermal_zone2,INT3400 Thermal,20000,0
2026-08-28T22:28:20+05:30,thermal_zone3,SEN1,1050,103050
2026-08-28T22:28:20+05:30,thermal_zone4,SEN2,41050,80050
2026-08-28T22:28:20+05:30,thermal_zone5,B0D4,48050,110050
2026-08-28T22:28:20+05:30,thermal_zone6,iwlwifi_1,56000,0
2026-08-28T22:28:20+05:30,thermal_zone7,x86_pkg_temp,63000,0
2026-08-28T22:28:21+05:30,thermal_zone0,acpitz,48000,128000
2026-08-28T22:28:21+05:30,thermal_zone1,pch_cannonlake,55000,120000
2026-08-28T22:28:21+05:30,thermal_zone2,INT3400 Thermal,20000,0
2026-08-28T22:28:21+05:30,thermal_zone3,SEN1,1050,103050
2026-08-28T22:28:21+05:30,thermal_zone4,SEN2,41050,80050
2026-08-28T22:28:21+05:30,thermal_zone5,B0D4,48050,110050
2026-08-28T22:28:21+05:30,thermal_zone6,iwlwifi_1,57000,0
2026-08-28T22:28:21+05:30,thermal_zone7,x86_pkg_temp,64000,0
2026-08-28T22:28:23+05:30,thermal_zone0,acpitz,48000,128000
2026-08-28T22:28:23+05:30,thermal_zone1,pch_cannonlake,54000,120000
2026-08-28T22:28:23+05:30,thermal_zone2,INT3400 Thermal,20000,0
2026-08-28T22:28:23+05:30,thermal_zone3,SEN1,1050,103050
2026-08-28T22:28:23+05:30,thermal_zone4,SEN2,41050,80050
2026-08-28T22:28:23+05:30,thermal_zone5,B0D4,48050,110050
2026-08-28T22:28:23+05:30,thermal_zone6,iwlwifi_1,56000,0
2026-08-28T22:28:23+05:30,thermal_zone7,x86_pkg_temp,65000,0
2026-08-28T22:28:24+05:30,thermal_zone0,acpitz,48000,128000
2026-08-28T22:28:24+05:30,thermal_zone1,pch_cannonlake,55000,120000
2026-08-28T22:28:24+05:30,thermal_zone2,INT3400 Thermal,20000,0
2026-08-28T22:28:24+05:30,thermal_zone3,SEN1,1050,103050
2026-08-28T22:28:24+05:30,thermal_zone4,SEN2,41050,80050
2026-08-28T22:28:24+05:30,thermal_zone5,B0D4,48050,110050
2026-08-28T22:28:24+05:30,thermal_zone6,iwlwifi_1,55000,0
2026-08-28T22:28:24+05:30,thermal_zone7,x86_pkg_temp,65000,0
2026-08-28T22:28:25+05:30,thermal_zone0,acpitz,48000,128000
2026-08-28T22:28:25+05:30,thermal_zone1,pch_cannonlake,53000,120000
2026-08-28T22:28:25+05:30,thermal_zone2,INT3400 Thermal,20000,0
2026-08-28T22:28:25+05:30,thermal_zone3,SEN1,1050,103050
2026-08-28T22:28:25+05:30,thermal_zone4,SEN2,41050,80050
2026-08-28T22:28:25+05:30,thermal_zone5,B0D4,48050,110050
2026-08-28T22:28:25+05:30,thermal_zone6,iwlwifi_1,55000,0
2026-08-28T22:28:25+05:30,thermal_zone7,x86_pkg_temp,64000,0
2026-08-28T22:28:27+05:30,thermal_zone0,acpitz,48000,128000
2026-08-28T22:28:27+05:30,thermal_zone1,pch_cannonlake,54000,120000
2026-08-28T22:28:27+05:30,thermal_zone2,INT3400 Thermal,20000,0
2026-08-28T22:28:27+05:30,thermal_zone3,SEN1,1050,103050
2026-08-28T22:28:27+05:30,thermal_zone4,SEN2,41050,80050
2026-08-28T22:28:27+05:30,thermal_zone5,B0D4,48050,110050
2026-08-28T22:28:27+05:30,thermal_zone6,iwlwifi_1,55000,0
2026-08-28T22:28:27+05:30,thermal_zone7,x86_pkg_temp,66000,0
2026-08-28T22:28:28+05:30,thermal_zone0,acpitz,48000,128000
2026-08-28T22:28:28+05:30,thermal_zone1,pch_cannonlake,54000,120000
2026-08-28T22:28:28+05:30,thermal_zone2,INT3400 Thermal,20000,0
2026-08-28T22:28:28+05:30,thermal_zone3,SEN1,1050,103050
2026-08-28T22:28:28+05:30,thermal_zone4,SEN2,41050,80050
2026-08-28T22:28:28+05:30,thermal_zone5,B0D4,48050,110050
2026-08-28T22:28:28+05:30,thermal_zone6,iwlwifi_1,55000,0
2026-08-28T22:28:28+05:30,thermal_zone7,x86_pkg_temp,65000,0
2026-08-28T22:28:29+05:30,thermal_zone0,acpitz,48000,128000
2026-08-28T22:28:29+05:30,thermal_zone1,pch_cannonlake,55000,120000
2026-08-28T22:28:29+05:30,thermal_zone2,INT3400 Thermal,20000,0
2026-08-28T22:28:29+05:30,thermal_zone3,SEN1,1050,103050
2026-08-28T22:28:29+05:30,thermal_zone4,SEN2,41050,80050
2026-08-28T22:28:29+05:30,thermal_zone5,B0D4,48050,110050
2026-08-28T22:28:29+05:30,thermal_zone6,iwlwifi_1,55000,0
2026-08-28T22:28:29+05:30,thermal_zone7,x86_pkg_temp,64000,0
2026-08-28T22:28:30+05:30,thermal_zone0,acpitz,48000,128000
2026-08-28T22:28:30+05:30,thermal_zone1,pch_cannonlake,54000,120000
2026-08-28T22:28:30+05:30,thermal_zone2,INT3400 Thermal,20000,0
2026-08-28T22:28:30+05:30,thermal_zone3,SEN1,1050,103050
2026-08-28T22:28:30+05:30,thermal_zone4,SEN2,41050,80050
2026-08-28T22:28:30+05:30,thermal_zone5,B0D4,48050,110050
2026-08-28T22:28:30+05:30,thermal_zone6,iwlwifi_1,55000,0
2026-08-28T22:28:30+05:30,thermal_zone7,x86_pkg_temp,66000,0
2026-08-28T22:28:31+05:30,thermal_zone0,acpitz,48000,128000
2026-08-28T22:28:31+05:30,thermal_zone1,pch_cannonlake,53000,120000
2026-08-28T22:28:31+05:30,thermal_zone2,INT3400 Thermal,20000,0
2026-08-28T22:28:31+05:30,thermal_zone3,SEN1,1050,103050
2026-08-28T22:28:31+05:30,thermal_zone4,SEN2,41050,80050
2026-08-28T22:28:31+05:30,thermal_zone5,B0D4,48050,110050
2026-08-28T22:28:31+05:30,thermal_zone6,iwlwifi_1,55000,0
2026-08-28T22:28:31+05:30,thermal_zone7,x86_pkg_temp,63000,0
2026-08-28T22:28:33+05:30,thermal_zone0,acpitz,48000,128000
2026-08-28T22:28:33+05:30,thermal_zone1,pch_cannonlake,54000,120000
2026-08-28T22:28:33+05:30,thermal_zone2,INT3400 Thermal,20000,0
2026-08-28T22:28:33+05:30,thermal_zone3,SEN1,1050,103050
2026-08-28T22:28:33+05:30,thermal_zone4,SEN2,41050,80050
2026-08-28T22:28:33+05:30,thermal_zone5,B0D4,48050,110050
2026-08-28T22:28:33+05:30,thermal_zone6,iwlwifi_1,55000,0
2026-08-28T22:28:33+05:30,thermal_zone7,x86_pkg_temp,64000,0
2026-08-28T22:28:34+05:30,thermal_zone0,acpitz,48000,128000
2026-08-28T22:28:34+05:30,thermal_zone1,pch_cannonlake,54000,120000
2026-08-28T22:28:34+05:30,thermal_zone2,INT3400 Thermal,20000,0
2026-08-28T22:28:34+05:30,thermal_zone3,SEN1,1050,103050
2026-08-28T22:28:34+05:30,thermal_zone4,SEN2,41050,80050
2026-08-28T22:28:34+05:30,thermal_zone5,B0D4,48050,110050
2026-08-28T22:28:34+05:30,thermal_zone6,iwlwifi_1,55000,0
2026-08-28T22:28:34+05:30,thermal_zone7,x86_pkg_temp,66000,0
2026-08-28T22:28:35+05:30,thermal_zone0,acpitz,48000,128000
2026-08-28T22:28:35+05:30,thermal_zone1,pch_cannonlake,55000,120000
2026-08-28T22:28:35+05:30,thermal_zone2,INT3400 Thermal,20000,0
2026-08-28T22:28:35+05:30,thermal_zone3,SEN1,1050,103050
2026-08-28T22:28:35+05:30,thermal_zone4,SEN2,41050,80050
2026-08-28T22:28:35+05:30,thermal_zone5,B0D4,48050,110050
2026-08-28T22:28:35+05:30,thermal_zone6,iwlwifi_1,55000,0
2026-08-28T22:28:35+05:30,thermal_zone7,x86_pkg_temp,66000,0
2026-08-28T22:28:37+05:30,thermal_zone0,acpitz,48000,128000
2026-08-28T22:28:37+05:30,thermal_zone1,pch_cannonlake,54000,120000
2026-08-28T22:28:37+05:30,thermal_zone2,INT3400 Thermal,20000,0
2026-08-28T22:28:37+05:30,thermal_zone3,SEN1,1050,103050
2026-08-28T22:28:37+05:30,thermal_zone4,SEN2,41050,80050
2026-08-28T22:28:37+05:30,thermal_zone5,B0D4,48050,110050
2026-08-28T22:28:37+05:30,thermal_zone6,iwlwifi_1,55000,0
2026-08-28T22:28:37+05:30,thermal_zone7,x86_pkg_temp,64000,0
2026-08-28T22:28:38+05:30,thermal_zone0,acpitz,48000,128000
2026-08-28T22:28:38+05:30,thermal_zone1,pch_cannonlake,55000,120000
2026-08-28T22:28:38+05:30,thermal_zone2,INT3400 Thermal,20000,0
2026-08-28T22:28:38+05:30,thermal_zone3,SEN1,1050,103050
2026-08-28T22:28:38+05:30,thermal_zone4,SEN2,41050,80050
2026-08-28T22:28:38+05:30,thermal_zone5,B0D4,48050,110050
2026-08-28T22:28:38+05:30,thermal_zone6,iwlwifi_1,55000,0
2026-08-28T22:28:38+05:30,thermal_zone7,x86_pkg_temp,66000,0
2026-08-28T22:28:39+05:30,thermal_zone0,acpitz,48000,128000
2026-08-28T22:28:39+05:30,thermal_zone1,pch_cannonlake,55000,120000
2026-08-28T22:28:39+05:30,thermal_zone2,INT3400 Thermal,20000,0
2026-08-28T22:28:39+05:30,thermal_zone3,SEN1,1050,103050
2026-08-28T22:28:39+05:30,thermal_zone4,SEN2,41050,80050
2026-08-28T22:28:39+05:30,thermal_zone5,B0D4,48050,110050
2026-08-28T22:28:39+05:30,thermal_zone6,iwlwifi_1,55000,0
2026-08-28T22:28:39+05:30,thermal_zone7,x86_pkg_temp,64000,0
2026-08-28T22:28:40+05:30,thermal_zone0,acpitz,48000,128000
2026-08-28T22:28:40+05:30,thermal_zone1,pch_cannonlake,55000,120000
2026-08-28T22:28:40+05:30,thermal_zone2,INT3400 Thermal,20000,0
2026-08-28T22:28:40+05:30,thermal_zone3,SEN1,1050,103050
2026-08-28T22:28:40+05:30,thermal_zone4,SEN2,41050,80050
2026-08-28T22:28:40+05:30,thermal_zone5,B0D4,48050,110050
2026-08-28T22:28:40+05:30,thermal_zone6,iwlwifi_1,55000,0
2026-08-28T22:28:40+05:30,thermal_zone7,x86_pkg_temp,66000,0
2026-08-28T22:28:42+05:30,thermal_zone0,acpitz,48000,128000
2026-08-28T22:28:42+05:30,thermal_zone1,pch_cannonlake,54000,120000
2026-08-28T22:28:42+05:30,thermal_zone2,INT3400 Thermal,20000,0
2026-08-28T22:28:42+05:30,thermal_zone3,SEN1,1050,103050
2026-08-28T22:28:42+05:30,thermal_zone4,SEN2,41050,80050
2026-08-28T22:28:42+05:30,thermal_zone5,B0D4,48050,110050
2026-08-28T22:28:42+05:30,thermal_zone6,iwlwifi_1,55000,0
2026-08-28T22:28:42+05:30,thermal_zone7,x86_pkg_temp,65000,0
2026-08-28T22:28:43+05:30,thermal_zone0,acpitz,48000,128000
2026-08-28T22:28:43+05:30,thermal_zone1,pch_cannonlake,55000,120000
2026-08-28T22:28:43+05:30,thermal_zone2,INT3400 Thermal,20000,0
2026-08-28T22:28:43+05:30,thermal_zone3,SEN1,1050,103050
2026-08-28T22:28:43+05:30,thermal_zone4,SEN2,41050,80050
2026-08-28T22:28:43+05:30,thermal_zone5,B0D4,48050,110050
2026-08-28T22:28:43+05:30,thermal_zone6,iwlwifi_1,55000,0
2026-08-28T22:28:43+05:30,thermal_zone7,x86_pkg_temp,65000,0
2026-08-28T22:28:44+05:30,thermal_zone0,acpitz,48000,128000
2026-08-28T22:28:44+05:30,thermal_zone1,pch_cannonlake,55000,120000
2026-08-28T22:28:44+05:30,thermal_zone2,INT3400 Thermal,20000,0
2026-08-28T22:28:44+05:30,thermal_zone3,SEN1,1050,103050
2026-08-28T22:28:44+05:30,thermal_zone4,SEN2,41050,80050
2026-08-28T22:28:44+05:30,thermal_zone5,B0D4,48050,110050
2026-08-28T22:28:44+05:30,thermal_zone6,iwlwifi_1,55000,0
2026-08-28T22:28:44+05:30,thermal_zone7,x86_pkg_temp,64000,0
2026-08-28T22:28:45+05:30,thermal_zone0,acpitz,48000,128000
2026-08-28T22:28:45+05:30,thermal_zone1,pch_cannonlake,55000,120000
2026-08-28T22:28:45+05:30,thermal_zone2,INT3400 Thermal,20000,0
2026-08-28T22:28:45+05:30,thermal_zone3,SEN1,1050,103050
2026-08-28T22:28:45+05:30,thermal_zone4,SEN2,41050,80050
2026-08-28T22:28:45+05:30,thermal_zone5,B0D4,48050,110050
2026-08-28T22:28:45+05:30,thermal_zone6,iwlwifi_1,55000,0
2026-08-28T22:28:45+05:30,thermal_zone7,x86_pkg_temp,65000,0
2026-08-28T22:28:46+05:30,thermal_zone0,acpitz,48000,128000
2026-08-28T22:28:46+05:30,thermal_zone1,pch_cannonlake,55000,120000
2026-08-28T22:28:46+05:30,thermal_zone2,INT3400 Thermal,20000,0
2026-08-28T22:28:46+05:30,thermal_zone3,SEN1,1050,103050
2026-08-28T22:28:46+05:30,thermal_zone4,SEN2,41050,80050
2026-08-28T22:28:46+05:30,thermal_zone5,B0D4,48050,110050
2026-08-28T22:28:46+05:30,thermal_zone6,iwlwifi_1,55000,0
2026-08-28T22:28:46+05:30,thermal_zone7,x86_pkg_temp,64000,0
2026-08-28T22:28:48+05:30,thermal_zone0,acpitz,48000,128000
2026-08-28T22:28:48+05:30,thermal_zone1,pch_cannonlake,54000,120000
2026-08-28T22:28:48+05:30,thermal_zone2,INT3400 Thermal,20000,0
2026-08-28T22:28:48+05:30,thermal_zone3,SEN1,1050,103050
2026-08-28T22:28:48+05:30,thermal_zone4,SEN2,41050,80050
2026-08-28T22:28:48+05:30,thermal_zone5,B0D4,48050,110050
2026-08-28T22:28:48+05:30,thermal_zone6,iwlwifi_1,54000,0
2026-08-28T22:28:48+05:30,thermal_zone7,x86_pkg_temp,64000,0
2026-08-28T22:28:49+05:30,thermal_zone0,acpitz,48000,128000
2026-08-28T22:28:49+05:30,thermal_zone1,pch_cannonlake,54000,120000
2026-08-28T22:28:49+05:30,thermal_zone2,INT3400 Thermal,20000,0
2026-08-28T22:28:49+05:30,thermal_zone3,SEN1,1050,103050
2026-08-28T22:28:49+05:30,thermal_zone4,SEN2,41050,80050
2026-08-28T22:28:49+05:30,thermal_zone5,B0D4,48050,110050
2026-08-28T22:28:49+05:30,thermal_zone6,iwlwifi_1,54000,0
2026-08-28T22:28:49+05:30,thermal_zone7,x86_pkg_temp,64000,0
2026-08-28T22:28:50+05:30,thermal_zone0,acpitz,48000,128000
2026-08-28T22:28:50+05:30,thermal_zone1,pch_cannonlake,55000,120000
2026-08-28T22:28:50+05:30,thermal_zone2,INT3400 Thermal,20000,0
2026-08-28T22:28:50+05:30,thermal_zone3,SEN1,1050,103050
2026-08-28T22:28:50+05:30,thermal_zone4,SEN2,41050,80050
2026-08-28T22:28:50+05:30,thermal_zone5,B0D4,48050,110050
2026-08-28T22:28:50+05:30,thermal_zone6,iwlwifi_1,54000,0
2026-08-28T22:28:50+05:30,thermal_zone7,x86_pkg_temp,66000,0
2026-08-28T22:28:52+05:30,thermal_zone0,acpitz,48000,128000
2026-08-28T22:28:52+05:30,thermal_zone1,pch_cannonlake,55000,120000
2026-08-28T22:28:52+05:30,thermal_zone2,INT3400 Thermal,20000,0
2026-08-28T22:28:52+05:30,thermal_zone3,SEN1,1050,103050
2026-08-28T22:28:52+05:30,thermal_zone4,SEN2,41050,80050
2026-08-28T22:28:52+05:30,thermal_zone5,B0D4,48050,110050
2026-08-28T22:28:52+05:30,thermal_zone6,iwlwifi_1,54000,0
2026-08-28T22:28:52+05:30,thermal_zone7,x86_pkg_temp,64000,0
2026-08-28T22:28:53+05:30,thermal_zone0,acpitz,48000,128000
2026-08-28T22:28:53+05:30,thermal_zone1,pch_cannonlake,54000,120000
2026-08-28T22:28:53+05:30,thermal_zone2,INT3400 Thermal,20000,0
2026-08-28T22:28:53+05:30,thermal_zone3,SEN1,1050,103050
2026-08-28T22:28:53+05:30,thermal_zone4,SEN2,41050,80050
2026-08-28T22:28:53+05:30,thermal_zone5,B0D4,48050,110050
2026-08-28T22:28:53+05:30,thermal_zone6,iwlwifi_1,56000,0
2026-08-28T22:28:53+05:30,thermal_zone7,x86_pkg_temp,65000,0
2026-08-28T22:28:54+05:30,thermal_zone0,acpitz,48000,128000
2026-08-28T22:28:54+05:30,thermal_zone1,pch_cannonlake,55000,120000
2026-08-28T22:28:54+05:30,thermal_zone2,INT3400 Thermal,20000,0
2026-08-28T22:28:54+05:30,thermal_zone3,SEN1,1050,103050
2026-08-28T22:28:54+05:30,thermal_zone4,SEN2,41050,80050
2026-08-28T22:28:54+05:30,thermal_zone5,B0D4,48050,110050
2026-08-28T22:28:54+05:30,thermal_zone6,iwlwifi_1,57000,0
2026-08-28T22:28:54+05:30,thermal_zone7,x86_pkg_temp,64000,0
2026-08-28T22:28:55+05:30,thermal_zone0,acpitz,48000,128000
2026-08-28T22:28:55+05:30,thermal_zone1,pch_cannonlake,55000,120000
2026-08-28T22:28:55+05:30,thermal_zone2,INT3400 Thermal,20000,0
2026-08-28T22:28:55+05:30,thermal_zone3,SEN1,1050,103050
2026-08-28T22:28:55+05:30,thermal_zone4,SEN2,41050,80050
2026-08-28T22:28:55+05:30,thermal_zone5,B0D4,48050,110050
2026-08-28T22:28:55+05:30,thermal_zone6,iwlwifi_1,55000,0
2026-08-28T22:28:55+05:30,thermal_zone7,x86_pkg_temp,64000,0
2026-08-28T22:28:57+05:30,thermal_zone0,acpitz,48000,128000
2026-08-28T22:28:57+05:30,thermal_zone1,pch_cannonlake,54000,120000
2026-08-28T22:28:57+05:30,thermal_zone2,INT3400 Thermal,20000,0
2026-08-28T22:28:57+05:30,thermal_zone3,SEN1,1050,103050
2026-08-28T22:28:57+05:30,thermal_zone4,SEN2,41050,80050
2026-08-28T22:28:57+05:30,thermal_zone5,B0D4,48050,110050
2026-08-28T22:28:57+05:30,thermal_zone6,iwlwifi_1,55000,0
2026-08-28T22:28:57+05:30,thermal_zone7,x86_pkg_temp,65000,0
2026-08-28T22:28:58+05:30,thermal_zone0,acpitz,48000,128000
2026-08-28T22:28:58+05:30,thermal_zone1,pch_cannonlake,54000,120000
2026-08-28T22:28:58+05:30,thermal_zone2,INT3400 Thermal,20000,0
2026-08-28T22:28:58+05:30,thermal_zone3,SEN1,1050,103050
2026-08-28T22:28:58+05:30,thermal_zone4,SEN2,41050,80050
2026-08-28T22:28:58+05:30,thermal_zone5,B0D4,48050,110050
2026-08-28T22:28:58+05:30,thermal_zone6,iwlwifi_1,55000,0
2026-08-28T22:28:58+05:30,thermal_zone7,x86_pkg_temp,65000,0
2026-08-28T22:28:59+05:30,thermal_zone0,acpitz,48000,128000
2026-08-28T22:28:59+05:30,thermal_zone1,pch_cannonlake,54000,120000
2026-08-28T22:28:59+05:30,thermal_zone2,INT3400 Thermal,20000,0
2026-08-28T22:28:59+05:30,thermal_zone3,SEN1,1050,103050
2026-08-28T22:28:59+05:30,thermal_zone4,SEN2,42050,80050
2026-08-28T22:28:59+05:30,thermal_zone5,B0D4,48050,110050
2026-08-28T22:28:59+05:30,thermal_zone6,iwlwifi_1,55000,0
2026-08-28T22:28:59+05:30,thermal_zone7,x86_pkg_temp,65000,0
2026-08-28T22:29:00+05:30,thermal_zone0,acpitz,48000,128000
2026-08-28T22:29:00+05:30,thermal_zone1,pch_cannonlake,53000,120000
2026-08-28T22:29:00+05:30,thermal_zone2,INT3400 Thermal,20000,0
2026-08-28T22:29:00+05:30,thermal_zone3,SEN1,1050,103050
2026-08-28T22:29:00+05:30,thermal_zone4,SEN2,42050,80050
2026-08-28T22:29:00+05:30,thermal_zone5,B0D4,48050,110050
2026-08-28T22:29:00+05:30,thermal_zone6,iwlwifi_1,55000,0
2026-08-28T22:29:00+05:30,thermal_zone7,x86_pkg_temp,65000,0
2026-08-28T22:29:02+05:30,thermal_zone0,acpitz,48000,128000
2026-08-28T22:29:02+05:30,thermal_zone1,pch_cannonlake,54000,120000
2026-08-28T22:29:02+05:30,thermal_zone2,INT3400 Thermal,20000,0
2026-08-28T22:29:02+05:30,thermal_zone3,SEN1,1050,103050
2026-08-28T22:29:02+05:30,thermal_zone4,SEN2,42050,80050
2026-08-28T22:29:02+05:30,thermal_zone5,B0D4,48050,110050
2026-08-28T22:29:02+05:30,thermal_zone6,iwlwifi_1,55000,0
2026-08-28T22:29:02+05:30,thermal_zone7,x86_pkg_temp,64000,0
2026-08-28T22:29:03+05:30,thermal_zone0,acpitz,48000,128000
2026-08-28T22:29:03+05:30,thermal_zone1,pch_cannonlake,53000,120000
2026-08-28T22:29:03+05:30,thermal_zone2,INT3400 Thermal,20000,0
2026-08-28T22:29:03+05:30,thermal_zone3,SEN1,1050,103050
2026-08-28T22:29:03+05:30,thermal_zone4,SEN2,42050,80050
2026-08-28T22:29:03+05:30,thermal_zone5,B0D4,48050,110050
2026-08-28T22:29:03+05:30,thermal_zone6,iwlwifi_1,54000,0
2026-08-28T22:29:03+05:30,thermal_zone7,x86_pkg_temp,64000,0
2026-08-28T22:29:04+05:30,thermal_zone0,acpitz,48000,128000
2026-08-28T22:29:04+05:30,thermal_zone1,pch_cannonlake,53000,120000
2026-08-28T22:29:04+05:30,thermal_zone2,INT3400 Thermal,20000,0
2026-08-28T22:29:04+05:30,thermal_zone3,SEN1,1050,103050
2026-08-28T22:29:04+05:30,thermal_zone4,SEN2,42050,80050
2026-08-28T22:29:04+05:30,thermal_zone5,B0D4,48050,110050
2026-08-28T22:29:04+05:30,thermal_zone6,iwlwifi_1,54000,0
2026-08-28T22:29:04+05:30,thermal_zone7,x86_pkg_temp,65000,0
2026-08-28T22:29:05+05:30,thermal_zone0,acpitz,48000,128000
2026-08-28T22:29:05+05:30,thermal_zone1,pch_cannonlake,54000,120000
2026-08-28T22:29:05+05:30,thermal_zone2,INT3400 Thermal,20000,0
2026-08-28T22:29:05+05:30,thermal_zone3,SEN1,1050,103050
2026-08-28T22:29:05+05:30,thermal_zone4,SEN2,42050,80050
2026-08-28T22:29:05+05:30,thermal_zone5,B0D4,48050,110050
2026-08-28T22:29:05+05:30,thermal_zone6,iwlwifi_1,55000,0
2026-08-28T22:29:05+05:30,thermal_zone7,x86_pkg_temp,65000,0
2026-08-28T22:29:07+05:30,thermal_zone0,acpitz,48000,128000
2026-08-28T22:29:07+05:30,thermal_zone1,pch_cannonlake,55000,120000
2026-08-28T22:29:07+05:30,thermal_zone2,INT3400 Thermal,20000,0
2026-08-28T22:29:07+05:30,thermal_zone3,SEN1,1050,103050
2026-08-28T22:29:07+05:30,thermal_zone4,SEN2,42050,80050
2026-08-28T22:29:07+05:30,thermal_zone5,B0D4,48050,110050
2026-08-28T22:29:07+05:30,thermal_zone6,iwlwifi_1,54000,0
2026-08-28T22:29:07+05:30,thermal_zone7,x86_pkg_temp,64000,0
2026-08-28T22:29:08+05:30,thermal_zone0,acpitz,48000,128000
2026-08-28T22:29:08+05:30,thermal_zone1,pch_cannonlake,55000,120000
2026-08-28T22:29:08+05:30,thermal_zone2,INT3400 Thermal,20000,0
2026-08-28T22:29:08+05:30,thermal_zone3,SEN1,1050,103050
2026-08-28T22:29:08+05:30,thermal_zone4,SEN2,42050,80050
2026-08-28T22:29:08+05:30,thermal_zone5,B0D4,48050,110050
2026-08-28T22:29:08+05:30,thermal_zone6,iwlwifi_1,55000,0
2026-08-28T22:29:08+05:30,thermal_zone7,x86_pkg_temp,66000,0
2026-08-28T22:29:09+05:30,thermal_zone0,acpitz,48000,128000
2026-08-28T22:29:09+05:30,thermal_zone1,pch_cannonlake,54000,120000
2026-08-28T22:29:09+05:30,thermal_zone2,INT3400 Thermal,20000,0
2026-08-28T22:29:09+05:30,thermal_zone3,SEN1,1050,103050
2026-08-28T22:29:09+05:30,thermal_zone4,SEN2,42050,80050
2026-08-28T22:29:09+05:30,thermal_zone5,B0D4,48050,110050
2026-08-28T22:29:09+05:30,thermal_zone6,iwlwifi_1,55000,0
2026-08-28T22:29:09+05:30,thermal_zone7,x86_pkg_temp,65000,0
2026-08-28T22:29:10+05:30,thermal_zone0,acpitz,48000,128000
2026-08-28T22:29:10+05:30,thermal_zone1,pch_cannonlake,55000,120000
2026-08-28T22:29:10+05:30,thermal_zone2,INT3400 Thermal,20000,0
2026-08-28T22:29:10+05:30,thermal_zone3,SEN1,1050,103050
2026-08-28T22:29:10+05:30,thermal_zone4,SEN2,42050,80050
2026-08-28T22:29:10+05:30,thermal_zone5,B0D4,48050,110050
2026-08-28T22:29:10+05:30,thermal_zone6,iwlwifi_1,54000,0
2026-08-28T22:29:10+05:30,thermal_zone7,x86_pkg_temp,64000,0
2026-08-28T22:29:12+05:30,thermal_zone0,acpitz,48000,128000
2026-08-28T22:29:12+05:30,thermal_zone1,pch_cannonlake,54000,120000
2026-08-28T22:29:12+05:30,thermal_zone2,INT3400 Thermal,20000,0
2026-08-28T22:29:12+05:30,thermal_zone3,SEN1,1050,103050
2026-08-28T22:29:12+05:30,thermal_zone4,SEN2,42050,80050
2026-08-28T22:29:12+05:30,thermal_zone5,B0D4,48050,110050
2026-08-28T22:29:12+05:30,thermal_zone6,iwlwifi_1,55000,0
2026-08-28T22:29:12+05:30,thermal_zone7,x86_pkg_temp,65000,0
2026-08-28T22:29:13+05:30,thermal_zone0,acpitz,48000,128000
2026-08-28T22:29:13+05:30,thermal_zone1,pch_cannonlake,55000,120000
2026-08-28T22:29:13+05:30,thermal_zone2,INT3400 Thermal,20000,0
2026-08-28T22:29:13+05:30,thermal_zone3,SEN1,1050,103050
2026-08-28T22:29:13+05:30,thermal_zone4,SEN2,42050,80050
2026-08-28T22:29:13+05:30,thermal_zone5,B0D4,48050,110050
2026-08-28T22:29:13+05:30,thermal_zone6,iwlwifi_1,55000,0
2026-08-28T22:29:13+05:30,thermal_zone7,x86_pkg_temp,64000,0
2026-08-28T22:29:14+05:30,thermal_zone0,acpitz,48000,128000
2026-08-28T22:29:14+05:30,thermal_zone1,pch_cannonlake,55000,120000
2026-08-28T22:29:14+05:30,thermal_zone2,INT3400 Thermal,20000,0
2026-08-28T22:29:14+05:30,thermal_zone3,SEN1,1050,103050
2026-08-28T22:29:14+05:30,thermal_zone4,SEN2,42050,80050
2026-08-28T22:29:14+05:30,thermal_zone5,B0D4,48050,110050
2026-08-28T22:29:14+05:30,thermal_zone6,iwlwifi_1,55000,0
2026-08-28T22:29:14+05:30,thermal_zone7,x86_pkg_temp,66000,0
2026-08-28T22:29:15+05:30,thermal_zone0,acpitz,48000,128000
2026-08-28T22:29:15+05:30,thermal_zone1,pch_cannonlake,55000,120000
2026-08-28T22:29:15+05:30,thermal_zone2,INT3400 Thermal,20000,0
2026-08-28T22:29:15+05:30,thermal_zone3,SEN1,1050,103050
2026-08-28T22:29:15+05:30,thermal_zone4,SEN2,42050,80050
2026-08-28T22:29:15+05:30,thermal_zone5,B0D4,48050,110050
2026-08-28T22:29:15+05:30,thermal_zone6,iwlwifi_1,54000,0
2026-08-28T22:29:15+05:30,thermal_zone7,x86_pkg_temp,64000,0
2026-08-28T22:29:17+05:30,thermal_zone0,acpitz,48000,128000
2026-08-28T22:29:17+05:30,thermal_zone1,pch_cannonlake,55000,120000
2026-08-28T22:29:17+05:30,thermal_zone2,INT3400 Thermal,20000,0
2026-08-28T22:29:17+05:30,thermal_zone3,SEN1,1050,103050
2026-08-28T22:29:17+05:30,thermal_zone4,SEN2,42050,80050
2026-08-28T22:29:17+05:30,thermal_zone5,B0D4,48050,110050
2026-08-28T22:29:17+05:30,thermal_zone6,iwlwifi_1,54000,0
2026-08-28T22:29:17+05:30,thermal_zone7,x86_pkg_temp,65000,0
2026-08-28T22:29:18+05:30,thermal_zone0,acpitz,48000,128000
2026-08-28T22:29:18+05:30,thermal_zone1,pch_cannonlake,55000,120000
2026-08-28T22:29:18+05:30,thermal_zone2,INT3400 Thermal,20000,0
2026-08-28T22:29:18+05:30,thermal_zone3,SEN1,1050,103050
2026-08-28T22:29:18+05:30,thermal_zone4,SEN2,42050,80050
2026-08-28T22:29:18+05:30,thermal_zone5,B0D4,48050,110050
2026-08-28T22:29:18+05:30,thermal_zone6,iwlwifi_1,56000,0
2026-08-28T22:29:18+05:30,thermal_zone7,x86_pkg_temp,64000,0
2026-08-28T22:29:19+05:30,thermal_zone0,acpitz,48000,128000
2026-08-28T22:29:19+05:30,thermal_zone1,pch_cannonlake,55000,120000
2026-08-28T22:29:19+05:30,thermal_zone2,INT3400 Thermal,20000,0
2026-08-28T22:29:19+05:30,thermal_zone3,SEN1,1050,103050
2026-08-28T22:29:19+05:30,thermal_zone4,SEN2,42050,80050
2026-08-28T22:29:19+05:30,thermal_zone5,B0D4,48050,110050
2026-08-28T22:29:19+05:30,thermal_zone6,iwlwifi_1,55000,0
2026-08-28T22:29:19+05:30,thermal_zone7,x86_pkg_temp,64000,0
2026-08-28T22:29:21+05:30,thermal_zone0,acpitz,48000,128000
2026-08-28T22:29:21+05:30,thermal_zone1,pch_cannonlake,54000,120000
2026-08-28T22:29:21+05:30,thermal_zone2,INT3400 Thermal,20000,0
2026-08-28T22:29:21+05:30,thermal_zone3,SEN1,1050,103050
2026-08-28T22:29:21+05:30,thermal_zone4,SEN2,42050,80050
2026-08-28T22:29:21+05:30,thermal_zone5,B0D4,48050,110050
2026-08-28T22:29:21+05:30,thermal_zone6,iwlwifi_1,55000,0
2026-08-28T22:29:21+05:30,thermal_zone7,x86_pkg_temp,62000,0
2026-08-28T22:29:22+05:30,thermal_zone0,acpitz,48000,128000
2026-08-28T22:29:22+05:30,thermal_zone1,pch_cannonlake,53000,120000
2026-08-28T22:29:22+05:30,thermal_zone2,INT3400 Thermal,20000,0
2026-08-28T22:29:22+05:30,thermal_zone3,SEN1,1050,103050
2026-08-28T22:29:22+05:30,thermal_zone4,SEN2,42050,80050
2026-08-28T22:29:22+05:30,thermal_zone5,B0D4,48050,110050
2026-08-28T22:29:22+05:30,thermal_zone6,iwlwifi_1,55000,0
2026-08-28T22:29:22+05:30,thermal_zone7,x86_pkg_temp,62000,0
2026-08-28T22:29:23+05:30,thermal_zone0,acpitz,48000,128000
2026-08-28T22:29:23+05:30,thermal_zone1,pch_cannonlake,55000,120000
2026-08-28T22:29:23+05:30,thermal_zone2,INT3400 Thermal,20000,0
2026-08-28T22:29:23+05:30,thermal_zone3,SEN1,1050,103050
2026-08-28T22:29:23+05:30,thermal_zone4,SEN2,42050,80050
2026-08-28T22:29:23+05:30,thermal_zone5,B0D4,48050,110050
2026-08-28T22:29:23+05:30,thermal_zone6,iwlwifi_1,54000,0
2026-08-28T22:29:23+05:30,thermal_zone7,x86_pkg_temp,62000,0
2026-08-28T22:29:25+05:30,thermal_zone0,acpitz,48000,128000
2026-08-28T22:29:25+05:30,thermal_zone1,pch_cannonlake,55000,120000
2026-08-28T22:29:25+05:30,thermal_zone2,INT3400 Thermal,20000,0
2026-08-28T22:29:25+05:30,thermal_zone3,SEN1,1050,103050
2026-08-28T22:29:25+05:30,thermal_zone4,SEN2,42050,80050
2026-08-28T22:29:25+05:30,thermal_zone5,B0D4,48050,110050
2026-08-28T22:29:25+05:30,thermal_zone6,iwlwifi_1,55000,0
2026-08-28T22:29:25+05:30,thermal_zone7,x86_pkg_temp,64000,0
2026-08-28T22:29:26+05:30,thermal_zone0,acpitz,48000,128000
2026-08-28T22:29:26+05:30,thermal_zone1,pch_cannonlake,53000,120000
2026-08-28T22:29:26+05:30,thermal_zone2,INT3400 Thermal,20000,0
2026-08-28T22:29:26+05:30,thermal_zone3,SEN1,1050,103050
2026-08-28T22:29:26+05:30,thermal_zone4,SEN2,42050,80050
2026-08-28T22:29:26+05:30,thermal_zone5,B0D4,48050,110050
2026-08-28T22:29:26+05:30,thermal_zone6,iwlwifi_1,56000,0
2026-08-28T22:29:26+05:30,thermal_zone7,x86_pkg_temp,63000,0
2026-08-28T22:29:27+05:30,thermal_zone0,acpitz,48000,128000
2026-08-28T22:29:27+05:30,thermal_zone1,pch_cannonlake,54000,120000
2026-08-28T22:29:27+05:30,thermal_zone2,INT3400 Thermal,20000,0
2026-08-28T22:29:27+05:30,thermal_zone3,SEN1,1050,103050
2026-08-28T22:29:27+05:30,thermal_zone4,SEN2,42050,80050
2026-08-28T22:29:27+05:30,thermal_zone5,B0D4,48050,110050
2026-08-28T22:29:27+05:30,thermal_zone6,iwlwifi_1,57000,0
2026-08-28T22:29:27+05:30,thermal_zone7,x86_pkg_temp,63000,0
2026-08-28T22:29:28+05:30,thermal_zone0,acpitz,48000,128000
2026-08-28T22:29:28+05:30,thermal_zone1,pch_cannonlake,55000,120000
2026-08-28T22:29:28+05:30,thermal_zone2,INT3400 Thermal,20000,0
2026-08-28T22:29:28+05:30,thermal_zone3,SEN1,1050,103050
2026-08-28T22:29:28+05:30,thermal_zone4,SEN2,42050,80050
2026-08-28T22:29:28+05:30,thermal_zone5,B0D4,48050,110050
2026-08-28T22:29:28+05:30,thermal_zone6,iwlwifi_1,55000,0
2026-08-28T22:29:28+05:30,thermal_zone7,x86_pkg_temp,64000,0
2026-08-28T22:29:30+05:30,thermal_zone0,acpitz,48000,128000
2026-08-28T22:29:30+05:30,thermal_zone1,pch_cannonlake,55000,120000
2026-08-28T22:29:30+05:30,thermal_zone2,INT3400 Thermal,20000,0
2026-08-28T22:29:30+05:30,thermal_zone3,SEN1,1050,103050
2026-08-28T22:29:30+05:30,thermal_zone4,SEN2,41050,80050
2026-08-28T22:29:30+05:30,thermal_zone5,B0D4,48050,110050
2026-08-28T22:29:30+05:30,thermal_zone6,iwlwifi_1,57000,0
2026-08-28T22:29:30+05:30,thermal_zone7,x86_pkg_temp,66000,0
2026-08-28T22:29:31+05:30,thermal_zone0,acpitz,48000,128000
2026-08-28T22:29:31+05:30,thermal_zone1,pch_cannonlake,54000,120000
2026-08-28T22:29:31+05:30,thermal_zone2,INT3400 Thermal,20000,0
2026-08-28T22:29:31+05:30,thermal_zone3,SEN1,1050,103050
2026-08-28T22:29:31+05:30,thermal_zone4,SEN2,41050,80050
2026-08-28T22:29:31+05:30,thermal_zone5,B0D4,48050,110050
2026-08-28T22:29:31+05:30,thermal_zone6,iwlwifi_1,55000,0
2026-08-28T22:29:31+05:30,thermal_zone7,x86_pkg_temp,66000,0
2026-08-28T22:29:32+05:30,thermal_zone0,acpitz,48000,128000
2026-08-28T22:29:32+05:30,thermal_zone1,pch_cannonlake,54000,120000
2026-08-28T22:29:32+05:30,thermal_zone2,INT3400 Thermal,20000,0
2026-08-28T22:29:32+05:30,thermal_zone3,SEN1,1050,103050
2026-08-28T22:29:32+05:30,thermal_zone4,SEN2,41050,80050
2026-08-28T22:29:32+05:30,thermal_zone5,B0D4,48050,110050
2026-08-28T22:29:32+05:30,thermal_zone6,iwlwifi_1,55000,0
2026-08-28T22:29:32+05:30,thermal_zone7,x86_pkg_temp,66000,0
2026-08-28T22:29:33+05:30,thermal_zone0,acpitz,48000,128000
2026-08-28T22:29:33+05:30,thermal_zone1,pch_cannonlake,53000,120000
2026-08-28T22:29:33+05:30,thermal_zone2,INT3400 Thermal,20000,0
2026-08-28T22:29:33+05:30,thermal_zone3,SEN1,1050,103050
2026-08-28T22:29:33+05:30,thermal_zone4,SEN2,41050,80050
2026-08-28T22:29:33+05:30,thermal_zone5,B0D4,48050,110050
2026-08-28T22:29:33+05:30,thermal_zone6,iwlwifi_1,55000,0
2026-08-28T22:29:33+05:30,thermal_zone7,x86_pkg_temp,65000,0
2026-08-28T22:29:35+05:30,thermal_zone0,acpitz,48000,128000
2026-08-28T22:29:35+05:30,thermal_zone1,pch_cannonlake,53000,120000
2026-08-28T22:29:35+05:30,thermal_zone2,INT3400 Thermal,20000,0
2026-08-28T22:29:35+05:30,thermal_zone3,SEN1,1050,103050
2026-08-28T22:29:35+05:30,thermal_zone4,SEN2,41050,80050
2026-08-28T22:29:35+05:30,thermal_zone5,B0D4,48050,110050
2026-08-28T22:29:35+05:30,thermal_zone6,iwlwifi_1,55000,0
2026-08-28T22:29:35+05:30,thermal_zone7,x86_pkg_temp,65000,0
2026-08-28T22:29:36+05:30,thermal_zone0,acpitz,48000,128000
2026-08-28T22:29:36+05:30,thermal_zone1,pch_cannonlake,54000,120000
2026-08-28T22:29:36+05:30,thermal_zone2,INT3400 Thermal,20000,0
2026-08-28T22:29:36+05:30,thermal_zone3,SEN1,1050,103050
2026-08-28T22:29:36+05:30,thermal_zone4,SEN2,41050,80050
2026-08-28T22:29:36+05:30,thermal_zone5,B0D4,48050,110050
2026-08-28T22:29:36+05:30,thermal_zone6,iwlwifi_1,55000,0
2026-08-28T22:29:36+05:30,thermal_zone7,x86_pkg_temp,66000,0
2026-08-28T22:29:37+05:30,thermal_zone0,acpitz,48000,128000
2026-08-28T22:29:37+05:30,thermal_zone1,pch_cannonlake,55000,120000
2026-08-28T22:29:37+05:30,thermal_zone2,INT3400 Thermal,20000,0
2026-08-28T22:29:37+05:30,thermal_zone3,SEN1,1050,103050
2026-08-28T22:29:37+05:30,thermal_zone4,SEN2,41050,80050
2026-08-28T22:29:37+05:30,thermal_zone5,B0D4,48050,110050
2026-08-28T22:29:37+05:30,thermal_zone6,iwlwifi_1,55000,0
2026-08-28T22:29:37+05:30,thermal_zone7,x86_pkg_temp,65000,0
2026-08-28T22:29:38+05:30,thermal_zone0,acpitz,48000,128000
2026-08-28T22:29:38+05:30,thermal_zone1,pch_cannonlake,53000,120000
2026-08-28T22:29:38+05:30,thermal_zone2,INT3400 Thermal,20000,0
2026-08-28T22:29:38+05:30,thermal_zone3,SEN1,1050,103050
2026-08-28T22:29:38+05:30,thermal_zone4,SEN2,41050,80050
2026-08-28T22:29:38+05:30,thermal_zone5,B0D4,48050,110050
2026-08-28T22:29:38+05:30,thermal_zone6,iwlwifi_1,54000,0
2026-08-28T22:29:38+05:30,thermal_zone7,x86_pkg_temp,66000,0
2026-08-28T22:29:40+05:30,thermal_zone0,acpitz,48000,128000
2026-08-28T22:29:40+05:30,thermal_zone1,pch_cannonlake,54000,120000
2026-08-28T22:29:40+05:30,thermal_zone2,INT3400 Thermal,20000,0
2026-08-28T22:29:40+05:30,thermal_zone3,SEN1,1050,103050
2026-08-28T22:29:40+05:30,thermal_zone4,SEN2,41050,80050
2026-08-28T22:29:40+05:30,thermal_zone5,B0D4,48050,110050
2026-08-28T22:29:40+05:30,thermal_zone6,iwlwifi_1,55000,0
2026-08-28T22:29:40+05:30,thermal_zone7,x86_pkg_temp,65000,0
2026-08-28T22:29:41+05:30,thermal_zone0,acpitz,48000,128000
2026-08-28T22:29:41+05:30,thermal_zone1,pch_cannonlake,55000,120000
2026-08-28T22:29:41+05:30,thermal_zone2,INT3400 Thermal,20000,0
2026-08-28T22:29:41+05:30,thermal_zone3,SEN1,1050,103050
2026-08-28T22:29:41+05:30,thermal_zone4,SEN2,41050,80050
2026-08-28T22:29:41+05:30,thermal_zone5,B0D4,48050,110050
2026-08-28T22:29:41+05:30,thermal_zone6,iwlwifi_1,54000,0
2026-08-28T22:29:41+05:30,thermal_zone7,x86_pkg_temp,64000,0
2026-08-28T22:29:42+05:30,thermal_zone0,acpitz,48000,128000
2026-08-28T22:29:42+05:30,thermal_zone1,pch_cannonlake,54000,120000
2026-08-28T22:29:42+05:30,thermal_zone2,INT3400 Thermal,20000,0
2026-08-28T22:29:42+05:30,thermal_zone3,SEN1,1050,103050
2026-08-28T22:29:42+05:30,thermal_zone4,SEN2,41050,80050
2026-08-28T22:29:42+05:30,thermal_zone5,B0D4,48050,110050
2026-08-28T22:29:42+05:30,thermal_zone6,iwlwifi_1,54000,0
2026-08-28T22:29:42+05:30,thermal_zone7,x86_pkg_temp,66000,0
2026-08-28T22:29:43+05:30,thermal_zone0,acpitz,48000,128000
2026-08-28T22:29:43+05:30,thermal_zone1,pch_cannonlake,54000,120000
2026-08-28T22:29:43+05:30,thermal_zone2,INT3400 Thermal,20000,0
2026-08-28T22:29:43+05:30,thermal_zone3,SEN1,1050,103050
2026-08-28T22:29:43+05:30,thermal_zone4,SEN2,41050,80050
2026-08-28T22:29:43+05:30,thermal_zone5,B0D4,48050,110050
2026-08-28T22:29:43+05:30,thermal_zone6,iwlwifi_1,56000,0
2026-08-28T22:29:43+05:30,thermal_zone7,x86_pkg_temp,65000,0
2026-08-28T22:29:45+05:30,thermal_zone0,acpitz,48000,128000
2026-08-28T22:29:45+05:30,thermal_zone1,pch_cannonlake,53000,120000
2026-08-28T22:29:45+05:30,thermal_zone2,INT3400 Thermal,20000,0
2026-08-28T22:29:45+05:30,thermal_zone3,SEN1,1050,103050
2026-08-28T22:29:45+05:30,thermal_zone4,SEN2,41050,80050
2026-08-28T22:29:45+05:30,thermal_zone5,B0D4,48050,110050
2026-08-28T22:29:45+05:30,thermal_zone6,iwlwifi_1,55000,0
2026-08-28T22:29:45+05:30,thermal_zone7,x86_pkg_temp,65000,0
2026-08-28T22:29:46+05:30,thermal_zone0,acpitz,48000,128000
2026-08-28T22:29:46+05:30,thermal_zone1,pch_cannonlake,55000,120000
2026-08-28T22:29:46+05:30,thermal_zone2,INT3400 Thermal,20000,0
2026-08-28T22:29:46+05:30,thermal_zone3,SEN1,1050,103050
2026-08-28T22:29:46+05:30,thermal_zone4,SEN2,41050,80050
2026-08-28T22:29:46+05:30,thermal_zone5,B0D4,48050,110050
2026-08-28T22:29:46+05:30,thermal_zone6,iwlwifi_1,55000,0
2026-08-28T22:29:46+05:30,thermal_zone7,x86_pkg_temp,66000,0
2026-08-28T22:29:47+05:30,thermal_zone0,acpitz,48000,128000
2026-08-28T22:29:47+05:30,thermal_zone1,pch_cannonlake,54000,120000
2026-08-28T22:29:47+05:30,thermal_zone2,INT3400 Thermal,20000,0
2026-08-28T22:29:47+05:30,thermal_zone3,SEN1,1050,103050
2026-08-28T22:29:47+05:30,thermal_zone4,SEN2,41050,80050
2026-08-28T22:29:47+05:30,thermal_zone5,B0D4,48050,110050
2026-08-28T22:29:47+05:30,thermal_zone6,iwlwifi_1,55000,0
2026-08-28T22:29:47+05:30,thermal_zone7,x86_pkg_temp,66000,0
2026-08-28T22:29:48+05:30,thermal_zone0,acpitz,48000,128000
2026-08-28T22:29:48+05:30,thermal_zone1,pch_cannonlake,54000,120000
2026-08-28T22:29:48+05:30,thermal_zone2,INT3400 Thermal,20000,0
2026-08-28T22:29:48+05:30,thermal_zone3,SEN1,1050,103050
2026-08-28T22:29:48+05:30,thermal_zone4,SEN2,41050,80050
2026-08-28T22:29:48+05:30,thermal_zone5,B0D4,48050,110050
2026-08-28T22:29:48+05:30,thermal_zone6,iwlwifi_1,55000,0
2026-08-28T22:29:48+05:30,thermal_zone7,x86_pkg_temp,66000,0
2026-08-28T22:29:49+05:30,thermal_zone0,acpitz,48000,128000
2026-08-28T22:29:49+05:30,thermal_zone1,pch_cannonlake,55000,120000
2026-08-28T22:29:49+05:30,thermal_zone2,INT3400 Thermal,20000,0
2026-08-28T22:29:49+05:30,thermal_zone3,SEN1,1050,103050
2026-08-28T22:29:49+05:30,thermal_zone4,SEN2,41050,80050
2026-08-28T22:29:49+05:30,thermal_zone5,B0D4,48050,110050
2026-08-28T22:29:49+05:30,thermal_zone6,iwlwifi_1,55000,0
2026-08-28T22:29:49+05:30,thermal_zone7,x86_pkg_temp,64000,0
2026-08-28T22:29:51+05:30,thermal_zone0,acpitz,48000,128000
2026-08-28T22:29:51+05:30,thermal_zone1,pch_cannonlake,54000,120000
2026-08-28T22:29:51+05:30,thermal_zone2,INT3400 Thermal,20000,0
2026-08-28T22:29:51+05:30,thermal_zone3,SEN1,1050,103050
2026-08-28T22:29:51+05:30,thermal_zone4,SEN2,41050,80050
2026-08-28T22:29:51+05:30,thermal_zone5,B0D4,48050,110050
2026-08-28T22:29:51+05:30,thermal_zone6,iwlwifi_1,54000,0
2026-08-28T22:29:51+05:30,thermal_zone7,x86_pkg_temp,64000,0
2026-08-28T22:29:52+05:30,thermal_zone0,acpitz,48000,128000
2026-08-28T22:29:52+05:30,thermal_zone1,pch_cannonlake,55000,120000
2026-08-28T22:29:52+05:30,thermal_zone2,INT3400 Thermal,20000,0
2026-08-28T22:29:52+05:30,thermal_zone3,SEN1,1050,103050
2026-08-28T22:29:52+05:30,thermal_zone4,SEN2,41050,80050
2026-08-28T22:29:52+05:30,thermal_zone5,B0D4,48050,110050
2026-08-28T22:29:52+05:30,thermal_zone6,iwlwifi_1,55000,0
2026-08-28T22:29:52+05:30,thermal_zone7,x86_pkg_temp,66000,0
2026-08-28T22:29:53+05:30,thermal_zone0,acpitz,48000,128000
2026-08-28T22:29:53+05:30,thermal_zone1,pch_cannonlake,55000,120000
2026-08-28T22:29:53+05:30,thermal_zone2,INT3400 Thermal,20000,0
2026-08-28T22:29:53+05:30,thermal_zone3,SEN1,1050,103050
2026-08-28T22:29:53+05:30,thermal_zone4,SEN2,41050,80050
2026-08-28T22:29:53+05:30,thermal_zone5,B0D4,48050,110050
2026-08-28T22:29:53+05:30,thermal_zone6,iwlwifi_1,54000,0
2026-08-28T22:29:53+05:30,thermal_zone7,x86_pkg_temp,66000,0
2026-08-28T22:29:54+05:30,thermal_zone0,acpitz,48000,128000
2026-08-28T22:29:54+05:30,thermal_zone1,pch_cannonlake,53000,120000
2026-08-28T22:29:54+05:30,thermal_zone2,INT3400 Thermal,20000,0
2026-08-28T22:29:54+05:30,thermal_zone3,SEN1,1050,103050
2026-08-28T22:29:54+05:30,thermal_zone4,SEN2,41050,80050
2026-08-28T22:29:54+05:30,thermal_zone5,B0D4,48050,110050
2026-08-28T22:29:54+05:30,thermal_zone6,iwlwifi_1,55000,0
2026-08-28T22:29:54+05:30,thermal_zone7,x86_pkg_temp,66000,0
2026-08-28T22:29:56+05:30,thermal_zone0,acpitz,48000,128000
2026-08-28T22:29:56+05:30,thermal_zone1,pch_cannonlake,54000,120000
2026-08-28T22:29:56+05:30,thermal_zone2,INT3400 Thermal,20000,0
2026-08-28T22:29:56+05:30,thermal_zone3,SEN1,1050,103050
2026-08-28T22:29:56+05:30,thermal_zone4,SEN2,41050,80050
2026-08-28T22:29:56+05:30,thermal_zone5,B0D4,48050,110050
2026-08-28T22:29:56+05:30,thermal_zone6,iwlwifi_1,54000,0
2026-08-28T22:29:56+05:30,thermal_zone7,x86_pkg_temp,66000,0
2026-08-28T22:29:57+05:30,thermal_zone0,acpitz,48000,128000
2026-08-28T22:29:57+05:30,thermal_zone1,pch_cannonlake,55000,120000
2026-08-28T22:29:57+05:30,thermal_zone2,INT3400 Thermal,20000,0
2026-08-28T22:29:57+05:30,thermal_zone3,SEN1,1050,103050
2026-08-28T22:29:57+05:30,thermal_zone4,SEN2,41050,80050
2026-08-28T22:29:57+05:30,thermal_zone5,B0D4,48050,110050
2026-08-28T22:29:57+05:30,thermal_zone6,iwlwifi_1,54000,0
2026-08-28T22:29:57+05:30,thermal_zone7,x86_pkg_temp,64000,0
2026-08-28T22:29:58+05:30,thermal_zone0,acpitz,48000,128000
2026-08-28T22:29:58+05:30,thermal_zone1,pch_cannonlake,54000,120000
2026-08-28T22:29:58+05:30,thermal_zone2,INT3400 Thermal,20000,0
2026-08-28T22:29:58+05:30,thermal_zone3,SEN1,1050,103050
2026-08-28T22:29:58+05:30,thermal_zone4,SEN2,41050,80050
2026-08-28T22:29:58+05:30,thermal_zone5,B0D4,48050,110050
2026-08-28T22:29:58+05:30,thermal_zone6,iwlwifi_1,55000,0
2026-08-28T22:29:58+05:30,thermal_zone7,x86_pkg_temp,66000,0
2026-08-28T22:29:59+05:30,thermal_zone0,acpitz,48000,128000
2026-08-28T22:29:59+05:30,thermal_zone1,pch_cannonlake,54000,120000
2026-08-28T22:29:59+05:30,thermal_zone2,INT3400 Thermal,20000,0
2026-08-28T22:29:59+05:30,thermal_zone3,SEN1,1050,103050
2026-08-28T22:29:59+05:30,thermal_zone4,SEN2,41050,80050
2026-08-28T22:29:59+05:30,thermal_zone5,B0D4,48050,110050
2026-08-28T22:29:59+05:30,thermal_zone6,iwlwifi_1,54000,0
2026-08-28T22:29:59+05:30,thermal_zone7,x86_pkg_temp,66000,0
2026-08-28T22:30:01+05:30,thermal_zone0,acpitz,48000,128000
2026-08-28T22:30:01+05:30,thermal_zone1,pch_cannonlake,54000,120000
2026-08-28T22:30:01+05:30,thermal_zone2,INT3400 Thermal,20000,0
2026-08-28T22:30:01+05:30,thermal_zone3,SEN1,1050,103050
2026-08-28T22:30:01+05:30,thermal_zone4,SEN2,41050,80050
2026-08-28T22:30:01+05:30,thermal_zone5,B0D4,48050,110050
2026-08-28T22:30:01+05:30,thermal_zone6,iwlwifi_1,56000,0
2026-08-28T22:30:01+05:30,thermal_zone7,x86_pkg_temp,64000,0
2026-08-28T22:30:02+05:30,thermal_zone0,acpitz,48000,128000
2026-08-28T22:30:02+05:30,thermal_zone1,pch_cannonlake,54000,120000
2026-08-28T22:30:02+05:30,thermal_zone2,INT3400 Thermal,20000,0
2026-08-28T22:30:02+05:30,thermal_zone3,SEN1,1050,103050
2026-08-28T22:30:02+05:30,thermal_zone4,SEN2,41050,80050
2026-08-28T22:30:02+05:30,thermal_zone5,B0D4,48050,110050
2026-08-28T22:30:02+05:30,thermal_zone6,iwlwifi_1,56000,0
2026-08-28T22:30:02+05:30,thermal_zone7,x86_pkg_temp,65000,0
2026-08-28T22:30:03+05:30,thermal_zone0,acpitz,48000,128000
2026-08-28T22:30:03+05:30,thermal_zone1,pch_cannonlake,54000,120000
2026-08-28T22:30:03+05:30,thermal_zone2,INT3400 Thermal,20000,0
2026-08-28T22:30:03+05:30,thermal_zone3,SEN1,1050,103050
2026-08-28T22:30:03+05:30,thermal_zone4,SEN2,41050,80050
2026-08-28T22:30:03+05:30,thermal_zone5,B0D4,48050,110050
2026-08-28T22:30:03+05:30,thermal_zone6,iwlwifi_1,55000,0
2026-08-28T22:30:03+05:30,thermal_zone7,x86_pkg_temp,64000,0
2026-08-28T22:30:04+05:30,thermal_zone0,acpitz,48000,128000
2026-08-28T22:30:04+05:30,thermal_zone1,pch_cannonlake,54000,120000
2026-08-28T22:30:04+05:30,thermal_zone2,INT3400 Thermal,20000,0
2026-08-28T22:30:04+05:30,thermal_zone3,SEN1,1050,103050
2026-08-28T22:30:04+05:30,thermal_zone4,SEN2,41050,80050
2026-08-28T22:30:04+05:30,thermal_zone5,B0D4,48050,110050
2026-08-28T22:30:04+05:30,thermal_zone6,iwlwifi_1,55000,0
2026-08-28T22:30:04+05:30,thermal_zone7,x86_pkg_temp,64000,0
2026-08-28T22:30:06+05:30,thermal_zone0,acpitz,48000,128000
2026-08-28T22:30:06+05:30,thermal_zone1,pch_cannonlake,54000,120000
2026-08-28T22:30:06+05:30,thermal_zone2,INT3400 Thermal,20000,0
2026-08-28T22:30:06+05:30,thermal_zone3,SEN1,1050,103050
2026-08-28T22:30:06+05:30,thermal_zone4,SEN2,41050,80050
2026-08-28T22:30:06+05:30,thermal_zone5,B0D4,48050,110050
2026-08-28T22:30:06+05:30,thermal_zone6,iwlwifi_1,55000,0
2026-08-28T22:30:06+05:30,thermal_zone7,x86_pkg_temp,64000,0
2026-08-28T22:30:07+05:30,thermal_zone0,acpitz,48000,128000
2026-08-28T22:30:07+05:30,thermal_zone1,pch_cannonlake,54000,120000
2026-08-28T22:30:07+05:30,thermal_zone2,INT3400 Thermal,20000,0
2026-08-28T22:30:07+05:30,thermal_zone3,SEN1,1050,103050
2026-08-28T22:30:07+05:30,thermal_zone4,SEN2,41050,80050
2026-08-28T22:30:07+05:30,thermal_zone5,B0D4,48050,110050
2026-08-28T22:30:07+05:30,thermal_zone6,iwlwifi_1,55000,0
2026-08-28T22:30:07+05:30,thermal_zone7,x86_pkg_temp,64000,0
2026-08-28T22:30:08+05:30,thermal_zone0,acpitz,48000,128000
2026-08-28T22:30:08+05:30,thermal_zone1,pch_cannonlake,54000,120000
2026-08-28T22:30:08+05:30,thermal_zone2,INT3400 Thermal,20000,0
2026-08-28T22:30:08+05:30,thermal_zone3,SEN1,1050,103050
2026-08-28T22:30:08+05:30,thermal_zone4,SEN2,41050,80050
2026-08-28T22:30:08+05:30,thermal_zone5,B0D4,48050,110050
2026-08-28T22:30:08+05:30,thermal_zone6,iwlwifi_1,55000,0
2026-08-28T22:30:08+05:30,thermal_zone7,x86_pkg_temp,65000,0
2026-08-28T22:30:09+05:30,thermal_zone0,acpitz,48000,128000
2026-08-28T22:30:09+05:30,thermal_zone1,pch_cannonlake,53000,120000
2026-08-28T22:30:09+05:30,thermal_zone2,INT3400 Thermal,20000,0
2026-08-28T22:30:09+05:30,thermal_zone3,SEN1,1050,103050
2026-08-28T22:30:09+05:30,thermal_zone4,SEN2,41050,80050
2026-08-28T22:30:09+05:30,thermal_zone5,B0D4,48050,110050
2026-08-28T22:30:09+05:30,thermal_zone6,iwlwifi_1,55000,0
2026-08-28T22:30:09+05:30,thermal_zone7,x86_pkg_temp,65000,0
2026-08-28T22:30:11+05:30,thermal_zone0,acpitz,48000,128000
2026-08-28T22:30:11+05:30,thermal_zone1,pch_cannonlake,55000,120000
2026-08-28T22:30:11+05:30,thermal_zone2,INT3400 Thermal,20000,0
2026-08-28T22:30:11+05:30,thermal_zone3,SEN1,1050,103050
2026-08-28T22:30:11+05:30,thermal_zone4,SEN2,41050,80050
2026-08-28T22:30:11+05:30,thermal_zone5,B0D4,48050,110050
2026-08-28T22:30:11+05:30,thermal_zone6,iwlwifi_1,54000,0
2026-08-28T22:30:11+05:30,thermal_zone7,x86_pkg_temp,66000,0
2026-08-28T22:30:12+05:30,thermal_zone0,acpitz,48000,128000
2026-08-28T22:30:12+05:30,thermal_zone1,pch_cannonlake,54000,120000
2026-08-28T22:30:12+05:30,thermal_zone2,INT3400 Thermal,20000,0
2026-08-28T22:30:12+05:30,thermal_zone3,SEN1,1050,103050
2026-08-28T22:30:12+05:30,thermal_zone4,SEN2,41050,80050
2026-08-28T22:30:12+05:30,thermal_zone5,B0D4,48050,110050
2026-08-28T22:30:12+05:30,thermal_zone6,iwlwifi_1,54000,0
2026-08-28T22:30:12+05:30,thermal_zone7,x86_pkg_temp,64000,0
2026-08-28T22:30:13+05:30,thermal_zone0,acpitz,48000,128000
2026-08-28T22:30:13+05:30,thermal_zone1,pch_cannonlake,53000,120000
2026-08-28T22:30:13+05:30,thermal_zone2,INT3400 Thermal,20000,0
2026-08-28T22:30:13+05:30,thermal_zone3,SEN1,1050,103050
2026-08-28T22:30:13+05:30,thermal_zone4,SEN2,41050,80050
2026-08-28T22:30:13+05:30,thermal_zone5,B0D4,48050,110050
2026-08-28T22:30:13+05:30,thermal_zone6,iwlwifi_1,55000,0
2026-08-28T22:30:13+05:30,thermal_zone7,x86_pkg_temp,63000,0
2026-08-28T22:30:14+05:30,thermal_zone0,acpitz,48000,128000
2026-08-28T22:30:14+05:30,thermal_zone1,pch_cannonlake,55000,120000
2026-08-28T22:30:14+05:30,thermal_zone2,INT3400 Thermal,20000,0
2026-08-28T22:30:14+05:30,thermal_zone3,SEN1,1050,103050
2026-08-28T22:30:14+05:30,thermal_zone4,SEN2,41050,80050
2026-08-28T22:30:14+05:30,thermal_zone5,B0D4,48050,110050
2026-08-28T22:30:14+05:30,thermal_zone6,iwlwifi_1,55000,0
2026-08-28T22:30:14+05:30,thermal_zone7,x86_pkg_temp,65000,0
2026-08-28T22:30:16+05:30,thermal_zone0,acpitz,48000,128000
2026-08-28T22:30:16+05:30,thermal_zone1,pch_cannonlake,55000,120000
2026-08-28T22:30:16+05:30,thermal_zone2,INT3400 Thermal,20000,0
2026-08-28T22:30:16+05:30,thermal_zone3,SEN1,1050,103050
2026-08-28T22:30:16+05:30,thermal_zone4,SEN2,41050,80050
2026-08-28T22:30:16+05:30,thermal_zone5,B0D4,48050,110050
2026-08-28T22:30:16+05:30,thermal_zone6,iwlwifi_1,55000,0
2026-08-28T22:30:16+05:30,thermal_zone7,x86_pkg_temp,64000,0
2026-08-28T22:30:17+05:30,thermal_zone0,acpitz,48000,128000
2026-08-28T22:30:17+05:30,thermal_zone1,pch_cannonlake,54000,120000
2026-08-28T22:30:17+05:30,thermal_zone2,INT3400 Thermal,20000,0
2026-08-28T22:30:17+05:30,thermal_zone3,SEN1,1050,103050
2026-08-28T22:30:17+05:30,thermal_zone4,SEN2,41050,80050
2026-08-28T22:30:17+05:30,thermal_zone5,B0D4,48050,110050
2026-08-28T22:30:17+05:30,thermal_zone6,iwlwifi_1,55000,0
2026-08-28T22:30:17+05:30,thermal_zone7,x86_pkg_temp,65000,0
2026-08-28T22:30:18+05:30,thermal_zone0,acpitz,48000,128000
2026-08-28T22:30:18+05:30,thermal_zone1,pch_cannonlake,55000,120000
2026-08-28T22:30:18+05:30,thermal_zone2,INT3400 Thermal,20000,0
2026-08-28T22:30:18+05:30,thermal_zone3,SEN1,1050,103050
2026-08-28T22:30:18+05:30,thermal_zone4,SEN2,41050,80050
2026-08-28T22:30:18+05:30,thermal_zone5,B0D4,48050,110050
2026-08-28T22:30:18+05:30,thermal_zone6,iwlwifi_1,55000,0
2026-08-28T22:30:18+05:30,thermal_zone7,x86_pkg_temp,66000,0
2026-08-28T22:30:19+05:30,thermal_zone0,acpitz,48000,128000
2026-08-28T22:30:19+05:30,thermal_zone1,pch_cannonlake,54000,120000
2026-08-28T22:30:19+05:30,thermal_zone2,INT3400 Thermal,20000,0
2026-08-28T22:30:19+05:30,thermal_zone3,SEN1,1050,103050
2026-08-28T22:30:19+05:30,thermal_zone4,SEN2,41050,80050
2026-08-28T22:30:19+05:30,thermal_zone5,B0D4,48050,110050
2026-08-28T22:30:19+05:30,thermal_zone6,iwlwifi_1,54000,0
2026-08-28T22:30:19+05:30,thermal_zone7,x86_pkg_temp,65000,0
2026-08-28T22:30:21+05:30,thermal_zone0,acpitz,48000,128000
2026-08-28T22:30:21+05:30,thermal_zone1,pch_cannonlake,53000,120000
2026-08-28T22:30:21+05:30,thermal_zone2,INT3400 Thermal,20000,0
2026-08-28T22:30:21+05:30,thermal_zone3,SEN1,1050,103050
2026-08-28T22:30:21+05:30,thermal_zone4,SEN2,41050,80050
2026-08-28T22:30:21+05:30,thermal_zone5,B0D4,48050,110050
2026-08-28T22:30:21+05:30,thermal_zone6,iwlwifi_1,54000,0
2026-08-28T22:30:21+05:30,thermal_zone7,x86_pkg_temp,64000,0
2026-08-28T22:30:22+05:30,thermal_zone0,acpitz,48000,128000
2026-08-28T22:30:22+05:30,thermal_zone1,pch_cannonlake,54000,120000
2026-08-28T22:30:22+05:30,thermal_zone2,INT3400 Thermal,20000,0
2026-08-28T22:30:22+05:30,thermal_zone3,SEN1,1050,103050
2026-08-28T22:30:22+05:30,thermal_zone4,SEN2,41050,80050
2026-08-28T22:30:22+05:30,thermal_zone5,B0D4,48050,110050
2026-08-28T22:30:22+05:30,thermal_zone6,iwlwifi_1,54000,0
2026-08-28T22:30:22+05:30,thermal_zone7,x86_pkg_temp,64000,0
2026-08-28T22:30:23+05:30,thermal_zone0,acpitz,48000,128000
2026-08-28T22:30:23+05:30,thermal_zone1,pch_cannonlake,53000,120000
2026-08-28T22:30:23+05:30,thermal_zone2,INT3400 Thermal,20000,0
2026-08-28T22:30:23+05:30,thermal_zone3,SEN1,1050,103050
2026-08-28T22:30:23+05:30,thermal_zone4,SEN2,41050,80050
2026-08-28T22:30:23+05:30,thermal_zone5,B0D4,48050,110050
2026-08-28T22:30:23+05:30,thermal_zone6,iwlwifi_1,55000,0
2026-08-28T22:30:23+05:30,thermal_zone7,x86_pkg_temp,65000,0
2026-08-28T22:30:24+05:30,thermal_zone0,acpitz,48000,128000
2026-08-28T22:30:24+05:30,thermal_zone1,pch_cannonlake,55000,120000
2026-08-28T22:30:24+05:30,thermal_zone2,INT3400 Thermal,20000,0
2026-08-28T22:30:24+05:30,thermal_zone3,SEN1,1050,103050
2026-08-28T22:30:24+05:30,thermal_zone4,SEN2,41050,80050
2026-08-28T22:30:24+05:30,thermal_zone5,B0D4,48050,110050
2026-08-28T22:30:24+05:30,thermal_zone6,iwlwifi_1,54000,0
2026-08-28T22:30:24+05:30,thermal_zone7,x86_pkg_temp,65000,0
2026-08-28T22:30:26+05:30,thermal_zone0,acpitz,48000,128000
2026-08-28T22:30:26+05:30,thermal_zone1,pch_cannonlake,55000,120000
2026-08-28T22:30:26+05:30,thermal_zone2,INT3400 Thermal,20000,0
2026-08-28T22:30:26+05:30,thermal_zone3,SEN1,1050,103050
2026-08-28T22:30:26+05:30,thermal_zone4,SEN2,41050,80050
2026-08-28T22:30:26+05:30,thermal_zone5,B0D4,48050,110050
2026-08-28T22:30:26+05:30,thermal_zone6,iwlwifi_1,54000,0
2026-08-28T22:30:26+05:30,thermal_zone7,x86_pkg_temp,64000,0
2026-08-28T22:30:27+05:30,thermal_zone0,acpitz,48000,128000
2026-08-28T22:30:27+05:30,thermal_zone1,pch_cannonlake,55000,120000
2026-08-28T22:30:27+05:30,thermal_zone2,INT3400 Thermal,20000,0
2026-08-28T22:30:27+05:30,thermal_zone3,SEN1,1050,103050
2026-08-28T22:30:27+05:30,thermal_zone4,SEN2,41050,80050
2026-08-28T22:30:27+05:30,thermal_zone5,B0D4,48050,110050
2026-08-28T22:30:27+05:30,thermal_zone6,iwlwifi_1,55000,0
2026-08-28T22:30:27+05:30,thermal_zone7,x86_pkg_temp,66000,0
2026-08-28T22:30:28+05:30,thermal_zone0,acpitz,48000,128000
2026-08-28T22:30:28+05:30,thermal_zone1,pch_cannonlake,54000,120000
2026-08-28T22:30:28+05:30,thermal_zone2,INT3400 Thermal,20000,0
2026-08-28T22:30:28+05:30,thermal_zone3,SEN1,1050,103050
2026-08-28T22:30:28+05:30,thermal_zone4,SEN2,41050,80050
2026-08-28T22:30:28+05:30,thermal_zone5,B0D4,48050,110050
2026-08-28T22:30:28+05:30,thermal_zone6,iwlwifi_1,55000,0
2026-08-28T22:30:28+05:30,thermal_zone7,x86_pkg_temp,64000,0
2026-08-28T22:30:29+05:30,thermal_zone0,acpitz,48000,128000
2026-08-28T22:30:29+05:30,thermal_zone1,pch_cannonlake,53000,120000
2026-08-28T22:30:29+05:30,thermal_zone2,INT3400 Thermal,20000,0
2026-08-28T22:30:29+05:30,thermal_zone3,SEN1,1050,103050
2026-08-28T22:30:29+05:30,thermal_zone4,SEN2,41050,80050
2026-08-28T22:30:29+05:30,thermal_zone5,B0D4,48050,110050
2026-08-28T22:30:29+05:30,thermal_zone6,iwlwifi_1,54000,0
2026-08-28T22:30:29+05:30,thermal_zone7,x86_pkg_temp,64000,0
2026-08-28T22:30:31+05:30,thermal_zone0,acpitz,48000,128000
2026-08-28T22:30:31+05:30,thermal_zone1,pch_cannonlake,54000,120000
2026-08-28T22:30:31+05:30,thermal_zone2,INT3400 Thermal,20000,0
2026-08-28T22:30:31+05:30,thermal_zone3,SEN1,1050,103050
2026-08-28T22:30:31+05:30,thermal_zone4,SEN2,41050,80050
2026-08-28T22:30:31+05:30,thermal_zone5,B0D4,48050,110050
2026-08-28T22:30:31+05:30,thermal_zone6,iwlwifi_1,55000,0
2026-08-28T22:30:31+05:30,thermal_zone7,x86_pkg_temp,64000,0
2026-08-28T22:30:32+05:30,thermal_zone0,acpitz,48000,128000
2026-08-28T22:30:32+05:30,thermal_zone1,pch_cannonlake,55000,120000
2026-08-28T22:30:32+05:30,thermal_zone2,INT3400 Thermal,20000,0
2026-08-28T22:30:32+05:30,thermal_zone3,SEN1,1050,103050
2026-08-28T22:30:32+05:30,thermal_zone4,SEN2,41050,80050
2026-08-28T22:30:32+05:30,thermal_zone5,B0D4,48050,110050
2026-08-28T22:30:32+05:30,thermal_zone6,iwlwifi_1,55000,0
2026-08-28T22:30:32+05:30,thermal_zone7,x86_pkg_temp,65000,0
2026-08-28T22:30:33+05:30,thermal_zone0,acpitz,48000,128000
2026-08-28T22:30:33+05:30,thermal_zone1,pch_cannonlake,54000,120000
2026-08-28T22:30:33+05:30,thermal_zone2,INT3400 Thermal,20000,0
2026-08-28T22:30:33+05:30,thermal_zone3,SEN1,1050,103050
2026-08-28T22:30:33+05:30,thermal_zone4,SEN2,41050,80050
2026-08-28T22:30:33+05:30,thermal_zone5,B0D4,48050,110050
2026-08-28T22:30:33+05:30,thermal_zone6,iwlwifi_1,55000,0
2026-08-28T22:30:33+05:30,thermal_zone7,x86_pkg_temp,64000,0
2026-08-28T22:30:34+05:30,thermal_zone0,acpitz,48000,128000
2026-08-28T22:30:34+05:30,thermal_zone1,pch_cannonlake,54000,120000
2026-08-28T22:30:34+05:30,thermal_zone2,INT3400 Thermal,20000,0
2026-08-28T22:30:34+05:30,thermal_zone3,SEN1,1050,103050
2026-08-28T22:30:34+05:30,thermal_zone4,SEN2,41050,80050
2026-08-28T22:30:34+05:30,thermal_zone5,B0D4,48050,110050
2026-08-28T22:30:34+05:30,thermal_zone6,iwlwifi_1,57000,0
2026-08-28T22:30:34+05:30,thermal_zone7,x86_pkg_temp,64000,0
2026-08-28T22:30:36+05:30,thermal_zone0,acpitz,48000,128000
2026-08-28T22:30:36+05:30,thermal_zone1,pch_cannonlake,55000,120000
2026-08-28T22:30:36+05:30,thermal_zone2,INT3400 Thermal,20000,0
2026-08-28T22:30:36+05:30,thermal_zone3,SEN1,1050,103050
2026-08-28T22:30:36+05:30,thermal_zone4,SEN2,41050,80050
2026-08-28T22:30:36+05:30,thermal_zone5,B0D4,48050,110050
2026-08-28T22:30:36+05:30,thermal_zone6,iwlwifi_1,57000,0
2026-08-28T22:30:36+05:30,thermal_zone7,x86_pkg_temp,62000,0
2026-08-28T22:30:37+05:30,thermal_zone0,acpitz,48000,128000
2026-08-28T22:30:37+05:30,thermal_zone1,pch_cannonlake,54000,120000
2026-08-28T22:30:37+05:30,thermal_zone2,INT3400 Thermal,20000,0
2026-08-28T22:30:37+05:30,thermal_zone3,SEN1,1050,103050
2026-08-28T22:30:37+05:30,thermal_zone4,SEN2,41050,80050
2026-08-28T22:30:37+05:30,thermal_zone5,B0D4,48050,110050
2026-08-28T22:30:37+05:30,thermal_zone6,iwlwifi_1,57000,0
2026-08-28T22:30:37+05:30,thermal_zone7,x86_pkg_temp,64000,0
2026-08-28T22:30:38+05:30,thermal_zone0,acpitz,48000,128000
2026-08-28T22:30:38+05:30,thermal_zone1,pch_cannonlake,54000,120000
2026-08-28T22:30:38+05:30,thermal_zone2,INT3400 Thermal,20000,0
2026-08-28T22:30:38+05:30,thermal_zone3,SEN1,1050,103050
2026-08-28T22:30:38+05:30,thermal_zone4,SEN2,41050,80050
2026-08-28T22:30:38+05:30,thermal_zone5,B0D4,48050,110050
2026-08-28T22:30:38+05:30,thermal_zone6,iwlwifi_1,55000,0
2026-08-28T22:30:38+05:30,thermal_zone7,x86_pkg_temp,64000,0
2026-08-28T22:30:40+05:30,thermal_zone0,acpitz,48000,128000
2026-08-28T22:30:40+05:30,thermal_zone1,pch_cannonlake,53000,120000
2026-08-28T22:30:40+05:30,thermal_zone2,INT3400 Thermal,20000,0
2026-08-28T22:30:40+05:30,thermal_zone3,SEN1,1050,103050
2026-08-28T22:30:40+05:30,thermal_zone4,SEN2,41050,80050
2026-08-28T22:30:40+05:30,thermal_zone5,B0D4,48050,110050
2026-08-28T22:30:40+05:30,thermal_zone6,iwlwifi_1,55000,0
2026-08-28T22:30:40+05:30,thermal_zone7,x86_pkg_temp,64000,0
2026-08-28T22:30:41+05:30,thermal_zone0,acpitz,48000,128000
2026-08-28T22:30:41+05:30,thermal_zone1,pch_cannonlake,54000,120000
2026-08-28T22:30:41+05:30,thermal_zone2,INT3400 Thermal,20000,0
2026-08-28T22:30:41+05:30,thermal_zone3,SEN1,1050,103050
2026-08-28T22:30:41+05:30,thermal_zone4,SEN2,41050,80050
2026-08-28T22:30:41+05:30,thermal_zone5,B0D4,48050,110050
2026-08-28T22:30:41+05:30,thermal_zone6,iwlwifi_1,55000,0
2026-08-28T22:30:41+05:30,thermal_zone7,x86_pkg_temp,63000,0
2026-08-28T22:30:42+05:30,thermal_zone0,acpitz,48000,128000
2026-08-28T22:30:42+05:30,thermal_zone1,pch_cannonlake,54000,120000
2026-08-28T22:30:42+05:30,thermal_zone2,INT3400 Thermal,20000,0
2026-08-28T22:30:42+05:30,thermal_zone3,SEN1,1050,103050
2026-08-28T22:30:42+05:30,thermal_zone4,SEN2,41050,80050
2026-08-28T22:30:42+05:30,thermal_zone5,B0D4,48050,110050
2026-08-28T22:30:42+05:30,thermal_zone6,iwlwifi_1,55000,0
2026-08-28T22:30:42+05:30,thermal_zone7,x86_pkg_temp,65000,0
2026-08-28T22:30:43+05:30,thermal_zone0,acpitz,48000,128000
2026-08-28T22:30:43+05:30,thermal_zone1,pch_cannonlake,53000,120000
2026-08-28T22:30:43+05:30,thermal_zone2,INT3400 Thermal,20000,0
2026-08-28T22:30:43+05:30,thermal_zone3,SEN1,1050,103050
2026-08-28T22:30:43+05:30,thermal_zone4,SEN2,41050,80050
2026-08-28T22:30:43+05:30,thermal_zone5,B0D4,48050,110050
2026-08-28T22:30:43+05:30,thermal_zone6,iwlwifi_1,55000,0
2026-08-28T22:30:43+05:30,thermal_zone7,x86_pkg_temp,62000,0
2026-08-28T22:30:45+05:30,thermal_zone0,acpitz,48000,128000
2026-08-28T22:30:45+05:30,thermal_zone1,pch_cannonlake,53000,120000
2026-08-28T22:30:45+05:30,thermal_zone2,INT3400 Thermal,20000,0
2026-08-28T22:30:45+05:30,thermal_zone3,SEN1,1050,103050
2026-08-28T22:30:45+05:30,thermal_zone4,SEN2,41050,80050
2026-08-28T22:30:45+05:30,thermal_zone5,B0D4,48050,110050
2026-08-28T22:30:45+05:30,thermal_zone6,iwlwifi_1,55000,0
2026-08-28T22:30:45+05:30,thermal_zone7,x86_pkg_temp,64000,0
2026-08-28T22:30:46+05:30,thermal_zone0,acpitz,48000,128000
2026-08-28T22:30:46+05:30,thermal_zone1,pch_cannonlake,55000,120000
2026-08-28T22:30:46+05:30,thermal_zone2,INT3400 Thermal,20000,0
2026-08-28T22:30:46+05:30,thermal_zone3,SEN1,1050,103050
2026-08-28T22:30:46+05:30,thermal_zone4,SEN2,41050,80050
2026-08-28T22:30:46+05:30,thermal_zone5,B0D4,48050,110050
2026-08-28T22:30:46+05:30,thermal_zone6,iwlwifi_1,55000,0
2026-08-28T22:30:46+05:30,thermal_zone7,x86_pkg_temp,64000,0
2026-08-28T22:30:47+05:30,thermal_zone0,acpitz,48000,128000
2026-08-28T22:30:47+05:30,thermal_zone1,pch_cannonlake,54000,120000
2026-08-28T22:30:47+05:30,thermal_zone2,INT3400 Thermal,20000,0
2026-08-28T22:30:47+05:30,thermal_zone3,SEN1,1050,103050
2026-08-28T22:30:47+05:30,thermal_zone4,SEN2,41050,80050
2026-08-28T22:30:47+05:30,thermal_zone5,B0D4,48050,110050
2026-08-28T22:30:47+05:30,thermal_zone6,iwlwifi_1,55000,0
2026-08-28T22:30:47+05:30,thermal_zone7,x86_pkg_temp,64000,0
2026-08-28T22:30:48+05:30,thermal_zone0,acpitz,48000,128000
2026-08-28T22:30:48+05:30,thermal_zone1,pch_cannonlake,54000,120000
2026-08-28T22:30:48+05:30,thermal_zone2,INT3400 Thermal,20000,0
2026-08-28T22:30:48+05:30,thermal_zone3,SEN1,1050,103050
2026-08-28T22:30:48+05:30,thermal_zone4,SEN2,41050,80050
2026-08-28T22:30:48+05:30,thermal_zone5,B0D4,48050,110050
2026-08-28T22:30:48+05:30,thermal_zone6,iwlwifi_1,55000,0
2026-08-28T22:30:48+05:30,thermal_zone7,x86_pkg_temp,64000,0
2026-08-28T22:30:50+05:30,thermal_zone0,acpitz,48000,128000
2026-08-28T22:30:50+05:30,thermal_zone1,pch_cannonlake,55000,120000
2026-08-28T22:30:50+05:30,thermal_zone2,INT3400 Thermal,20000,0
2026-08-28T22:30:50+05:30,thermal_zone3,SEN1,1050,103050
2026-08-28T22:30:50+05:30,thermal_zone4,SEN2,41050,80050
2026-08-28T22:30:50+05:30,thermal_zone5,B0D4,48050,110050
2026-08-28T22:30:50+05:30,thermal_zone6,iwlwifi_1,55000,0
2026-08-28T22:30:50+05:30,thermal_zone7,x86_pkg_temp,64000,0
2026-08-28T22:30:51+05:30,thermal_zone0,acpitz,48000,128000
2026-08-28T22:30:51+05:30,thermal_zone1,pch_cannonlake,55000,120000
2026-08-28T22:30:51+05:30,thermal_zone2,INT3400 Thermal,20000,0
2026-08-28T22:30:51+05:30,thermal_zone3,SEN1,1050,103050
2026-08-28T22:30:51+05:30,thermal_zone4,SEN2,41050,80050
2026-08-28T22:30:51+05:30,thermal_zone5,B0D4,48050,110050
2026-08-28T22:30:51+05:30,thermal_zone6,iwlwifi_1,55000,0
2026-08-28T22:30:51+05:30,thermal_zone7,x86_pkg_temp,65000,0
2026-08-28T22:30:52+05:30,thermal_zone0,acpitz,48000,128000
2026-08-28T22:30:52+05:30,thermal_zone1,pch_cannonlake,53000,120000
2026-08-28T22:30:52+05:30,thermal_zone2,INT3400 Thermal,20000,0
2026-08-28T22:30:52+05:30,thermal_zone3,SEN1,1050,103050
2026-08-28T22:30:52+05:30,thermal_zone4,SEN2,41050,80050
2026-08-28T22:30:52+05:30,thermal_zone5,B0D4,48050,110050
2026-08-28T22:30:52+05:30,thermal_zone6,iwlwifi_1,55000,0
2026-08-28T22:30:52+05:30,thermal_zone7,x86_pkg_temp,64000,0
2026-08-28T22:30:53+05:30,thermal_zone0,acpitz,48000,128000
2026-08-28T22:30:53+05:30,thermal_zone1,pch_cannonlake,55000,120000
2026-08-28T22:30:53+05:30,thermal_zone2,INT3400 Thermal,20000,0
2026-08-28T22:30:53+05:30,thermal_zone3,SEN1,1050,103050
2026-08-28T22:30:53+05:30,thermal_zone4,SEN2,41050,80050
2026-08-28T22:30:53+05:30,thermal_zone5,B0D4,48050,110050
2026-08-28T22:30:53+05:30,thermal_zone6,iwlwifi_1,55000,0
2026-08-28T22:30:53+05:30,thermal_zone7,x86_pkg_temp,64000,0
2026-08-28T22:30:55+05:30,thermal_zone0,acpitz,48000,128000
2026-08-28T22:30:55+05:30,thermal_zone1,pch_cannonlake,54000,120000
2026-08-28T22:30:55+05:30,thermal_zone2,INT3400 Thermal,20000,0
2026-08-28T22:30:55+05:30,thermal_zone3,SEN1,1050,103050
2026-08-28T22:30:55+05:30,thermal_zone4,SEN2,41050,80050
2026-08-28T22:30:55+05:30,thermal_zone5,B0D4,48050,110050
2026-08-28T22:30:55+05:30,thermal_zone6,iwlwifi_1,55000,0
2026-08-28T22:30:55+05:30,thermal_zone7,x86_pkg_temp,65000,0
2026-08-28T22:30:56+05:30,thermal_zone0,acpitz,48000,128000
2026-08-28T22:30:56+05:30,thermal_zone1,pch_cannonlake,54000,120000
2026-08-28T22:30:56+05:30,thermal_zone2,INT3400 Thermal,20000,0
2026-08-28T22:30:56+05:30,thermal_zone3,SEN1,1050,103050
2026-08-28T22:30:56+05:30,thermal_zone4,SEN2,41050,80050
2026-08-28T22:30:56+05:30,thermal_zone5,B0D4,48050,110050
2026-08-28T22:30:56+05:30,thermal_zone6,iwlwifi_1,55000,0
2026-08-28T22:30:56+05:30,thermal_zone7,x86_pkg_temp,65000,0
2026-08-28T22:30:57+05:30,thermal_zone0,acpitz,48000,128000
2026-08-28T22:30:57+05:30,thermal_zone1,pch_cannonlake,54000,120000
2026-08-28T22:30:57+05:30,thermal_zone2,INT3400 Thermal,20000,0
2026-08-28T22:30:57+05:30,thermal_zone3,SEN1,1050,103050
2026-08-28T22:30:57+05:30,thermal_zone4,SEN2,41050,80050
2026-08-28T22:30:57+05:30,thermal_zone5,B0D4,48050,110050
2026-08-28T22:30:57+05:30,thermal_zone6,iwlwifi_1,55000,0
2026-08-28T22:30:57+05:30,thermal_zone7,x86_pkg_temp,63000,0
2026-08-28T22:30:58+05:30,thermal_zone0,acpitz,48000,128000
2026-08-28T22:30:58+05:30,thermal_zone1,pch_cannonlake,55000,120000
2026-08-28T22:30:58+05:30,thermal_zone2,INT3400 Thermal,20000,0
2026-08-28T22:30:58+05:30,thermal_zone3,SEN1,1050,103050
2026-08-28T22:30:58+05:30,thermal_zone4,SEN2,41050,80050
2026-08-28T22:30:58+05:30,thermal_zone5,B0D4,48050,110050
2026-08-28T22:30:58+05:30,thermal_zone6,iwlwifi_1,55000,0
2026-08-28T22:30:58+05:30,thermal_zone7,x86_pkg_temp,65000,0
2026-08-28T22:31:00+05:30,thermal_zone0,acpitz,48000,128000
2026-08-28T22:31:00+05:30,thermal_zone1,pch_cannonlake,53000,120000
2026-08-28T22:31:00+05:30,thermal_zone2,INT3400 Thermal,20000,0
2026-08-28T22:31:00+05:30,thermal_zone3,SEN1,1050,103050
2026-08-28T22:31:00+05:30,thermal_zone4,SEN2,41050,80050
2026-08-28T22:31:00+05:30,thermal_zone5,B0D4,48050,110050
2026-08-28T22:31:00+05:30,thermal_zone6,iwlwifi_1,54000,0
2026-08-28T22:31:00+05:30,thermal_zone7,x86_pkg_temp,64000,0
2026-08-28T22:31:01+05:30,thermal_zone0,acpitz,48000,128000
2026-08-28T22:31:01+05:30,thermal_zone1,pch_cannonlake,54000,120000
2026-08-28T22:31:01+05:30,thermal_zone2,INT3400 Thermal,20000,0
2026-08-28T22:31:01+05:30,thermal_zone3,SEN1,1050,103050
2026-08-28T22:31:01+05:30,thermal_zone4,SEN2,41050,80050
2026-08-28T22:31:01+05:30,thermal_zone5,B0D4,48050,110050
2026-08-28T22:31:01+05:30,thermal_zone6,iwlwifi_1,54000,0
2026-08-28T22:31:01+05:30,thermal_zone7,x86_pkg_temp,64000,0
2026-08-28T22:31:02+05:30,thermal_zone0,acpitz,48000,128000
2026-08-28T22:31:02+05:30,thermal_zone1,pch_cannonlake,53000,120000
2026-08-28T22:31:02+05:30,thermal_zone2,INT3400 Thermal,20000,0
2026-08-28T22:31:02+05:30,thermal_zone3,SEN1,1050,103050
2026-08-28T22:31:02+05:30,thermal_zone4,SEN2,41050,80050
2026-08-28T22:31:02+05:30,thermal_zone5,B0D4,48050,110050
2026-08-28T22:31:02+05:30,thermal_zone6,iwlwifi_1,55000,0
2026-08-28T22:31:02+05:30,thermal_zone7,x86_pkg_temp,65000,0
2026-08-28T22:31:04+05:30,thermal_zone0,acpitz,48000,128000
2026-08-28T22:31:04+05:30,thermal_zone1,pch_cannonlake,54000,120000
2026-08-28T22:31:04+05:30,thermal_zone2,INT3400 Thermal,20000,0
2026-08-28T22:31:04+05:30,thermal_zone3,SEN1,1050,103050
2026-08-28T22:31:04+05:30,thermal_zone4,SEN2,41050,80050
2026-08-28T22:31:04+05:30,thermal_zone5,B0D4,48050,110050
2026-08-28T22:31:04+05:30,thermal_zone6,iwlwifi_1,55000,0
2026-08-28T22:31:04+05:30,thermal_zone7,x86_pkg_temp,64000,0
2026-08-28T22:31:05+05:30,thermal_zone0,acpitz,48000,128000
2026-08-28T22:31:05+05:30,thermal_zone1,pch_cannonlake,53000,120000
2026-08-28T22:31:05+05:30,thermal_zone2,INT3400 Thermal,20000,0
2026-08-28T22:31:05+05:30,thermal_zone3,SEN1,1050,103050
2026-08-28T22:31:05+05:30,thermal_zone4,SEN2,41050,80050
2026-08-28T22:31:05+05:30,thermal_zone5,B0D4,48050,110050
2026-08-28T22:31:05+05:30,thermal_zone6,iwlwifi_1,56000,0
2026-08-28T22:31:05+05:30,thermal_zone7,x86_pkg_temp,64000,0
2026-08-28T22:31:06+05:30,thermal_zone0,acpitz,48000,128000
2026-08-28T22:31:06+05:30,thermal_zone1,pch_cannonlake,53000,120000
2026-08-28T22:31:06+05:30,thermal_zone2,INT3400 Thermal,20000,0
2026-08-28T22:31:06+05:30,thermal_zone3,SEN1,1050,103050
2026-08-28T22:31:06+05:30,thermal_zone4,SEN2,41050,80050
2026-08-28T22:31:06+05:30,thermal_zone5,B0D4,48050,110050
2026-08-28T22:31:06+05:30,thermal_zone6,iwlwifi_1,55000,0
2026-08-28T22:31:06+05:30,thermal_zone7,x86_pkg_temp,64000,0
2026-08-28T22:31:07+05:30,thermal_zone0,acpitz,48000,128000
2026-08-28T22:31:07+05:30,thermal_zone1,pch_cannonlake,54000,120000
2026-08-28T22:31:07+05:30,thermal_zone2,INT3400 Thermal,20000,0
2026-08-28T22:31:07+05:30,thermal_zone3,SEN1,1050,103050
2026-08-28T22:31:07+05:30,thermal_zone4,SEN2,41050,80050
2026-08-28T22:31:07+05:30,thermal_zone5,B0D4,48050,110050
2026-08-28T22:31:07+05:30,thermal_zone6,iwlwifi_1,55000,0
2026-08-28T22:31:07+05:30,thermal_zone7,x86_pkg_temp,64000,0
2026-08-28T22:31:09+05:30,thermal_zone0,acpitz,48000,128000
2026-08-28T22:31:09+05:30,thermal_zone1,pch_cannonlake,55000,120000
2026-08-28T22:31:09+05:30,thermal_zone2,INT3400 Thermal,20000,0
2026-08-28T22:31:09+05:30,thermal_zone3,SEN1,1050,103050
2026-08-28T22:31:09+05:30,thermal_zone4,SEN2,41050,80050
2026-08-28T22:31:09+05:30,thermal_zone5,B0D4,48050,110050
2026-08-28T22:31:09+05:30,thermal_zone6,iwlwifi_1,56000,0
2026-08-28T22:31:09+05:30,thermal_zone7,x86_pkg_temp,62000,0
2026-08-28T22:31:10+05:30,thermal_zone0,acpitz,48000,128000
2026-08-28T22:31:10+05:30,thermal_zone1,pch_cannonlake,54000,120000
2026-08-28T22:31:10+05:30,thermal_zone2,INT3400 Thermal,20000,0
2026-08-28T22:31:10+05:30,thermal_zone3,SEN1,1050,103050
2026-08-28T22:31:10+05:30,thermal_zone4,SEN2,41050,80050
2026-08-28T22:31:10+05:30,thermal_zone5,B0D4,48050,110050
2026-08-28T22:31:10+05:30,thermal_zone6,iwlwifi_1,55000,0
2026-08-28T22:31:10+05:30,thermal_zone7,x86_pkg_temp,63000,0
2026-08-28T22:31:12+05:30,thermal_zone0,acpitz,48000,128000
2026-08-28T22:31:12+05:30,thermal_zone1,pch_cannonlake,54000,120000
2026-08-28T22:31:12+05:30,thermal_zone2,INT3400 Thermal,20000,0
2026-08-28T22:31:12+05:30,thermal_zone3,SEN1,1050,103050
2026-08-28T22:31:12+05:30,thermal_zone4,SEN2,41050,80050
2026-08-28T22:31:12+05:30,thermal_zone5,B0D4,48050,110050
2026-08-28T22:31:12+05:30,thermal_zone6,iwlwifi_1,55000,0
2026-08-28T22:31:12+05:30,thermal_zone7,x86_pkg_temp,62000,0
2026-08-28T22:31:13+05:30,thermal_zone0,acpitz,48000,128000
2026-08-28T22:31:13+05:30,thermal_zone1,pch_cannonlake,53000,120000
2026-08-28T22:31:13+05:30,thermal_zone2,INT3400 Thermal,20000,0
2026-08-28T22:31:13+05:30,thermal_zone3,SEN1,1050,103050
2026-08-28T22:31:13+05:30,thermal_zone4,SEN2,41050,80050
2026-08-28T22:31:13+05:30,thermal_zone5,B0D4,48050,110050
2026-08-28T22:31:13+05:30,thermal_zone6,iwlwifi_1,56000,0
2026-08-28T22:31:13+05:30,thermal_zone7,x86_pkg_temp,65000,0
2026-08-28T22:31:15+05:30,thermal_zone0,acpitz,48000,128000
2026-08-28T22:31:15+05:30,thermal_zone1,pch_cannonlake,54000,120000
2026-08-28T22:31:15+05:30,thermal_zone2,INT3400 Thermal,20000,0
2026-08-28T22:31:15+05:30,thermal_zone3,SEN1,1050,103050
2026-08-28T22:31:15+05:30,thermal_zone4,SEN2,41050,80050
2026-08-28T22:31:15+05:30,thermal_zone5,B0D4,48050,110050
2026-08-28T22:31:15+05:30,thermal_zone6,iwlwifi_1,55000,0
2026-08-28T22:31:15+05:30,thermal_zone7,x86_pkg_temp,63000,0
2026-08-28T22:31:16+05:30,thermal_zone0,acpitz,48000,128000
2026-08-28T22:31:16+05:30,thermal_zone1,pch_cannonlake,54000,120000
2026-08-28T22:31:16+05:30,thermal_zone2,INT3400 Thermal,20000,0
2026-08-28T22:31:16+05:30,thermal_zone3,SEN1,1050,103050
2026-08-28T22:31:16+05:30,thermal_zone4,SEN2,41050,80050
2026-08-28T22:31:16+05:30,thermal_zone5,B0D4,48050,110050
2026-08-28T22:31:16+05:30,thermal_zone6,iwlwifi_1,55000,0
2026-08-28T22:31:16+05:30,thermal_zone7,x86_pkg_temp,62000,0
2026-08-28T22:31:18+05:30,thermal_zone0,acpitz,48000,128000
2026-08-28T22:31:18+05:30,thermal_zone1,pch_cannonlake,54000,120000
2026-08-28T22:31:18+05:30,thermal_zone2,INT3400 Thermal,20000,0
2026-08-28T22:31:18+05:30,thermal_zone3,SEN1,1050,103050
2026-08-28T22:31:18+05:30,thermal_zone4,SEN2,41050,80050
2026-08-28T22:31:18+05:30,thermal_zone5,B0D4,48050,110050
2026-08-28T22:31:18+05:30,thermal_zone6,iwlwifi_1,55000,0
2026-08-28T22:31:18+05:30,thermal_zone7,x86_pkg_temp,64000,0
2026-08-28T22:31:19+05:30,thermal_zone0,acpitz,48000,128000
2026-08-28T22:31:19+05:30,thermal_zone1,pch_cannonlake,55000,120000
2026-08-28T22:31:19+05:30,thermal_zone2,INT3400 Thermal,20000,0
2026-08-28T22:31:19+05:30,thermal_zone3,SEN1,1050,103050
2026-08-28T22:31:19+05:30,thermal_zone4,SEN2,41050,80050
2026-08-28T22:31:19+05:30,thermal_zone5,B0D4,48050,110050
2026-08-28T22:31:19+05:30,thermal_zone6,iwlwifi_1,55000,0
2026-08-28T22:31:19+05:30,thermal_zone7,x86_pkg_temp,61000,0
2026-08-28T22:31:20+05:30,thermal_zone0,acpitz,48000,128000
2026-08-28T22:31:20+05:30,thermal_zone1,pch_cannonlake,53000,120000
2026-08-28T22:31:20+05:30,thermal_zone2,INT3400 Thermal,20000,0
2026-08-28T22:31:20+05:30,thermal_zone3,SEN1,1050,103050
2026-08-28T22:31:20+05:30,thermal_zone4,SEN2,41050,80050
2026-08-28T22:31:20+05:30,thermal_zone5,B0D4,48050,110050
2026-08-28T22:31:20+05:30,thermal_zone6,iwlwifi_1,55000,0
2026-08-28T22:31:20+05:30,thermal_zone7,x86_pkg_temp,64000,0
2026-08-28T22:31:22+05:30,thermal_zone0,acpitz,48000,128000
2026-08-28T22:31:22+05:30,thermal_zone1,pch_cannonlake,54000,120000
2026-08-28T22:31:22+05:30,thermal_zone2,INT3400 Thermal,20000,0
2026-08-28T22:31:22+05:30,thermal_zone3,SEN1,1050,103050
2026-08-28T22:31:22+05:30,thermal_zone4,SEN2,41050,80050
2026-08-28T22:31:22+05:30,thermal_zone5,B0D4,48050,110050
2026-08-28T22:31:22+05:30,thermal_zone6,iwlwifi_1,55000,0
2026-08-28T22:31:22+05:30,thermal_zone7,x86_pkg_temp,65000,0
2026-08-28T22:31:23+05:30,thermal_zone0,acpitz,48000,128000
2026-08-28T22:31:23+05:30,thermal_zone1,pch_cannonlake,54000,120000
2026-08-28T22:31:23+05:30,thermal_zone2,INT3400 Thermal,20000,0
2026-08-28T22:31:23+05:30,thermal_zone3,SEN1,1050,103050
2026-08-28T22:31:23+05:30,thermal_zone4,SEN2,41050,80050
2026-08-28T22:31:23+05:30,thermal_zone5,B0D4,48050,110050
2026-08-28T22:31:23+05:30,thermal_zone6,iwlwifi_1,55000,0
2026-08-28T22:31:23+05:30,thermal_zone7,x86_pkg_temp,62000,0
2026-08-28T22:31:24+05:30,thermal_zone0,acpitz,48000,128000
2026-08-28T22:31:24+05:30,thermal_zone1,pch_cannonlake,54000,120000
2026-08-28T22:31:24+05:30,thermal_zone2,INT3400 Thermal,20000,0
2026-08-28T22:31:24+05:30,thermal_zone3,SEN1,1050,103050
2026-08-28T22:31:24+05:30,thermal_zone4,SEN2,41050,80050
2026-08-28T22:31:24+05:30,thermal_zone5,B0D4,48050,110050
2026-08-28T22:31:24+05:30,thermal_zone6,iwlwifi_1,55000,0
2026-08-28T22:31:24+05:30,thermal_zone7,x86_pkg_temp,64000,0
2026-08-28T22:31:25+05:30,thermal_zone0,acpitz,48000,128000
2026-08-28T22:31:25+05:30,thermal_zone1,pch_cannonlake,54000,120000
2026-08-28T22:31:25+05:30,thermal_zone2,INT3400 Thermal,20000,0
2026-08-28T22:31:25+05:30,thermal_zone3,SEN1,1050,103050
2026-08-28T22:31:25+05:30,thermal_zone4,SEN2,41050,80050
2026-08-28T22:31:25+05:30,thermal_zone5,B0D4,48050,110050
2026-08-28T22:31:25+05:30,thermal_zone6,iwlwifi_1,55000,0
2026-08-28T22:31:25+05:30,thermal_zone7,x86_pkg_temp,65000,0
2026-08-28T22:31:27+05:30,thermal_zone0,acpitz,48000,128000
2026-08-28T22:31:27+05:30,thermal_zone1,pch_cannonlake,53000,120000
2026-08-28T22:31:27+05:30,thermal_zone2,INT3400 Thermal,20000,0
2026-08-28T22:31:27+05:30,thermal_zone3,SEN1,1050,103050
2026-08-28T22:31:27+05:30,thermal_zone4,SEN2,41050,80050
2026-08-28T22:31:27+05:30,thermal_zone5,B0D4,48050,110050
2026-08-28T22:31:27+05:30,thermal_zone6,iwlwifi_1,55000,0
2026-08-28T22:31:27+05:30,thermal_zone7,x86_pkg_temp,64000,0
2026-08-28T22:31:28+05:30,thermal_zone0,acpitz,48000,128000
2026-08-28T22:31:28+05:30,thermal_zone1,pch_cannonlake,54000,120000
2026-08-28T22:31:28+05:30,thermal_zone2,INT3400 Thermal,20000,0
2026-08-28T22:31:28+05:30,thermal_zone3,SEN1,1050,103050
2026-08-28T22:31:28+05:30,thermal_zone4,SEN2,41050,80050
2026-08-28T22:31:28+05:30,thermal_zone5,B0D4,48050,110050
2026-08-28T22:31:28+05:30,thermal_zone6,iwlwifi_1,55000,0
2026-08-28T22:31:28+05:30,thermal_zone7,x86_pkg_temp,63000,0
2026-08-28T22:31:29+05:30,thermal_zone0,acpitz,48000,128000
2026-08-28T22:31:29+05:30,thermal_zone1,pch_cannonlake,53000,120000
2026-08-28T22:31:29+05:30,thermal_zone2,INT3400 Thermal,20000,0
2026-08-28T22:31:29+05:30,thermal_zone3,SEN1,1050,103050
2026-08-28T22:31:29+05:30,thermal_zone4,SEN2,41050,80050
2026-08-28T22:31:29+05:30,thermal_zone5,B0D4,48050,110050
2026-08-28T22:31:29+05:30,thermal_zone6,iwlwifi_1,55000,0
2026-08-28T22:31:29+05:30,thermal_zone7,x86_pkg_temp,63000,0
2026-08-28T22:31:31+05:30,thermal_zone0,acpitz,48000,128000
2026-08-28T22:31:31+05:30,thermal_zone1,pch_cannonlake,54000,120000
2026-08-28T22:31:31+05:30,thermal_zone2,INT3400 Thermal,20000,0
2026-08-28T22:31:31+05:30,thermal_zone3,SEN1,1050,103050
2026-08-28T22:31:31+05:30,thermal_zone4,SEN2,41050,80050
2026-08-28T22:31:31+05:30,thermal_zone5,B0D4,48050,110050
2026-08-28T22:31:31+05:30,thermal_zone6,iwlwifi_1,55000,0
2026-08-28T22:31:31+05:30,thermal_zone7,x86_pkg_temp,62000,0
2026-08-28T22:31:32+05:30,thermal_zone0,acpitz,48000,128000
2026-08-28T22:31:32+05:30,thermal_zone1,pch_cannonlake,54000,120000
2026-08-28T22:31:32+05:30,thermal_zone2,INT3400 Thermal,20000,0
2026-08-28T22:31:32+05:30,thermal_zone3,SEN1,1050,103050
2026-08-28T22:31:32+05:30,thermal_zone4,SEN2,41050,80050
2026-08-28T22:31:32+05:30,thermal_zone5,B0D4,48050,110050
2026-08-28T22:31:32+05:30,thermal_zone6,iwlwifi_1,55000,0
2026-08-28T22:31:32+05:30,thermal_zone7,x86_pkg_temp,65000,0
2026-08-28T22:31:33+05:30,thermal_zone0,acpitz,48000,128000
2026-08-28T22:31:33+05:30,thermal_zone1,pch_cannonlake,53000,120000
2026-08-28T22:31:33+05:30,thermal_zone2,INT3400 Thermal,20000,0
2026-08-28T22:31:33+05:30,thermal_zone3,SEN1,1050,103050
2026-08-28T22:31:33+05:30,thermal_zone4,SEN2,41050,80050
2026-08-28T22:31:33+05:30,thermal_zone5,B0D4,48050,110050
2026-08-28T22:31:33+05:30,thermal_zone6,iwlwifi_1,55000,0
2026-08-28T22:31:33+05:30,thermal_zone7,x86_pkg_temp,64000,0
2026-08-28T22:31:34+05:30,thermal_zone0,acpitz,48000,128000
2026-08-28T22:31:34+05:30,thermal_zone1,pch_cannonlake,53000,120000
2026-08-28T22:31:34+05:30,thermal_zone2,INT3400 Thermal,20000,0
2026-08-28T22:31:34+05:30,thermal_zone3,SEN1,1050,103050
2026-08-28T22:31:34+05:30,thermal_zone4,SEN2,41050,80050
2026-08-28T22:31:34+05:30,thermal_zone5,B0D4,48050,110050
2026-08-28T22:31:34+05:30,thermal_zone6,iwlwifi_1,55000,0
2026-08-28T22:31:34+05:30,thermal_zone7,x86_pkg_temp,66000,0
2026-08-28T22:31:36+05:30,thermal_zone0,acpitz,48000,128000
2026-08-28T22:31:36+05:30,thermal_zone1,pch_cannonlake,53000,120000
2026-08-28T22:31:36+05:30,thermal_zone2,INT3400 Thermal,20000,0
2026-08-28T22:31:36+05:30,thermal_zone3,SEN1,1050,103050
2026-08-28T22:31:36+05:30,thermal_zone4,SEN2,41050,80050
2026-08-28T22:31:36+05:30,thermal_zone5,B0D4,48050,110050
2026-08-28T22:31:36+05:30,thermal_zone6,iwlwifi_1,55000,0
2026-08-28T22:31:36+05:30,thermal_zone7,x86_pkg_temp,65000,0
2026-08-28T22:31:37+05:30,thermal_zone0,acpitz,48000,128000
2026-08-28T22:31:37+05:30,thermal_zone1,pch_cannonlake,54000,120000
2026-08-28T22:31:37+05:30,thermal_zone2,INT3400 Thermal,20000,0
2026-08-28T22:31:37+05:30,thermal_zone3,SEN1,1050,103050
2026-08-28T22:31:37+05:30,thermal_zone4,SEN2,41050,80050
2026-08-28T22:31:37+05:30,thermal_zone5,B0D4,48050,110050
2026-08-28T22:31:37+05:30,thermal_zone6,iwlwifi_1,55000,0
2026-08-28T22:31:37+05:30,thermal_zone7,x86_pkg_temp,64000,0
2026-08-28T22:31:38+05:30,thermal_zone0,acpitz,48000,128000
2026-08-28T22:31:38+05:30,thermal_zone1,pch_cannonlake,54000,120000
2026-08-28T22:31:38+05:30,thermal_zone2,INT3400 Thermal,20000,0
2026-08-28T22:31:38+05:30,thermal_zone3,SEN1,1050,103050
2026-08-28T22:31:38+05:30,thermal_zone4,SEN2,41050,80050
2026-08-28T22:31:38+05:30,thermal_zone5,B0D4,48050,110050
2026-08-28T22:31:38+05:30,thermal_zone6,iwlwifi_1,55000,0
2026-08-28T22:31:38+05:30,thermal_zone7,x86_pkg_temp,62000,0
2026-08-28T22:31:39+05:30,thermal_zone0,acpitz,48000,128000
2026-08-28T22:31:39+05:30,thermal_zone1,pch_cannonlake,54000,120000
2026-08-28T22:31:39+05:30,thermal_zone2,INT3400 Thermal,20000,0
2026-08-28T22:31:39+05:30,thermal_zone3,SEN1,1050,103050
2026-08-28T22:31:39+05:30,thermal_zone4,SEN2,41050,80050
2026-08-28T22:31:39+05:30,thermal_zone5,B0D4,48050,110050
2026-08-28T22:31:39+05:30,thermal_zone6,iwlwifi_1,55000,0
2026-08-28T22:31:39+05:30,thermal_zone7,x86_pkg_temp,65000,0
2026-08-28T22:31:41+05:30,thermal_zone0,acpitz,48000,128000
2026-08-28T22:31:41+05:30,thermal_zone1,pch_cannonlake,53000,120000
2026-08-28T22:31:41+05:30,thermal_zone2,INT3400 Thermal,20000,0
2026-08-28T22:31:41+05:30,thermal_zone3,SEN1,1050,103050
2026-08-28T22:31:41+05:30,thermal_zone4,SEN2,41050,80050
2026-08-28T22:31:41+05:30,thermal_zone5,B0D4,48050,110050
2026-08-28T22:31:41+05:30,thermal_zone6,iwlwifi_1,55000,0
2026-08-28T22:31:41+05:30,thermal_zone7,x86_pkg_temp,64000,0
2026-08-28T22:31:42+05:30,thermal_zone0,acpitz,48000,128000
2026-08-28T22:31:42+05:30,thermal_zone1,pch_cannonlake,53000,120000
2026-08-28T22:31:42+05:30,thermal_zone2,INT3400 Thermal,20000,0
2026-08-28T22:31:42+05:30,thermal_zone3,SEN1,1050,103050
2026-08-28T22:31:42+05:30,thermal_zone4,SEN2,41050,80050
2026-08-28T22:31:42+05:30,thermal_zone5,B0D4,48050,110050
2026-08-28T22:31:42+05:30,thermal_zone6,iwlwifi_1,57000,0
2026-08-28T22:31:42+05:30,thermal_zone7,x86_pkg_temp,64000,0
2026-08-28T22:31:43+05:30,thermal_zone0,acpitz,48000,128000
2026-08-28T22:31:43+05:30,thermal_zone1,pch_cannonlake,53000,120000
2026-08-28T22:31:43+05:30,thermal_zone2,INT3400 Thermal,20000,0
2026-08-28T22:31:43+05:30,thermal_zone3,SEN1,1050,103050
2026-08-28T22:31:43+05:30,thermal_zone4,SEN2,41050,80050
2026-08-28T22:31:43+05:30,thermal_zone5,B0D4,48050,110050
2026-08-28T22:31:43+05:30,thermal_zone6,iwlwifi_1,57000,0
2026-08-28T22:31:43+05:30,thermal_zone7,x86_pkg_temp,64000,0
2026-08-28T22:31:45+05:30,thermal_zone0,acpitz,48000,128000
2026-08-28T22:31:45+05:30,thermal_zone1,pch_cannonlake,53000,120000
2026-08-28T22:31:45+05:30,thermal_zone2,INT3400 Thermal,20000,0
2026-08-28T22:31:45+05:30,thermal_zone3,SEN1,1050,103050
2026-08-28T22:31:45+05:30,thermal_zone4,SEN2,41050,80050
2026-08-28T22:31:45+05:30,thermal_zone5,B0D4,48050,110050
2026-08-28T22:31:45+05:30,thermal_zone6,iwlwifi_1,57000,0
2026-08-28T22:31:45+05:30,thermal_zone7,x86_pkg_temp,63000,0
2026-08-28T22:31:46+05:30,thermal_zone0,acpitz,48000,128000
2026-08-28T22:31:46+05:30,thermal_zone1,pch_cannonlake,53000,120000
2026-08-28T22:31:46+05:30,thermal_zone2,INT3400 Thermal,20000,0
2026-08-28T22:31:46+05:30,thermal_zone3,SEN1,1050,103050
2026-08-28T22:31:46+05:30,thermal_zone4,SEN2,41050,80050
2026-08-28T22:31:46+05:30,thermal_zone5,B0D4,48050,110050
2026-08-28T22:31:46+05:30,thermal_zone6,iwlwifi_1,57000,0
2026-08-28T22:31:46+05:30,thermal_zone7,x86_pkg_temp,62000,0
2026-08-28T22:31:47+05:30,thermal_zone0,acpitz,48000,128000
2026-08-28T22:31:47+05:30,thermal_zone1,pch_cannonlake,54000,120000
2026-08-28T22:31:47+05:30,thermal_zone2,INT3400 Thermal,20000,0
2026-08-28T22:31:47+05:30,thermal_zone3,SEN1,1050,103050
2026-08-28T22:31:47+05:30,thermal_zone4,SEN2,41050,80050
2026-08-28T22:31:47+05:30,thermal_zone5,B0D4,48050,110050
2026-08-28T22:31:47+05:30,thermal_zone6,iwlwifi_1,55000,0
2026-08-28T22:31:47+05:30,thermal_zone7,x86_pkg_temp,64000,0
2026-08-28T22:31:48+05:30,thermal_zone0,acpitz,48000,128000
2026-08-28T22:31:48+05:30,thermal_zone1,pch_cannonlake,53000,120000
2026-08-28T22:31:48+05:30,thermal_zone2,INT3400 Thermal,20000,0
2026-08-28T22:31:48+05:30,thermal_zone3,SEN1,1050,103050
2026-08-28T22:31:48+05:30,thermal_zone4,SEN2,41050,80050
2026-08-28T22:31:48+05:30,thermal_zone5,B0D4,48050,110050
2026-08-28T22:31:48+05:30,thermal_zone6,iwlwifi_1,55000,0
2026-08-28T22:31:48+05:30,thermal_zone7,x86_pkg_temp,65000,0
2026-08-28T22:31:50+05:30,thermal_zone0,acpitz,48000,128000
2026-08-28T22:31:50+05:30,thermal_zone1,pch_cannonlake,53000,120000
2026-08-28T22:31:50+05:30,thermal_zone2,INT3400 Thermal,20000,0
2026-08-28T22:31:50+05:30,thermal_zone3,SEN1,1050,103050
2026-08-28T22:31:50+05:30,thermal_zone4,SEN2,41050,80050
2026-08-28T22:31:50+05:30,thermal_zone5,B0D4,48050,110050
2026-08-28T22:31:50+05:30,thermal_zone6,iwlwifi_1,55000,0
2026-08-28T22:31:50+05:30,thermal_zone7,x86_pkg_temp,63000,0
2026-08-28T22:31:51+05:30,thermal_zone0,acpitz,48000,128000
2026-08-28T22:31:51+05:30,thermal_zone1,pch_cannonlake,53000,120000
2026-08-28T22:31:51+05:30,thermal_zone2,INT3400 Thermal,20000,0
2026-08-28T22:31:51+05:30,thermal_zone3,SEN1,1050,103050
2026-08-28T22:31:51+05:30,thermal_zone4,SEN2,41050,80050
2026-08-28T22:31:51+05:30,thermal_zone5,B0D4,48050,110050
2026-08-28T22:31:51+05:30,thermal_zone6,iwlwifi_1,55000,0
2026-08-28T22:31:51+05:30,thermal_zone7,x86_pkg_temp,64000,0
2026-08-28T22:31:52+05:30,thermal_zone0,acpitz,48000,128000
2026-08-28T22:31:52+05:30,thermal_zone1,pch_cannonlake,54000,120000
2026-08-28T22:31:52+05:30,thermal_zone2,INT3400 Thermal,20000,0
2026-08-28T22:31:52+05:30,thermal_zone3,SEN1,1050,103050
2026-08-28T22:31:52+05:30,thermal_zone4,SEN2,41050,80050
2026-08-28T22:31:52+05:30,thermal_zone5,B0D4,48050,110050
2026-08-28T22:31:52+05:30,thermal_zone6,iwlwifi_1,55000,0
2026-08-28T22:31:52+05:30,thermal_zone7,x86_pkg_temp,65000,0
2026-08-28T22:31:53+05:30,thermal_zone0,acpitz,48000,128000
2026-08-28T22:31:53+05:30,thermal_zone1,pch_cannonlake,54000,120000
2026-08-28T22:31:53+05:30,thermal_zone2,INT3400 Thermal,20000,0
2026-08-28T22:31:53+05:30,thermal_zone3,SEN1,1050,103050
2026-08-28T22:31:53+05:30,thermal_zone4,SEN2,41050,80050
2026-08-28T22:31:53+05:30,thermal_zone5,B0D4,48050,110050
2026-08-28T22:31:53+05:30,thermal_zone6,iwlwifi_1,55000,0
2026-08-28T22:31:53+05:30,thermal_zone7,x86_pkg_temp,64000,0
2026-08-28T22:31:55+05:30,thermal_zone0,acpitz,48000,128000
2026-08-28T22:31:55+05:30,thermal_zone1,pch_cannonlake,53000,120000
2026-08-28T22:31:55+05:30,thermal_zone2,INT3400 Thermal,20000,0
2026-08-28T22:31:55+05:30,thermal_zone3,SEN1,1050,103050
2026-08-28T22:31:55+05:30,thermal_zone4,SEN2,41050,80050
2026-08-28T22:31:55+05:30,thermal_zone5,B0D4,48050,110050
2026-08-28T22:31:55+05:30,thermal_zone6,iwlwifi_1,55000,0
2026-08-28T22:31:55+05:30,thermal_zone7,x86_pkg_temp,63000,0
2026-08-28T22:31:56+05:30,thermal_zone0,acpitz,48000,128000
2026-08-28T22:31:56+05:30,thermal_zone1,pch_cannonlake,53000,120000
2026-08-28T22:31:56+05:30,thermal_zone2,INT3400 Thermal,20000,0
2026-08-28T22:31:56+05:30,thermal_zone3,SEN1,1050,103050
2026-08-28T22:31:56+05:30,thermal_zone4,SEN2,41050,80050
2026-08-28T22:31:56+05:30,thermal_zone5,B0D4,48050,110050
2026-08-28T22:31:56+05:30,thermal_zone6,iwlwifi_1,57000,0
2026-08-28T22:31:56+05:30,thermal_zone7,x86_pkg_temp,64000,0
2026-08-28T22:31:57+05:30,thermal_zone0,acpitz,48000,128000
2026-08-28T22:31:57+05:30,thermal_zone1,pch_cannonlake,53000,120000
2026-08-28T22:31:57+05:30,thermal_zone2,INT3400 Thermal,20000,0
2026-08-28T22:31:57+05:30,thermal_zone3,SEN1,1050,103050
2026-08-28T22:31:57+05:30,thermal_zone4,SEN2,41050,80050
2026-08-28T22:31:57+05:30,thermal_zone5,B0D4,48050,110050
2026-08-28T22:31:57+05:30,thermal_zone6,iwlwifi_1,55000,0
2026-08-28T22:31:57+05:30,thermal_zone7,x86_pkg_temp,64000,0
2026-08-28T22:31:58+05:30,thermal_zone0,acpitz,48000,128000
2026-08-28T22:31:58+05:30,thermal_zone1,pch_cannonlake,54000,120000
2026-08-28T22:31:58+05:30,thermal_zone2,INT3400 Thermal,20000,0
2026-08-28T22:31:58+05:30,thermal_zone3,SEN1,1050,103050
2026-08-28T22:31:58+05:30,thermal_zone4,SEN2,41050,80050
2026-08-28T22:31:58+05:30,thermal_zone5,B0D4,48050,110050
2026-08-28T22:31:58+05:30,thermal_zone6,iwlwifi_1,55000,0
2026-08-28T22:31:58+05:30,thermal_zone7,x86_pkg_temp,65000,0
2026-08-28T22:32:00+05:30,thermal_zone0,acpitz,48000,128000
2026-08-28T22:32:00+05:30,thermal_zone1,pch_cannonlake,54000,120000
2026-08-28T22:32:00+05:30,thermal_zone2,INT3400 Thermal,20000,0
2026-08-28T22:32:00+05:30,thermal_zone3,SEN1,1050,103050
2026-08-28T22:32:00+05:30,thermal_zone4,SEN2,41050,80050
2026-08-28T22:32:00+05:30,thermal_zone5,B0D4,48050,110050
2026-08-28T22:32:00+05:30,thermal_zone6,iwlwifi_1,55000,0
2026-08-28T22:32:00+05:30,thermal_zone7,x86_pkg_temp,65000,0
2026-08-28T22:32:01+05:30,thermal_zone0,acpitz,48000,128000
2026-08-28T22:32:01+05:30,thermal_zone1,pch_cannonlake,53000,120000
2026-08-28T22:32:01+05:30,thermal_zone2,INT3400 Thermal,20000,0
2026-08-28T22:32:01+05:30,thermal_zone3,SEN1,1050,103050
2026-08-28T22:32:01+05:30,thermal_zone4,SEN2,41050,80050
2026-08-28T22:32:01+05:30,thermal_zone5,B0D4,48050,110050
2026-08-28T22:32:01+05:30,thermal_zone6,iwlwifi_1,54000,0
2026-08-28T22:32:01+05:30,thermal_zone7,x86_pkg_temp,62000,0
2026-08-28T22:32:02+05:30,thermal_zone0,acpitz,48000,128000
2026-08-28T22:32:02+05:30,thermal_zone1,pch_cannonlake,54000,120000
2026-08-28T22:32:02+05:30,thermal_zone2,INT3400 Thermal,20000,0
2026-08-28T22:32:02+05:30,thermal_zone3,SEN1,1050,103050
2026-08-28T22:32:02+05:30,thermal_zone4,SEN2,41050,80050
2026-08-28T22:32:02+05:30,thermal_zone5,B0D4,48050,110050
2026-08-28T22:32:02+05:30,thermal_zone6,iwlwifi_1,54000,0
2026-08-28T22:32:02+05:30,thermal_zone7,x86_pkg_temp,62000,0
2026-08-28T22:32:04+05:30,thermal_zone0,acpitz,48000,128000
2026-08-28T22:32:04+05:30,thermal_zone1,pch_cannonlake,55000,120000
2026-08-28T22:32:04+05:30,thermal_zone2,INT3400 Thermal,20000,0
2026-08-28T22:32:04+05:30,thermal_zone3,SEN1,1050,103050
2026-08-28T22:32:04+05:30,thermal_zone4,SEN2,41050,80050
2026-08-28T22:32:04+05:30,thermal_zone5,B0D4,48050,110050
2026-08-28T22:32:04+05:30,thermal_zone6,iwlwifi_1,55000,0
2026-08-28T22:32:04+05:30,thermal_zone7,x86_pkg_temp,63000,0
2026-08-28T22:32:05+05:30,thermal_zone0,acpitz,48000,128000
2026-08-28T22:32:05+05:30,thermal_zone1,pch_cannonlake,54000,120000
2026-08-28T22:32:05+05:30,thermal_zone2,INT3400 Thermal,20000,0
2026-08-28T22:32:05+05:30,thermal_zone3,SEN1,1050,103050
2026-08-28T22:32:05+05:30,thermal_zone4,SEN2,41050,80050
2026-08-28T22:32:05+05:30,thermal_zone5,B0D4,48050,110050
2026-08-28T22:32:05+05:30,thermal_zone6,iwlwifi_1,55000,0
2026-08-28T22:32:05+05:30,thermal_zone7,x86_pkg_temp,62000,0
2026-08-28T22:32:06+05:30,thermal_zone0,acpitz,48000,128000
2026-08-28T22:32:06+05:30,thermal_zone1,pch_cannonlake,55000,120000
2026-08-28T22:32:06+05:30,thermal_zone2,INT3400 Thermal,20000,0
2026-08-28T22:32:06+05:30,thermal_zone3,SEN1,1050,103050
2026-08-28T22:32:06+05:30,thermal_zone4,SEN2,41050,80050
2026-08-28T22:32:06+05:30,thermal_zone5,B0D4,48050,110050
2026-08-28T22:32:06+05:30,thermal_zone6,iwlwifi_1,54000,0
2026-08-28T22:32:06+05:30,thermal_zone7,x86_pkg_temp,62000,0
2026-08-28T22:32:08+05:30,thermal_zone0,acpitz,48000,128000
2026-08-28T22:32:08+05:30,thermal_zone1,pch_cannonlake,54000,120000
2026-08-28T22:32:08+05:30,thermal_zone2,INT3400 Thermal,20000,0
2026-08-28T22:32:08+05:30,thermal_zone3,SEN1,1050,103050
2026-08-28T22:32:08+05:30,thermal_zone4,SEN2,41050,80050
2026-08-28T22:32:08+05:30,thermal_zone5,B0D4,48050,110050
2026-08-28T22:32:08+05:30,thermal_zone6,iwlwifi_1,54000,0
2026-08-28T22:32:08+05:30,thermal_zone7,x86_pkg_temp,63000,0
2026-08-28T22:32:09+05:30,thermal_zone0,acpitz,48000,128000
2026-08-28T22:32:09+05:30,thermal_zone1,pch_cannonlake,54000,120000
2026-08-28T22:32:09+05:30,thermal_zone2,INT3400 Thermal,20000,0
2026-08-28T22:32:09+05:30,thermal_zone3,SEN1,1050,103050
2026-08-28T22:32:09+05:30,thermal_zone4,SEN2,41050,80050
2026-08-28T22:32:09+05:30,thermal_zone5,B0D4,48050,110050
2026-08-28T22:32:09+05:30,thermal_zone6,iwlwifi_1,54000,0
2026-08-28T22:32:09+05:30,thermal_zone7,x86_pkg_temp,63000,0
2026-08-28T22:32:10+05:30,thermal_zone0,acpitz,48000,128000
2026-08-28T22:32:10+05:30,thermal_zone1,pch_cannonlake,54000,120000
2026-08-28T22:32:10+05:30,thermal_zone2,INT3400 Thermal,20000,0
2026-08-28T22:32:10+05:30,thermal_zone3,SEN1,1050,103050
2026-08-28T22:32:10+05:30,thermal_zone4,SEN2,41050,80050
2026-08-28T22:32:10+05:30,thermal_zone5,B0D4,48050,110050
2026-08-28T22:32:10+05:30,thermal_zone6,iwlwifi_1,54000,0
2026-08-28T22:32:10+05:30,thermal_zone7,x86_pkg_temp,62000,0
2026-08-28T22:32:12+05:30,thermal_zone0,acpitz,48000,128000
2026-08-28T22:32:12+05:30,thermal_zone1,pch_cannonlake,54000,120000
2026-08-28T22:32:12+05:30,thermal_zone2,INT3400 Thermal,20000,0
2026-08-28T22:32:12+05:30,thermal_zone3,SEN1,1050,103050
2026-08-28T22:32:12+05:30,thermal_zone4,SEN2,40050,80050
2026-08-28T22:32:12+05:30,thermal_zone5,B0D4,48050,110050
2026-08-28T22:32:12+05:30,thermal_zone6,iwlwifi_1,54000,0
2026-08-28T22:32:12+05:30,thermal_zone7,x86_pkg_temp,62000,0
2026-08-28T22:32:13+05:30,thermal_zone0,acpitz,48000,128000
2026-08-28T22:32:13+05:30,thermal_zone1,pch_cannonlake,55000,120000
2026-08-28T22:32:13+05:30,thermal_zone2,INT3400 Thermal,20000,0
2026-08-28T22:32:13+05:30,thermal_zone3,SEN1,1050,103050
2026-08-28T22:32:13+05:30,thermal_zone4,SEN2,40050,80050
2026-08-28T22:32:13+05:30,thermal_zone5,B0D4,48050,110050
2026-08-28T22:32:13+05:30,thermal_zone6,iwlwifi_1,55000,0
2026-08-28T22:32:13+05:30,thermal_zone7,x86_pkg_temp,63000,0
2026-08-28T22:32:14+05:30,thermal_zone0,acpitz,48000,128000
2026-08-28T22:32:14+05:30,thermal_zone1,pch_cannonlake,53000,120000
2026-08-28T22:32:14+05:30,thermal_zone2,INT3400 Thermal,20000,0
2026-08-28T22:32:14+05:30,thermal_zone3,SEN1,1050,103050
2026-08-28T22:32:14+05:30,thermal_zone4,SEN2,40050,80050
2026-08-28T22:32:14+05:30,thermal_zone5,B0D4,48050,110050
2026-08-28T22:32:14+05:30,thermal_zone6,iwlwifi_1,54000,0
2026-08-28T22:32:14+05:30,thermal_zone7,x86_pkg_temp,64000,0
2026-08-28T22:32:15+05:30,thermal_zone0,acpitz,48000,128000
2026-08-28T22:32:15+05:30,thermal_zone1,pch_cannonlake,54000,120000
2026-08-28T22:32:15+05:30,thermal_zone2,INT3400 Thermal,20000,0
2026-08-28T22:32:15+05:30,thermal_zone3,SEN1,1050,103050
2026-08-28T22:32:15+05:30,thermal_zone4,SEN2,40050,80050
2026-08-28T22:32:15+05:30,thermal_zone5,B0D4,48050,110050
2026-08-28T22:32:15+05:30,thermal_zone6,iwlwifi_1,55000,0
2026-08-28T22:32:15+05:30,thermal_zone7,x86_pkg_temp,63000,0
2026-08-28T22:32:17+05:30,thermal_zone0,acpitz,48000,128000
2026-08-28T22:32:17+05:30,thermal_zone1,pch_cannonlake,55000,120000
2026-08-28T22:32:17+05:30,thermal_zone2,INT3400 Thermal,20000,0
2026-08-28T22:32:17+05:30,thermal_zone3,SEN1,1050,103050
2026-08-28T22:32:17+05:30,thermal_zone4,SEN2,40050,80050
2026-08-28T22:32:17+05:30,thermal_zone5,B0D4,48050,110050
2026-08-28T22:32:17+05:30,thermal_zone6,iwlwifi_1,56000,0
2026-08-28T22:32:17+05:30,thermal_zone7,x86_pkg_temp,65000,0
2026-08-28T22:32:18+05:30,thermal_zone0,acpitz,48000,128000
2026-08-28T22:32:18+05:30,thermal_zone1,pch_cannonlake,55000,120000
2026-08-28T22:32:18+05:30,thermal_zone2,INT3400 Thermal,20000,0
2026-08-28T22:32:18+05:30,thermal_zone3,SEN1,1050,103050
2026-08-28T22:32:18+05:30,thermal_zone4,SEN2,40050,80050
2026-08-28T22:32:18+05:30,thermal_zone5,B0D4,48050,110050
2026-08-28T22:32:18+05:30,thermal_zone6,iwlwifi_1,57000,0
2026-08-28T22:32:18+05:30,thermal_zone7,x86_pkg_temp,64000,0
2026-08-28T22:32:20+05:30,thermal_zone0,acpitz,48000,128000
2026-08-28T22:32:20+05:30,thermal_zone1,pch_cannonlake,55000,120000
2026-08-28T22:32:20+05:30,thermal_zone2,INT3400 Thermal,20000,0
2026-08-28T22:32:20+05:30,thermal_zone3,SEN1,1050,103050
2026-08-28T22:32:20+05:30,thermal_zone4,SEN2,40050,80050
2026-08-28T22:32:20+05:30,thermal_zone5,B0D4,48050,110050
2026-08-28T22:32:20+05:30,thermal_zone6,iwlwifi_1,57000,0
2026-08-28T22:32:20+05:30,thermal_zone7,x86_pkg_temp,62000,0
2026-08-28T22:32:21+05:30,thermal_zone0,acpitz,48000,128000
2026-08-28T22:32:21+05:30,thermal_zone1,pch_cannonlake,54000,120000
2026-08-28T22:32:21+05:30,thermal_zone2,INT3400 Thermal,20000,0
2026-08-28T22:32:21+05:30,thermal_zone3,SEN1,1050,103050
2026-08-28T22:32:21+05:30,thermal_zone4,SEN2,40050,80050
2026-08-28T22:32:21+05:30,thermal_zone5,B0D4,48050,110050
2026-08-28T22:32:21+05:30,thermal_zone6,iwlwifi_1,55000,0
2026-08-28T22:32:21+05:30,thermal_zone7,x86_pkg_temp,64000,0
2026-08-28T22:32:22+05:30,thermal_zone0,acpitz,48000,128000
2026-08-28T22:32:22+05:30,thermal_zone1,pch_cannonlake,55000,120000
2026-08-28T22:32:22+05:30,thermal_zone2,INT3400 Thermal,20000,0
2026-08-28T22:32:22+05:30,thermal_zone3,SEN1,1050,103050
2026-08-28T22:32:22+05:30,thermal_zone4,SEN2,40050,80050
2026-08-28T22:32:22+05:30,thermal_zone5,B0D4,48050,110050
2026-08-28T22:32:22+05:30,thermal_zone6,iwlwifi_1,57000,0
2026-08-28T22:32:22+05:30,thermal_zone7,x86_pkg_temp,61000,0
2026-08-28T22:32:24+05:30,thermal_zone0,acpitz,48000,128000
2026-08-28T22:32:24+05:30,thermal_zone1,pch_cannonlake,54000,120000
2026-08-28T22:32:24+05:30,thermal_zone2,INT3400 Thermal,20000,0
2026-08-28T22:32:24+05:30,thermal_zone3,SEN1,1050,103050
2026-08-28T22:32:24+05:30,thermal_zone4,SEN2,40050,80050
2026-08-28T22:32:24+05:30,thermal_zone5,B0D4,48050,110050
2026-08-28T22:32:24+05:30,thermal_zone6,iwlwifi_1,55000,0
2026-08-28T22:32:24+05:30,thermal_zone7,x86_pkg_temp,64000,0
2026-08-28T22:32:25+05:30,thermal_zone0,acpitz,48000,128000
2026-08-28T22:32:25+05:30,thermal_zone1,pch_cannonlake,54000,120000
2026-08-28T22:32:25+05:30,thermal_zone2,INT3400 Thermal,20000,0
2026-08-28T22:32:25+05:30,thermal_zone3,SEN1,1050,103050
2026-08-28T22:32:25+05:30,thermal_zone4,SEN2,40050,80050
2026-08-28T22:32:25+05:30,thermal_zone5,B0D4,48050,110050
2026-08-28T22:32:25+05:30,thermal_zone6,iwlwifi_1,55000,0
2026-08-28T22:32:25+05:30,thermal_zone7,x86_pkg_temp,61000,0
2026-08-28T22:32:26+05:30,thermal_zone0,acpitz,48000,128000
2026-08-28T22:32:26+05:30,thermal_zone1,pch_cannonlake,54000,120000
2026-08-28T22:32:26+05:30,thermal_zone2,INT3400 Thermal,20000,0
2026-08-28T22:32:26+05:30,thermal_zone3,SEN1,1050,103050
2026-08-28T22:32:26+05:30,thermal_zone4,SEN2,41050,80050
2026-08-28T22:32:26+05:30,thermal_zone5,B0D4,48050,110050
2026-08-28T22:32:26+05:30,thermal_zone6,iwlwifi_1,55000,0
2026-08-28T22:32:26+05:30,thermal_zone7,x86_pkg_temp,62000,0
2026-08-28T22:32:28+05:30,thermal_zone0,acpitz,48000,128000
2026-08-28T22:32:28+05:30,thermal_zone1,pch_cannonlake,53000,120000
2026-08-28T22:32:28+05:30,thermal_zone2,INT3400 Thermal,20000,0
2026-08-28T22:32:28+05:30,thermal_zone3,SEN1,1050,103050
2026-08-28T22:32:28+05:30,thermal_zone4,SEN2,41050,80050
2026-08-28T22:32:28+05:30,thermal_zone5,B0D4,48050,110050
2026-08-28T22:32:28+05:30,thermal_zone6,iwlwifi_1,55000,0
2026-08-28T22:32:28+05:30,thermal_zone7,x86_pkg_temp,64000,0
2026-08-28T22:32:29+05:30,thermal_zone0,acpitz,48000,128000
2026-08-28T22:32:29+05:30,thermal_zone1,pch_cannonlake,55000,120000
2026-08-28T22:32:29+05:30,thermal_zone2,INT3400 Thermal,20000,0
2026-08-28T22:32:29+05:30,thermal_zone3,SEN1,1050,103050
2026-08-28T22:32:29+05:30,thermal_zone4,SEN2,41050,80050
2026-08-28T22:32:29+05:30,thermal_zone5,B0D4,48050,110050
2026-08-28T22:32:29+05:30,thermal_zone6,iwlwifi_1,55000,0
2026-08-28T22:32:29+05:30,thermal_zone7,x86_pkg_temp,64000,0
2026-08-28T22:32:30+05:30,thermal_zone0,acpitz,48000,128000
2026-08-28T22:32:30+05:30,thermal_zone1,pch_cannonlake,54000,120000
2026-08-28T22:32:30+05:30,thermal_zone2,INT3400 Thermal,20000,0
2026-08-28T22:32:30+05:30,thermal_zone3,SEN1,1050,103050
2026-08-28T22:32:30+05:30,thermal_zone4,SEN2,41050,80050
2026-08-28T22:32:30+05:30,thermal_zone5,B0D4,48050,110050
2026-08-28T22:32:30+05:30,thermal_zone6,iwlwifi_1,55000,0
2026-08-28T22:32:30+05:30,thermal_zone7,x86_pkg_temp,65000,0
2026-08-28T22:32:31+05:30,thermal_zone0,acpitz,48000,128000
2026-08-28T22:32:31+05:30,thermal_zone1,pch_cannonlake,53000,120000
2026-08-28T22:32:31+05:30,thermal_zone2,INT3400 Thermal,20000,0
2026-08-28T22:32:31+05:30,thermal_zone3,SEN1,1050,103050
2026-08-28T22:32:31+05:30,thermal_zone4,SEN2,41050,80050
2026-08-28T22:32:31+05:30,thermal_zone5,B0D4,48050,110050
2026-08-28T22:32:31+05:30,thermal_zone6,iwlwifi_1,55000,0
2026-08-28T22:32:31+05:30,thermal_zone7,x86_pkg_temp,64000,0
2026-08-28T22:32:33+05:30,thermal_zone0,acpitz,48000,128000
2026-08-28T22:32:33+05:30,thermal_zone1,pch_cannonlake,54000,120000
2026-08-28T22:32:33+05:30,thermal_zone2,INT3400 Thermal,20000,0
2026-08-28T22:32:33+05:30,thermal_zone3,SEN1,1050,103050
2026-08-28T22:32:33+05:30,thermal_zone4,SEN2,41050,80050
2026-08-28T22:32:33+05:30,thermal_zone5,B0D4,48050,110050
2026-08-28T22:32:33+05:30,thermal_zone6,iwlwifi_1,54000,0
2026-08-28T22:32:33+05:30,thermal_zone7,x86_pkg_temp,64000,0
2026-08-28T22:32:34+05:30,thermal_zone0,acpitz,48000,128000
2026-08-28T22:32:34+05:30,thermal_zone1,pch_cannonlake,54000,120000
2026-08-28T22:32:34+05:30,thermal_zone2,INT3400 Thermal,20000,0
2026-08-28T22:32:34+05:30,thermal_zone3,SEN1,1050,103050
2026-08-28T22:32:34+05:30,thermal_zone4,SEN2,41050,80050
2026-08-28T22:32:34+05:30,thermal_zone5,B0D4,48050,110050
2026-08-28T22:32:34+05:30,thermal_zone6,iwlwifi_1,55000,0
2026-08-28T22:32:34+05:30,thermal_zone7,x86_pkg_temp,64000,0
2026-08-28T22:32:35+05:30,thermal_zone0,acpitz,48000,128000
2026-08-28T22:32:35+05:30,thermal_zone1,pch_cannonlake,54000,120000
2026-08-28T22:32:35+05:30,thermal_zone2,INT3400 Thermal,20000,0
2026-08-28T22:32:35+05:30,thermal_zone3,SEN1,1050,103050
2026-08-28T22:32:35+05:30,thermal_zone4,SEN2,41050,80050
2026-08-28T22:32:35+05:30,thermal_zone5,B0D4,48050,110050
2026-08-28T22:32:35+05:30,thermal_zone6,iwlwifi_1,55000,0
2026-08-28T22:32:35+05:30,thermal_zone7,x86_pkg_temp,64000,0
2026-08-28T22:32:37+05:30,thermal_zone0,acpitz,48000,128000
2026-08-28T22:32:37+05:30,thermal_zone1,pch_cannonlake,55000,120000
2026-08-28T22:32:37+05:30,thermal_zone2,INT3400 Thermal,20000,0
2026-08-28T22:32:37+05:30,thermal_zone3,SEN1,1050,103050
2026-08-28T22:32:37+05:30,thermal_zone4,SEN2,41050,80050
2026-08-28T22:32:37+05:30,thermal_zone5,B0D4,48050,110050
2026-08-28T22:32:37+05:30,thermal_zone6,iwlwifi_1,55000,0
2026-08-28T22:32:37+05:30,thermal_zone7,x86_pkg_temp,64000,0
2026-08-28T22:32:38+05:30,thermal_zone0,acpitz,48000,128000
2026-08-28T22:32:38+05:30,thermal_zone1,pch_cannonlake,54000,120000
2026-08-28T22:32:38+05:30,thermal_zone2,INT3400 Thermal,20000,0
2026-08-28T22:32:38+05:30,thermal_zone3,SEN1,1050,103050
2026-08-28T22:32:38+05:30,thermal_zone4,SEN2,41050,80050
2026-08-28T22:32:38+05:30,thermal_zone5,B0D4,48050,110050
2026-08-28T22:32:38+05:30,thermal_zone6,iwlwifi_1,55000,0
2026-08-28T22:32:38+05:30,thermal_zone7,x86_pkg_temp,65000,0
2026-08-28T22:32:39+05:30,thermal_zone0,acpitz,48000,128000
2026-08-28T22:32:39+05:30,thermal_zone1,pch_cannonlake,54000,120000
2026-08-28T22:32:39+05:30,thermal_zone2,INT3400 Thermal,20000,0
2026-08-28T22:32:39+05:30,thermal_zone3,SEN1,1050,103050
2026-08-28T22:32:39+05:30,thermal_zone4,SEN2,41050,80050
2026-08-28T22:32:39+05:30,thermal_zone5,B0D4,48050,110050
2026-08-28T22:32:39+05:30,thermal_zone6,iwlwifi_1,54000,0
2026-08-28T22:32:39+05:30,thermal_zone7,x86_pkg_temp,64000,0
2026-08-28T22:32:40+05:30,thermal_zone0,acpitz,48000,128000
2026-08-28T22:32:40+05:30,thermal_zone1,pch_cannonlake,53000,120000
2026-08-28T22:32:40+05:30,thermal_zone2,INT3400 Thermal,20000,0
2026-08-28T22:32:40+05:30,thermal_zone3,SEN1,1050,103050
2026-08-28T22:32:40+05:30,thermal_zone4,SEN2,41050,80050
2026-08-28T22:32:40+05:30,thermal_zone5,B0D4,48050,110050
2026-08-28T22:32:40+05:30,thermal_zone6,iwlwifi_1,54000,0
2026-08-28T22:32:40+05:30,thermal_zone7,x86_pkg_temp,66000,0
2026-08-28T22:32:42+05:30,thermal_zone0,acpitz,48000,128000
2026-08-28T22:32:42+05:30,thermal_zone1,pch_cannonlake,55000,120000
2026-08-28T22:32:42+05:30,thermal_zone2,INT3400 Thermal,20000,0
2026-08-28T22:32:42+05:30,thermal_zone3,SEN1,1050,103050
2026-08-28T22:32:42+05:30,thermal_zone4,SEN2,41050,80050
2026-08-28T22:32:42+05:30,thermal_zone5,B0D4,48050,110050
2026-08-28T22:32:42+05:30,thermal_zone6,iwlwifi_1,54000,0
2026-08-28T22:32:42+05:30,thermal_zone7,x86_pkg_temp,62000,0
2026-08-28T22:32:43+05:30,thermal_zone0,acpitz,48000,128000
2026-08-28T22:32:43+05:30,thermal_zone1,pch_cannonlake,55000,120000
2026-08-28T22:32:43+05:30,thermal_zone2,INT3400 Thermal,20000,0
2026-08-28T22:32:43+05:30,thermal_zone3,SEN1,1050,103050
2026-08-28T22:32:43+05:30,thermal_zone4,SEN2,41050,80050
2026-08-28T22:32:43+05:30,thermal_zone5,B0D4,48050,110050
2026-08-28T22:32:43+05:30,thermal_zone6,iwlwifi_1,54000,0
2026-08-28T22:32:43+05:30,thermal_zone7,x86_pkg_temp,63000,0
2026-08-28T22:32:44+05:30,thermal_zone0,acpitz,48000,128000
2026-08-28T22:32:44+05:30,thermal_zone1,pch_cannonlake,53000,120000
2026-08-28T22:32:44+05:30,thermal_zone2,INT3400 Thermal,20000,0
2026-08-28T22:32:44+05:30,thermal_zone3,SEN1,1050,103050
2026-08-28T22:32:44+05:30,thermal_zone4,SEN2,41050,80050
2026-08-28T22:32:44+05:30,thermal_zone5,B0D4,48050,110050
2026-08-28T22:32:44+05:30,thermal_zone6,iwlwifi_1,55000,0
2026-08-28T22:32:44+05:30,thermal_zone7,x86_pkg_temp,66000,0
2026-08-28T22:32:45+05:30,thermal_zone0,acpitz,48000,128000
2026-08-28T22:32:45+05:30,thermal_zone1,pch_cannonlake,54000,120000
2026-08-28T22:32:45+05:30,thermal_zone2,INT3400 Thermal,20000,0
2026-08-28T22:32:45+05:30,thermal_zone3,SEN1,1050,103050
2026-08-28T22:32:45+05:30,thermal_zone4,SEN2,41050,80050
2026-08-28T22:32:45+05:30,thermal_zone5,B0D4,48050,110050
2026-08-28T22:32:45+05:30,thermal_zone6,iwlwifi_1,54000,0
2026-08-28T22:32:45+05:30,thermal_zone7,x86_pkg_temp,63000,0
2026-08-28T22:32:47+05:30,thermal_zone0,acpitz,48000,128000
2026-08-28T22:32:47+05:30,thermal_zone1,pch_cannonlake,54000,120000
2026-08-28T22:32:47+05:30,thermal_zone2,INT3400 Thermal,20000,0
2026-08-28T22:32:47+05:30,thermal_zone3,SEN1,1050,103050
2026-08-28T22:32:47+05:30,thermal_zone4,SEN2,41050,80050
2026-08-28T22:32:47+05:30,thermal_zone5,B0D4,48050,110050
2026-08-28T22:32:47+05:30,thermal_zone6,iwlwifi_1,54000,0
2026-08-28T22:32:47+05:30,thermal_zone7,x86_pkg_temp,64000,0
2026-08-28T22:32:48+05:30,thermal_zone0,acpitz,48000,128000
2026-08-28T22:32:48+05:30,thermal_zone1,pch_cannonlake,54000,120000
2026-08-28T22:32:48+05:30,thermal_zone2,INT3400 Thermal,20000,0
2026-08-28T22:32:48+05:30,thermal_zone3,SEN1,1050,103050
2026-08-28T22:32:48+05:30,thermal_zone4,SEN2,41050,80050
2026-08-28T22:32:48+05:30,thermal_zone5,B0D4,48050,110050
2026-08-28T22:32:48+05:30,thermal_zone6,iwlwifi_1,54000,0
2026-08-28T22:32:48+05:30,thermal_zone7,x86_pkg_temp,64000,0
2026-08-28T22:32:49+05:30,thermal_zone0,acpitz,48000,128000
2026-08-28T22:32:49+05:30,thermal_zone1,pch_cannonlake,54000,120000
2026-08-28T22:32:49+05:30,thermal_zone2,INT3400 Thermal,20000,0
2026-08-28T22:32:49+05:30,thermal_zone3,SEN1,1050,103050
2026-08-28T22:32:49+05:30,thermal_zone4,SEN2,41050,80050
2026-08-28T22:32:49+05:30,thermal_zone5,B0D4,48050,110050
2026-08-28T22:32:49+05:30,thermal_zone6,iwlwifi_1,55000,0
2026-08-28T22:32:49+05:30,thermal_zone7,x86_pkg_temp,63000,0
2026-08-28T22:32:50+05:30,thermal_zone0,acpitz,48000,128000
2026-08-28T22:32:50+05:30,thermal_zone1,pch_cannonlake,53000,120000
2026-08-28T22:32:50+05:30,thermal_zone2,INT3400 Thermal,20000,0
2026-08-28T22:32:50+05:30,thermal_zone3,SEN1,1050,103050
2026-08-28T22:32:50+05:30,thermal_zone4,SEN2,41050,80050
2026-08-28T22:32:50+05:30,thermal_zone5,B0D4,48050,110050
2026-08-28T22:32:50+05:30,thermal_zone6,iwlwifi_1,55000,0
2026-08-28T22:32:50+05:30,thermal_zone7,x86_pkg_temp,64000,0
2026-08-28T22:32:52+05:30,thermal_zone0,acpitz,48000,128000
2026-08-28T22:32:52+05:30,thermal_zone1,pch_cannonlake,53000,120000
2026-08-28T22:32:52+05:30,thermal_zone2,INT3400 Thermal,20000,0
2026-08-28T22:32:52+05:30,thermal_zone3,SEN1,1050,103050
2026-08-28T22:32:52+05:30,thermal_zone4,SEN2,41050,80050
2026-08-28T22:32:52+05:30,thermal_zone5,B0D4,48050,110050
2026-08-28T22:32:52+05:30,thermal_zone6,iwlwifi_1,54000,0
2026-08-28T22:32:52+05:30,thermal_zone7,x86_pkg_temp,65000,0
2026-08-28T22:32:53+05:30,thermal_zone0,acpitz,48000,128000
2026-08-28T22:32:53+05:30,thermal_zone1,pch_cannonlake,53000,120000
2026-08-28T22:32:53+05:30,thermal_zone2,INT3400 Thermal,20000,0
2026-08-28T22:32:53+05:30,thermal_zone3,SEN1,1050,103050
2026-08-28T22:32:53+05:30,thermal_zone4,SEN2,41050,80050
2026-08-28T22:32:53+05:30,thermal_zone5,B0D4,48050,110050
2026-08-28T22:32:53+05:30,thermal_zone6,iwlwifi_1,55000,0
2026-08-28T22:32:53+05:30,thermal_zone7,x86_pkg_temp,63000,0
2026-08-28T22:32:54+05:30,thermal_zone0,acpitz,48000,128000
2026-08-28T22:32:54+05:30,thermal_zone1,pch_cannonlake,55000,120000
2026-08-28T22:32:54+05:30,thermal_zone2,INT3400 Thermal,20000,0
2026-08-28T22:32:54+05:30,thermal_zone3,SEN1,1050,103050
2026-08-28T22:32:54+05:30,thermal_zone4,SEN2,41050,80050
2026-08-28T22:32:54+05:30,thermal_zone5,B0D4,48050,110050
2026-08-28T22:32:54+05:30,thermal_zone6,iwlwifi_1,54000,0
2026-08-28T22:32:54+05:30,thermal_zone7,x86_pkg_temp,64000,0
2026-08-28T22:32:55+05:30,thermal_zone0,acpitz,48000,128000
2026-08-28T22:32:55+05:30,thermal_zone1,pch_cannonlake,53000,120000
2026-08-28T22:32:55+05:30,thermal_zone2,INT3400 Thermal,20000,0
2026-08-28T22:32:55+05:30,thermal_zone3,SEN1,1050,103050
2026-08-28T22:32:55+05:30,thermal_zone4,SEN2,41050,80050
2026-08-28T22:32:55+05:30,thermal_zone5,B0D4,48050,110050
2026-08-28T22:32:55+05:30,thermal_zone6,iwlwifi_1,57000,0
2026-08-28T22:32:55+05:30,thermal_zone7,x86_pkg_temp,63000,0
2026-08-28T22:32:57+05:30,thermal_zone0,acpitz,48000,128000
2026-08-28T22:32:57+05:30,thermal_zone1,pch_cannonlake,54000,120000
2026-08-28T22:32:57+05:30,thermal_zone2,INT3400 Thermal,20000,0
2026-08-28T22:32:57+05:30,thermal_zone3,SEN1,1050,103050
2026-08-28T22:32:57+05:30,thermal_zone4,SEN2,41050,80050
2026-08-28T22:32:57+05:30,thermal_zone5,B0D4,48050,110050
2026-08-28T22:32:57+05:30,thermal_zone6,iwlwifi_1,55000,0
2026-08-28T22:32:57+05:30,thermal_zone7,x86_pkg_temp,61000,0
2026-08-28T22:32:58+05:30,thermal_zone0,acpitz,48000,128000
2026-08-28T22:32:58+05:30,thermal_zone1,pch_cannonlake,55000,120000
2026-08-28T22:32:58+05:30,thermal_zone2,INT3400 Thermal,20000,0
2026-08-28T22:32:58+05:30,thermal_zone3,SEN1,1050,103050
2026-08-28T22:32:58+05:30,thermal_zone4,SEN2,41050,80050
2026-08-28T22:32:58+05:30,thermal_zone5,B0D4,48050,110050
2026-08-28T22:32:58+05:30,thermal_zone6,iwlwifi_1,54000,0
2026-08-28T22:32:58+05:30,thermal_zone7,x86_pkg_temp,64000,0
2026-08-28T22:32:59+05:30,thermal_zone0,acpitz,48000,128000
2026-08-28T22:32:59+05:30,thermal_zone1,pch_cannonlake,54000,120000
2026-08-28T22:32:59+05:30,thermal_zone2,INT3400 Thermal,20000,0
2026-08-28T22:32:59+05:30,thermal_zone3,SEN1,1050,103050
2026-08-28T22:32:59+05:30,thermal_zone4,SEN2,41050,80050
2026-08-28T22:32:59+05:30,thermal_zone5,B0D4,48050,110050
2026-08-28T22:32:59+05:30,thermal_zone6,iwlwifi_1,55000,0
2026-08-28T22:32:59+05:30,thermal_zone7,x86_pkg_temp,63000,0
2026-08-28T22:33:01+05:30,thermal_zone0,acpitz,48000,128000
2026-08-28T22:33:01+05:30,thermal_zone1,pch_cannonlake,54000,120000
2026-08-28T22:33:01+05:30,thermal_zone2,INT3400 Thermal,20000,0
2026-08-28T22:33:01+05:30,thermal_zone3,SEN1,1050,103050
2026-08-28T22:33:01+05:30,thermal_zone4,SEN2,41050,80050
2026-08-28T22:33:01+05:30,thermal_zone5,B0D4,48050,110050
2026-08-28T22:33:01+05:30,thermal_zone6,iwlwifi_1,54000,0
2026-08-28T22:33:01+05:30,thermal_zone7,x86_pkg_temp,64000,0
2026-08-28T22:33:02+05:30,thermal_zone0,acpitz,48000,128000
2026-08-28T22:33:02+05:30,thermal_zone1,pch_cannonlake,54000,120000
2026-08-28T22:33:02+05:30,thermal_zone2,INT3400 Thermal,20000,0
2026-08-28T22:33:02+05:30,thermal_zone3,SEN1,1050,103050
2026-08-28T22:33:02+05:30,thermal_zone4,SEN2,41050,80050
2026-08-28T22:33:02+05:30,thermal_zone5,B0D4,48050,110050
2026-08-28T22:33:02+05:30,thermal_zone6,iwlwifi_1,54000,0
2026-08-28T22:33:02+05:30,thermal_zone7,x86_pkg_temp,63000,0
2026-08-28T22:33:03+05:30,thermal_zone0,acpitz,48000,128000
2026-08-28T22:33:03+05:30,thermal_zone1,pch_cannonlake,54000,120000
2026-08-28T22:33:03+05:30,thermal_zone2,INT3400 Thermal,20000,0
2026-08-28T22:33:03+05:30,thermal_zone3,SEN1,1050,103050
2026-08-28T22:33:03+05:30,thermal_zone4,SEN2,41050,80050
2026-08-28T22:33:03+05:30,thermal_zone5,B0D4,48050,110050
2026-08-28T22:33:03+05:30,thermal_zone6,iwlwifi_1,54000,0
2026-08-28T22:33:03+05:30,thermal_zone7,x86_pkg_temp,63000,0
2026-08-28T22:33:04+05:30,thermal_zone0,acpitz,48000,128000
2026-08-28T22:33:04+05:30,thermal_zone1,pch_cannonlake,53000,120000
2026-08-28T22:33:04+05:30,thermal_zone2,INT3400 Thermal,20000,0
2026-08-28T22:33:04+05:30,thermal_zone3,SEN1,1050,103050
2026-08-28T22:33:04+05:30,thermal_zone4,SEN2,41050,80050
2026-08-28T22:33:04+05:30,thermal_zone5,B0D4,48050,110050
2026-08-28T22:33:04+05:30,thermal_zone6,iwlwifi_1,54000,0
2026-08-28T22:33:04+05:30,thermal_zone7,x86_pkg_temp,62000,0
2026-08-28T22:33:06+05:30,thermal_zone0,acpitz,48000,128000
2026-08-28T22:33:06+05:30,thermal_zone1,pch_cannonlake,55000,120000
2026-08-28T22:33:06+05:30,thermal_zone2,INT3400 Thermal,20000,0
2026-08-28T22:33:06+05:30,thermal_zone3,SEN1,1050,103050
2026-08-28T22:33:06+05:30,thermal_zone4,SEN2,41050,80050
2026-08-28T22:33:06+05:30,thermal_zone5,B0D4,48050,110050
2026-08-28T22:33:06+05:30,thermal_zone6,iwlwifi_1,55000,0
2026-08-28T22:33:06+05:30,thermal_zone7,x86_pkg_temp,65000,0
2026-08-28T22:33:07+05:30,thermal_zone0,acpitz,48000,128000
2026-08-28T22:33:07+05:30,thermal_zone1,pch_cannonlake,53000,120000
2026-08-28T22:33:07+05:30,thermal_zone2,INT3400 Thermal,20000,0
2026-08-28T22:33:07+05:30,thermal_zone3,SEN1,1050,103050
2026-08-28T22:33:07+05:30,thermal_zone4,SEN2,41050,80050
2026-08-28T22:33:07+05:30,thermal_zone5,B0D4,48050,110050
2026-08-28T22:33:07+05:30,thermal_zone6,iwlwifi_1,55000,0
2026-08-28T22:33:07+05:30,thermal_zone7,x86_pkg_temp,64000,0
2026-08-28T22:33:09+05:30,thermal_zone0,acpitz,48000,128000
2026-08-28T22:33:09+05:30,thermal_zone1,pch_cannonlake,54000,120000
2026-08-28T22:33:09+05:30,thermal_zone2,INT3400 Thermal,20000,0
2026-08-28T22:33:09+05:30,thermal_zone3,SEN1,1050,103050
2026-08-28T22:33:09+05:30,thermal_zone4,SEN2,41050,80050
2026-08-28T22:33:09+05:30,thermal_zone5,B0D4,48050,110050
2026-08-28T22:33:09+05:30,thermal_zone6,iwlwifi_1,54000,0
2026-08-28T22:33:09+05:30,thermal_zone7,x86_pkg_temp,62000,0
2026-08-28T22:33:10+05:30,thermal_zone0,acpitz,48000,128000
2026-08-28T22:33:10+05:30,thermal_zone1,pch_cannonlake,54000,120000
2026-08-28T22:33:10+05:30,thermal_zone2,INT3400 Thermal,20000,0
2026-08-28T22:33:10+05:30,thermal_zone3,SEN1,1050,103050
2026-08-28T22:33:10+05:30,thermal_zone4,SEN2,41050,80050
2026-08-28T22:33:10+05:30,thermal_zone5,B0D4,48050,110050
2026-08-28T22:33:10+05:30,thermal_zone6,iwlwifi_1,55000,0
2026-08-28T22:33:10+05:30,thermal_zone7,x86_pkg_temp,62000,0
2026-08-28T22:33:11+05:30,thermal_zone0,acpitz,48000,128000
2026-08-28T22:33:11+05:30,thermal_zone1,pch_cannonlake,54000,120000
2026-08-28T22:33:11+05:30,thermal_zone2,INT3400 Thermal,20000,0
2026-08-28T22:33:11+05:30,thermal_zone3,SEN1,1050,103050
2026-08-28T22:33:11+05:30,thermal_zone4,SEN2,41050,80050
2026-08-28T22:33:11+05:30,thermal_zone5,B0D4,48050,110050
2026-08-28T22:33:11+05:30,thermal_zone6,iwlwifi_1,54000,0
2026-08-28T22:33:11+05:30,thermal_zone7,x86_pkg_temp,64000,0
2026-08-28T22:33:13+05:30,thermal_zone0,acpitz,48000,128000
2026-08-28T22:33:13+05:30,thermal_zone1,pch_cannonlake,54000,120000
2026-08-28T22:33:13+05:30,thermal_zone2,INT3400 Thermal,20000,0
2026-08-28T22:33:13+05:30,thermal_zone3,SEN1,1050,103050
2026-08-28T22:33:13+05:30,thermal_zone4,SEN2,41050,80050
2026-08-28T22:33:13+05:30,thermal_zone5,B0D4,48050,110050
2026-08-28T22:33:13+05:30,thermal_zone6,iwlwifi_1,55000,0
2026-08-28T22:33:13+05:30,thermal_zone7,x86_pkg_temp,60000,0
2026-08-28T22:33:14+05:30,thermal_zone0,acpitz,48000,128000
2026-08-28T22:33:14+05:30,thermal_zone1,pch_cannonlake,54000,120000
2026-08-28T22:33:14+05:30,thermal_zone2,INT3400 Thermal,20000,0
2026-08-28T22:33:14+05:30,thermal_zone3,SEN1,1050,103050
2026-08-28T22:33:14+05:30,thermal_zone4,SEN2,40050,80050
2026-08-28T22:33:14+05:30,thermal_zone5,B0D4,48050,110050
2026-08-28T22:33:14+05:30,thermal_zone6,iwlwifi_1,55000,0
2026-08-28T22:33:14+05:30,thermal_zone7,x86_pkg_temp,62000,0
2026-08-28T22:33:16+05:30,thermal_zone0,acpitz,48000,128000
2026-08-28T22:33:16+05:30,thermal_zone1,pch_cannonlake,54000,120000
2026-08-28T22:33:16+05:30,thermal_zone2,INT3400 Thermal,20000,0
2026-08-28T22:33:16+05:30,thermal_zone3,SEN1,1050,103050
2026-08-28T22:33:16+05:30,thermal_zone4,SEN2,40050,80050
2026-08-28T22:33:16+05:30,thermal_zone5,B0D4,48050,110050
2026-08-28T22:33:16+05:30,thermal_zone6,iwlwifi_1,55000,0
2026-08-28T22:33:16+05:30,thermal_zone7,x86_pkg_temp,63000,0
2026-08-28T22:33:17+05:30,thermal_zone0,acpitz,48000,128000
2026-08-28T22:33:17+05:30,thermal_zone1,pch_cannonlake,54000,120000
2026-08-28T22:33:17+05:30,thermal_zone2,INT3400 Thermal,20000,0
2026-08-28T22:33:17+05:30,thermal_zone3,SEN1,1050,103050
2026-08-28T22:33:17+05:30,thermal_zone4,SEN2,40050,80050
2026-08-28T22:33:17+05:30,thermal_zone5,B0D4,48050,110050
2026-08-28T22:33:17+05:30,thermal_zone6,iwlwifi_1,55000,0
2026-08-28T22:33:17+05:30,thermal_zone7,x86_pkg_temp,63000,0
2026-08-28T22:33:18+05:30,thermal_zone0,acpitz,48000,128000
2026-08-28T22:33:18+05:30,thermal_zone1,pch_cannonlake,54000,120000
2026-08-28T22:33:18+05:30,thermal_zone2,INT3400 Thermal,20000,0
2026-08-28T22:33:18+05:30,thermal_zone3,SEN1,1050,103050
2026-08-28T22:33:18+05:30,thermal_zone4,SEN2,40050,80050
2026-08-28T22:33:18+05:30,thermal_zone5,B0D4,48050,110050
2026-08-28T22:33:18+05:30,thermal_zone6,iwlwifi_1,55000,0
2026-08-28T22:33:18+05:30,thermal_zone7,x86_pkg_temp,62000,0
2026-08-28T22:33:19+05:30,thermal_zone0,acpitz,48000,128000
2026-08-28T22:33:19+05:30,thermal_zone1,pch_cannonlake,53000,120000
2026-08-28T22:33:19+05:30,thermal_zone2,INT3400 Thermal,20000,0
2026-08-28T22:33:19+05:30,thermal_zone3,SEN1,1050,103050
2026-08-28T22:33:19+05:30,thermal_zone4,SEN2,40050,80050
2026-08-28T22:33:19+05:30,thermal_zone5,B0D4,48050,110050
2026-08-28T22:33:19+05:30,thermal_zone6,iwlwifi_1,54000,0
2026-08-28T22:33:19+05:30,thermal_zone7,x86_pkg_temp,65000,0
2026-08-28T22:33:21+05:30,thermal_zone0,acpitz,48000,128000
2026-08-28T22:33:21+05:30,thermal_zone1,pch_cannonlake,54000,120000
2026-08-28T22:33:21+05:30,thermal_zone2,INT3400 Thermal,20000,0
2026-08-28T22:33:21+05:30,thermal_zone3,SEN1,1050,103050
2026-08-28T22:33:21+05:30,thermal_zone4,SEN2,40050,80050
2026-08-28T22:33:21+05:30,thermal_zone5,B0D4,48050,110050
2026-08-28T22:33:21+05:30,thermal_zone6,iwlwifi_1,55000,0
2026-08-28T22:33:21+05:30,thermal_zone7,x86_pkg_temp,62000,0
2026-08-28T22:33:22+05:30,thermal_zone0,acpitz,48000,128000
2026-08-28T22:33:22+05:30,thermal_zone1,pch_cannonlake,55000,120000
2026-08-28T22:33:22+05:30,thermal_zone2,INT3400 Thermal,20000,0
2026-08-28T22:33:22+05:30,thermal_zone3,SEN1,1050,103050
2026-08-28T22:33:22+05:30,thermal_zone4,SEN2,40050,80050
2026-08-28T22:33:22+05:30,thermal_zone5,B0D4,48050,110050
2026-08-28T22:33:22+05:30,thermal_zone6,iwlwifi_1,54000,0
2026-08-28T22:33:22+05:30,thermal_zone7,x86_pkg_temp,63000,0
2026-08-28T22:33:23+05:30,thermal_zone0,acpitz,48000,128000
2026-08-28T22:33:23+05:30,thermal_zone1,pch_cannonlake,53000,120000
2026-08-28T22:33:23+05:30,thermal_zone2,INT3400 Thermal,20000,0
2026-08-28T22:33:23+05:30,thermal_zone3,SEN1,1050,103050
2026-08-28T22:33:23+05:30,thermal_zone4,SEN2,40050,80050
2026-08-28T22:33:23+05:30,thermal_zone5,B0D4,48050,110050
2026-08-28T22:33:23+05:30,thermal_zone6,iwlwifi_1,55000,0
2026-08-28T22:33:23+05:30,thermal_zone7,x86_pkg_temp,64000,0
2026-08-28T22:33:25+05:30,thermal_zone0,acpitz,48000,128000
2026-08-28T22:33:25+05:30,thermal_zone1,pch_cannonlake,54000,120000
2026-08-28T22:33:25+05:30,thermal_zone2,INT3400 Thermal,20000,0
2026-08-28T22:33:25+05:30,thermal_zone3,SEN1,1050,103050
2026-08-28T22:33:25+05:30,thermal_zone4,SEN2,40050,80050
2026-08-28T22:33:25+05:30,thermal_zone5,B0D4,48050,110050
2026-08-28T22:33:25+05:30,thermal_zone6,iwlwifi_1,54000,0
2026-08-28T22:33:25+05:30,thermal_zone7,x86_pkg_temp,64000,0
2026-08-28T22:33:26+05:30,thermal_zone0,acpitz,48000,128000
2026-08-28T22:33:26+05:30,thermal_zone1,pch_cannonlake,54000,120000
2026-08-28T22:33:26+05:30,thermal_zone2,INT3400 Thermal,20000,0
2026-08-28T22:33:26+05:30,thermal_zone3,SEN1,1050,103050
2026-08-28T22:33:26+05:30,thermal_zone4,SEN2,40050,80050
2026-08-28T22:33:26+05:30,thermal_zone5,B0D4,48050,110050
2026-08-28T22:33:26+05:30,thermal_zone6,iwlwifi_1,56000,0
2026-08-28T22:33:26+05:30,thermal_zone7,x86_pkg_temp,62000,0
2026-08-28T22:33:27+05:30,thermal_zone0,acpitz,48000,128000
2026-08-28T22:33:27+05:30,thermal_zone1,pch_cannonlake,55000,120000
2026-08-28T22:33:27+05:30,thermal_zone2,INT3400 Thermal,20000,0
2026-08-28T22:33:27+05:30,thermal_zone3,SEN1,1050,103050
2026-08-28T22:33:27+05:30,thermal_zone4,SEN2,40050,80050
2026-08-28T22:33:27+05:30,thermal_zone5,B0D4,48050,110050
2026-08-28T22:33:27+05:30,thermal_zone6,iwlwifi_1,55000,0
2026-08-28T22:33:27+05:30,thermal_zone7,x86_pkg_temp,63000,0
2026-08-28T22:33:28+05:30,thermal_zone0,acpitz,48000,128000
2026-08-28T22:33:28+05:30,thermal_zone1,pch_cannonlake,53000,120000
2026-08-28T22:33:28+05:30,thermal_zone2,INT3400 Thermal,20000,0
2026-08-28T22:33:28+05:30,thermal_zone3,SEN1,1050,103050
2026-08-28T22:33:28+05:30,thermal_zone4,SEN2,40050,80050
2026-08-28T22:33:28+05:30,thermal_zone5,B0D4,48050,110050
2026-08-28T22:33:28+05:30,thermal_zone6,iwlwifi_1,57000,0
2026-08-28T22:33:28+05:30,thermal_zone7,x86_pkg_temp,62000,0
2026-08-28T22:33:30+05:30,thermal_zone0,acpitz,48000,128000
2026-08-28T22:33:30+05:30,thermal_zone1,pch_cannonlake,54000,120000
2026-08-28T22:33:30+05:30,thermal_zone2,INT3400 Thermal,20000,0
2026-08-28T22:33:30+05:30,thermal_zone3,SEN1,1050,103050
2026-08-28T22:33:30+05:30,thermal_zone4,SEN2,40050,80050
2026-08-28T22:33:30+05:30,thermal_zone5,B0D4,48050,110050
2026-08-28T22:33:30+05:30,thermal_zone6,iwlwifi_1,57000,0
2026-08-28T22:33:30+05:30,thermal_zone7,x86_pkg_temp,62000,0
2026-08-28T22:33:31+05:30,thermal_zone0,acpitz,48000,128000
2026-08-28T22:33:31+05:30,thermal_zone1,pch_cannonlake,55000,120000
2026-08-28T22:33:31+05:30,thermal_zone2,INT3400 Thermal,20000,0
2026-08-28T22:33:31+05:30,thermal_zone3,SEN1,1050,103050
2026-08-28T22:33:31+05:30,thermal_zone4,SEN2,41050,80050
2026-08-28T22:33:31+05:30,thermal_zone5,B0D4,48050,110050
2026-08-28T22:33:31+05:30,thermal_zone6,iwlwifi_1,57000,0
2026-08-28T22:33:31+05:30,thermal_zone7,x86_pkg_temp,62000,0
2026-08-28T22:33:32+05:30,thermal_zone0,acpitz,48000,128000
2026-08-28T22:33:32+05:30,thermal_zone1,pch_cannonlake,55000,120000
2026-08-28T22:33:32+05:30,thermal_zone2,INT3400 Thermal,20000,0
2026-08-28T22:33:32+05:30,thermal_zone3,SEN1,1050,103050
2026-08-28T22:33:32+05:30,thermal_zone4,SEN2,41050,80050
2026-08-28T22:33:32+05:30,thermal_zone5,B0D4,48050,110050
2026-08-28T22:33:32+05:30,thermal_zone6,iwlwifi_1,55000,0
2026-08-28T22:33:32+05:30,thermal_zone7,x86_pkg_temp,62000,0
2026-08-28T22:33:34+05:30,thermal_zone0,acpitz,48000,128000
2026-08-28T22:33:34+05:30,thermal_zone1,pch_cannonlake,54000,120000
2026-08-28T22:33:34+05:30,thermal_zone2,INT3400 Thermal,20000,0
2026-08-28T22:33:34+05:30,thermal_zone3,SEN1,1050,103050
2026-08-28T22:33:34+05:30,thermal_zone4,SEN2,41050,80050
2026-08-28T22:33:34+05:30,thermal_zone5,B0D4,48050,110050
2026-08-28T22:33:34+05:30,thermal_zone6,iwlwifi_1,55000,0
2026-08-28T22:33:34+05:30,thermal_zone7,x86_pkg_temp,62000,0
2026-08-28T22:33:35+05:30,thermal_zone0,acpitz,48000,128000
2026-08-28T22:33:35+05:30,thermal_zone1,pch_cannonlake,53000,120000
2026-08-28T22:33:35+05:30,thermal_zone2,INT3400 Thermal,20000,0
2026-08-28T22:33:35+05:30,thermal_zone3,SEN1,1050,103050
2026-08-28T22:33:35+05:30,thermal_zone4,SEN2,41050,80050
2026-08-28T22:33:35+05:30,thermal_zone5,B0D4,48050,110050
2026-08-28T22:33:35+05:30,thermal_zone6,iwlwifi_1,55000,0
2026-08-28T22:33:35+05:30,thermal_zone7,x86_pkg_temp,63000,0
2026-08-28T22:33:36+05:30,thermal_zone0,acpitz,48000,128000
2026-08-28T22:33:36+05:30,thermal_zone1,pch_cannonlake,54000,120000
2026-08-28T22:33:36+05:30,thermal_zone2,INT3400 Thermal,20000,0
2026-08-28T22:33:36+05:30,thermal_zone3,SEN1,1050,103050
2026-08-28T22:33:36+05:30,thermal_zone4,SEN2,41050,80050
2026-08-28T22:33:36+05:30,thermal_zone5,B0D4,48050,110050
2026-08-28T22:33:36+05:30,thermal_zone6,iwlwifi_1,55000,0
2026-08-28T22:33:36+05:30,thermal_zone7,x86_pkg_temp,62000,0
2026-08-28T22:33:38+05:30,thermal_zone0,acpitz,48000,128000
2026-08-28T22:33:38+05:30,thermal_zone1,pch_cannonlake,54000,120000
2026-08-28T22:33:38+05:30,thermal_zone2,INT3400 Thermal,20000,0
2026-08-28T22:33:38+05:30,thermal_zone3,SEN1,1050,103050
2026-08-28T22:33:38+05:30,thermal_zone4,SEN2,41050,80050
2026-08-28T22:33:38+05:30,thermal_zone5,B0D4,48050,110050
2026-08-28T22:33:38+05:30,thermal_zone6,iwlwifi_1,56000,0
2026-08-28T22:33:38+05:30,thermal_zone7,x86_pkg_temp,62000,0
2026-08-28T22:33:39+05:30,thermal_zone0,acpitz,48000,128000
2026-08-28T22:33:39+05:30,thermal_zone1,pch_cannonlake,55000,120000
2026-08-28T22:33:39+05:30,thermal_zone2,INT3400 Thermal,20000,0
2026-08-28T22:33:39+05:30,thermal_zone3,SEN1,1050,103050
2026-08-28T22:33:39+05:30,thermal_zone4,SEN2,41050,80050
2026-08-28T22:33:39+05:30,thermal_zone5,B0D4,48050,110050
2026-08-28T22:33:39+05:30,thermal_zone6,iwlwifi_1,55000,0
2026-08-28T22:33:39+05:30,thermal_zone7,x86_pkg_temp,62000,0
2026-08-28T22:33:40+05:30,thermal_zone0,acpitz,48000,128000
2026-08-28T22:33:40+05:30,thermal_zone1,pch_cannonlake,53000,120000
2026-08-28T22:33:40+05:30,thermal_zone2,INT3400 Thermal,20000,0
2026-08-28T22:33:40+05:30,thermal_zone3,SEN1,1050,103050
2026-08-28T22:33:40+05:30,thermal_zone4,SEN2,41050,80050
2026-08-28T22:33:40+05:30,thermal_zone5,B0D4,48050,110050
2026-08-28T22:33:40+05:30,thermal_zone6,iwlwifi_1,55000,0
2026-08-28T22:33:40+05:30,thermal_zone7,x86_pkg_temp,62000,0
2026-08-28T22:33:41+05:30,thermal_zone0,acpitz,48000,128000
2026-08-28T22:33:41+05:30,thermal_zone1,pch_cannonlake,53000,120000
2026-08-28T22:33:41+05:30,thermal_zone2,INT3400 Thermal,20000,0
2026-08-28T22:33:41+05:30,thermal_zone3,SEN1,1050,103050
2026-08-28T22:33:41+05:30,thermal_zone4,SEN2,41050,80050
2026-08-28T22:33:41+05:30,thermal_zone5,B0D4,48050,110050
2026-08-28T22:33:41+05:30,thermal_zone6,iwlwifi_1,55000,0
2026-08-28T22:33:41+05:30,thermal_zone7,x86_pkg_temp,63000,0
2026-08-28T22:33:43+05:30,thermal_zone0,acpitz,48000,128000
2026-08-28T22:33:43+05:30,thermal_zone1,pch_cannonlake,52000,120000
2026-08-28T22:33:43+05:30,thermal_zone2,INT3400 Thermal,20000,0
2026-08-28T22:33:43+05:30,thermal_zone3,SEN1,1050,103050
2026-08-28T22:33:43+05:30,thermal_zone4,SEN2,41050,80050
2026-08-28T22:33:43+05:30,thermal_zone5,B0D4,48050,110050
2026-08-28T22:33:43+05:30,thermal_zone6,iwlwifi_1,55000,0
2026-08-28T22:33:43+05:30,thermal_zone7,x86_pkg_temp,62000,0
2026-08-28T22:33:44+05:30,thermal_zone0,acpitz,48000,128000
2026-08-28T22:33:44+05:30,thermal_zone1,pch_cannonlake,54000,120000
2026-08-28T22:33:44+05:30,thermal_zone2,INT3400 Thermal,20000,0
2026-08-28T22:33:44+05:30,thermal_zone3,SEN1,1050,103050
2026-08-28T22:33:44+05:30,thermal_zone4,SEN2,41050,80050
2026-08-28T22:33:44+05:30,thermal_zone5,B0D4,48050,110050
2026-08-28T22:33:44+05:30,thermal_zone6,iwlwifi_1,54000,0
2026-08-28T22:33:44+05:30,thermal_zone7,x86_pkg_temp,62000,0
2026-08-28T22:33:45+05:30,thermal_zone0,acpitz,48000,128000
2026-08-28T22:33:45+05:30,thermal_zone1,pch_cannonlake,53000,120000
2026-08-28T22:33:45+05:30,thermal_zone2,INT3400 Thermal,20000,0
2026-08-28T22:33:45+05:30,thermal_zone3,SEN1,1050,103050
2026-08-28T22:33:45+05:30,thermal_zone4,SEN2,41050,80050
2026-08-28T22:33:45+05:30,thermal_zone5,B0D4,48050,110050
2026-08-28T22:33:45+05:30,thermal_zone6,iwlwifi_1,54000,0
2026-08-28T22:33:45+05:30,thermal_zone7,x86_pkg_temp,63000,0
2026-08-28T22:33:47+05:30,thermal_zone0,acpitz,48000,128000
2026-08-28T22:33:47+05:30,thermal_zone1,pch_cannonlake,55000,120000
2026-08-28T22:33:47+05:30,thermal_zone2,INT3400 Thermal,20000,0
2026-08-28T22:33:47+05:30,thermal_zone3,SEN1,1050,103050
2026-08-28T22:33:47+05:30,thermal_zone4,SEN2,41050,80050
2026-08-28T22:33:47+05:30,thermal_zone5,B0D4,48050,110050
2026-08-28T22:33:47+05:30,thermal_zone6,iwlwifi_1,56000,0
2026-08-28T22:33:47+05:30,thermal_zone7,x86_pkg_temp,63000,0
2026-08-28T22:33:48+05:30,thermal_zone0,acpitz,48000,128000
2026-08-28T22:33:48+05:30,thermal_zone1,pch_cannonlake,53000,120000
2026-08-28T22:33:48+05:30,thermal_zone2,INT3400 Thermal,20000,0
2026-08-28T22:33:48+05:30,thermal_zone3,SEN1,1050,103050
2026-08-28T22:33:48+05:30,thermal_zone4,SEN2,41050,80050
2026-08-28T22:33:48+05:30,thermal_zone5,B0D4,48050,110050
2026-08-28T22:33:48+05:30,thermal_zone6,iwlwifi_1,57000,0
2026-08-28T22:33:48+05:30,thermal_zone7,x86_pkg_temp,63000,0
2026-08-28T22:33:49+05:30,thermal_zone0,acpitz,48000,128000
2026-08-28T22:33:49+05:30,thermal_zone1,pch_cannonlake,55000,120000
2026-08-28T22:33:49+05:30,thermal_zone2,INT3400 Thermal,20000,0
2026-08-28T22:33:49+05:30,thermal_zone3,SEN1,1050,103050
2026-08-28T22:33:49+05:30,thermal_zone4,SEN2,41050,80050
2026-08-28T22:33:49+05:30,thermal_zone5,B0D4,48050,110050
2026-08-28T22:33:49+05:30,thermal_zone6,iwlwifi_1,56000,0
2026-08-28T22:33:49+05:30,thermal_zone7,x86_pkg_temp,62000,0
2026-08-28T22:33:50+05:30,thermal_zone0,acpitz,48000,128000
2026-08-28T22:33:50+05:30,thermal_zone1,pch_cannonlake,53000,120000
2026-08-28T22:33:50+05:30,thermal_zone2,INT3400 Thermal,20000,0
2026-08-28T22:33:50+05:30,thermal_zone3,SEN1,1050,103050
2026-08-28T22:33:50+05:30,thermal_zone4,SEN2,41050,80050
2026-08-28T22:33:50+05:30,thermal_zone5,B0D4,48050,110050
2026-08-28T22:33:50+05:30,thermal_zone6,iwlwifi_1,55000,0
2026-08-28T22:33:50+05:30,thermal_zone7,x86_pkg_temp,64000,0
2026-08-28T22:33:52+05:30,thermal_zone0,acpitz,48000,128000
2026-08-28T22:33:52+05:30,thermal_zone1,pch_cannonlake,55000,120000
2026-08-28T22:33:52+05:30,thermal_zone2,INT3400 Thermal,20000,0
2026-08-28T22:33:52+05:30,thermal_zone3,SEN1,1050,103050
2026-08-28T22:33:52+05:30,thermal_zone4,SEN2,41050,80050
2026-08-28T22:33:52+05:30,thermal_zone5,B0D4,48050,110050
2026-08-28T22:33:52+05:30,thermal_zone6,iwlwifi_1,55000,0
2026-08-28T22:33:52+05:30,thermal_zone7,x86_pkg_temp,62000,0
2026-08-28T22:33:53+05:30,thermal_zone0,acpitz,48000,128000
2026-08-28T22:33:53+05:30,thermal_zone1,pch_cannonlake,54000,120000
2026-08-28T22:33:53+05:30,thermal_zone2,INT3400 Thermal,20000,0
2026-08-28T22:33:53+05:30,thermal_zone3,SEN1,1050,103050
2026-08-28T22:33:53+05:30,thermal_zone4,SEN2,41050,80050
2026-08-28T22:33:53+05:30,thermal_zone5,B0D4,48050,110050
2026-08-28T22:33:53+05:30,thermal_zone6,iwlwifi_1,55000,0
2026-08-28T22:33:53+05:30,thermal_zone7,x86_pkg_temp,63000,0
2026-08-28T22:33:54+05:30,thermal_zone0,acpitz,48000,128000
2026-08-28T22:33:54+05:30,thermal_zone1,pch_cannonlake,54000,120000
2026-08-28T22:33:54+05:30,thermal_zone2,INT3400 Thermal,20000,0
2026-08-28T22:33:54+05:30,thermal_zone3,SEN1,1050,103050
2026-08-28T22:33:54+05:30,thermal_zone4,SEN2,41050,80050
2026-08-28T22:33:54+05:30,thermal_zone5,B0D4,48050,110050
2026-08-28T22:33:54+05:30,thermal_zone6,iwlwifi_1,54000,0
2026-08-28T22:33:54+05:30,thermal_zone7,x86_pkg_temp,63000,0
2026-08-28T22:33:56+05:30,thermal_zone0,acpitz,48000,128000
2026-08-28T22:33:56+05:30,thermal_zone1,pch_cannonlake,54000,120000
2026-08-28T22:33:56+05:30,thermal_zone2,INT3400 Thermal,20000,0
2026-08-28T22:33:56+05:30,thermal_zone3,SEN1,1050,103050
2026-08-28T22:33:56+05:30,thermal_zone4,SEN2,41050,80050
2026-08-28T22:33:56+05:30,thermal_zone5,B0D4,48050,110050
2026-08-28T22:33:56+05:30,thermal_zone6,iwlwifi_1,55000,0
2026-08-28T22:33:56+05:30,thermal_zone7,x86_pkg_temp,62000,0
2026-08-28T22:33:57+05:30,thermal_zone0,acpitz,48000,128000
2026-08-28T22:33:57+05:30,thermal_zone1,pch_cannonlake,53000,120000
2026-08-28T22:33:57+05:30,thermal_zone2,INT3400 Thermal,20000,0
2026-08-28T22:33:57+05:30,thermal_zone3,SEN1,1050,103050
2026-08-28T22:33:57+05:30,thermal_zone4,SEN2,41050,80050
2026-08-28T22:33:57+05:30,thermal_zone5,B0D4,48050,110050
2026-08-28T22:33:57+05:30,thermal_zone6,iwlwifi_1,55000,0
2026-08-28T22:33:57+05:30,thermal_zone7,x86_pkg_temp,62000,0
2026-08-28T22:33:58+05:30,thermal_zone0,acpitz,48000,128000
2026-08-28T22:33:58+05:30,thermal_zone1,pch_cannonlake,54000,120000
2026-08-28T22:33:58+05:30,thermal_zone2,INT3400 Thermal,20000,0
2026-08-28T22:33:58+05:30,thermal_zone3,SEN1,1050,103050
2026-08-28T22:33:58+05:30,thermal_zone4,SEN2,41050,80050
2026-08-28T22:33:58+05:30,thermal_zone5,B0D4,48050,110050
2026-08-28T22:33:58+05:30,thermal_zone6,iwlwifi_1,55000,0
2026-08-28T22:33:58+05:30,thermal_zone7,x86_pkg_temp,63000,0
2026-08-28T22:34:00+05:30,thermal_zone0,acpitz,48000,128000
2026-08-28T22:34:00+05:30,thermal_zone1,pch_cannonlake,55000,120000
2026-08-28T22:34:00+05:30,thermal_zone2,INT3400 Thermal,20000,0
2026-08-28T22:34:00+05:30,thermal_zone3,SEN1,1050,103050
2026-08-28T22:34:00+05:30,thermal_zone4,SEN2,41050,80050
2026-08-28T22:34:00+05:30,thermal_zone5,B0D4,48050,110050
2026-08-28T22:34:00+05:30,thermal_zone6,iwlwifi_1,55000,0
2026-08-28T22:34:00+05:30,thermal_zone7,x86_pkg_temp,61000,0
2026-08-28T22:34:01+05:30,thermal_zone0,acpitz,48000,128000
2026-08-28T22:34:01+05:30,thermal_zone1,pch_cannonlake,53000,120000
2026-08-28T22:34:01+05:30,thermal_zone2,INT3400 Thermal,20000,0
2026-08-28T22:34:01+05:30,thermal_zone3,SEN1,1050,103050
2026-08-28T22:34:01+05:30,thermal_zone4,SEN2,41050,80050
2026-08-28T22:34:01+05:30,thermal_zone5,B0D4,48050,110050
2026-08-28T22:34:01+05:30,thermal_zone6,iwlwifi_1,55000,0
2026-08-28T22:34:01+05:30,thermal_zone7,x86_pkg_temp,65000,0
2026-08-28T22:34:02+05:30,thermal_zone0,acpitz,48000,128000
2026-08-28T22:34:02+05:30,thermal_zone1,pch_cannonlake,54000,120000
2026-08-28T22:34:02+05:30,thermal_zone2,INT3400 Thermal,20000,0
2026-08-28T22:34:02+05:30,thermal_zone3,SEN1,1050,103050
2026-08-28T22:34:02+05:30,thermal_zone4,SEN2,41050,80050
2026-08-28T22:34:02+05:30,thermal_zone5,B0D4,48050,110050
2026-08-28T22:34:02+05:30,thermal_zone6,iwlwifi_1,55000,0
2026-08-28T22:34:02+05:30,thermal_zone7,x86_pkg_temp,64000,0
2026-08-28T22:34:04+05:30,thermal_zone0,acpitz,48000,128000
2026-08-28T22:34:04+05:30,thermal_zone1,pch_cannonlake,53000,120000
2026-08-28T22:34:04+05:30,thermal_zone2,INT3400 Thermal,20000,0
2026-08-28T22:34:04+05:30,thermal_zone3,SEN1,1050,103050
2026-08-28T22:34:04+05:30,thermal_zone4,SEN2,41050,80050
2026-08-28T22:34:04+05:30,thermal_zone5,B0D4,48050,110050
2026-08-28T22:34:04+05:30,thermal_zone6,iwlwifi_1,57000,0
2026-08-28T22:34:04+05:30,thermal_zone7,x86_pkg_temp,62000,0
2026-08-28T22:34:05+05:30,thermal_zone0,acpitz,48000,128000
2026-08-28T22:34:05+05:30,thermal_zone1,pch_cannonlake,55000,120000
2026-08-28T22:34:05+05:30,thermal_zone2,INT3400 Thermal,20000,0
2026-08-28T22:34:05+05:30,thermal_zone3,SEN1,1050,103050
2026-08-28T22:34:05+05:30,thermal_zone4,SEN2,41050,80050
2026-08-28T22:34:05+05:30,thermal_zone5,B0D4,48050,110050
2026-08-28T22:34:05+05:30,thermal_zone6,iwlwifi_1,55000,0
2026-08-28T22:34:05+05:30,thermal_zone7,x86_pkg_temp,62000,0
2026-08-28T22:34:06+05:30,thermal_zone0,acpitz,48000,128000
2026-08-28T22:34:06+05:30,thermal_zone1,pch_cannonlake,53000,120000
2026-08-28T22:34:06+05:30,thermal_zone2,INT3400 Thermal,20000,0
2026-08-28T22:34:06+05:30,thermal_zone3,SEN1,1050,103050
2026-08-28T22:34:06+05:30,thermal_zone4,SEN2,41050,80050
2026-08-28T22:34:06+05:30,thermal_zone5,B0D4,48050,110050
2026-08-28T22:34:06+05:30,thermal_zone6,iwlwifi_1,55000,0
2026-08-28T22:34:06+05:30,thermal_zone7,x86_pkg_temp,63000,0
2026-08-28T22:34:08+05:30,thermal_zone0,acpitz,48000,128000
2026-08-28T22:34:08+05:30,thermal_zone1,pch_cannonlake,54000,120000
2026-08-28T22:34:08+05:30,thermal_zone2,INT3400 Thermal,20000,0
2026-08-28T22:34:08+05:30,thermal_zone3,SEN1,1050,103050
2026-08-28T22:34:08+05:30,thermal_zone4,SEN2,41050,80050
2026-08-28T22:34:08+05:30,thermal_zone5,B0D4,48050,110050
2026-08-28T22:34:08+05:30,thermal_zone6,iwlwifi_1,55000,0
2026-08-28T22:34:08+05:30,thermal_zone7,x86_pkg_temp,62000,0
2026-08-28T22:34:09+05:30,thermal_zone0,acpitz,48000,128000
2026-08-28T22:34:09+05:30,thermal_zone1,pch_cannonlake,54000,120000
2026-08-28T22:34:09+05:30,thermal_zone2,INT3400 Thermal,20000,0
2026-08-28T22:34:09+05:30,thermal_zone3,SEN1,1050,103050
2026-08-28T22:34:09+05:30,thermal_zone4,SEN2,41050,80050
2026-08-28T22:34:09+05:30,thermal_zone5,B0D4,48050,110050
2026-08-28T22:34:09+05:30,thermal_zone6,iwlwifi_1,55000,0
2026-08-28T22:34:09+05:30,thermal_zone7,x86_pkg_temp,63000,0
2026-08-28T22:34:10+05:30,thermal_zone0,acpitz,48000,128000
2026-08-28T22:34:10+05:30,thermal_zone1,pch_cannonlake,54000,120000
2026-08-28T22:34:10+05:30,thermal_zone2,INT3400 Thermal,20000,0
2026-08-28T22:34:10+05:30,thermal_zone3,SEN1,1050,103050
2026-08-28T22:34:10+05:30,thermal_zone4,SEN2,41050,80050
2026-08-28T22:34:10+05:30,thermal_zone5,B0D4,48050,110050
2026-08-28T22:34:10+05:30,thermal_zone6,iwlwifi_1,54000,0
2026-08-28T22:34:10+05:30,thermal_zone7,x86_pkg_temp,64000,0
2026-08-28T22:34:11+05:30,thermal_zone0,acpitz,48000,128000
2026-08-28T22:34:11+05:30,thermal_zone1,pch_cannonlake,53000,120000
2026-08-28T22:34:11+05:30,thermal_zone2,INT3400 Thermal,20000,0
2026-08-28T22:34:11+05:30,thermal_zone3,SEN1,1050,103050
2026-08-28T22:34:11+05:30,thermal_zone4,SEN2,41050,80050
2026-08-28T22:34:11+05:30,thermal_zone5,B0D4,48050,110050
2026-08-28T22:34:11+05:30,thermal_zone6,iwlwifi_1,55000,0
2026-08-28T22:34:11+05:30,thermal_zone7,x86_pkg_temp,62000,0
2026-08-28T22:34:13+05:30,thermal_zone0,acpitz,48000,128000
2026-08-28T22:34:13+05:30,thermal_zone1,pch_cannonlake,54000,120000
2026-08-28T22:34:13+05:30,thermal_zone2,INT3400 Thermal,20000,0
2026-08-28T22:34:13+05:30,thermal_zone3,SEN1,1050,103050
2026-08-28T22:34:13+05:30,thermal_zone4,SEN2,41050,80050
2026-08-28T22:34:13+05:30,thermal_zone5,B0D4,48050,110050
2026-08-28T22:34:13+05:30,thermal_zone6,iwlwifi_1,57000,0
2026-08-28T22:34:13+05:30,thermal_zone7,x86_pkg_temp,62000,0
2026-08-28T22:34:14+05:30,thermal_zone0,acpitz,48000,128000
2026-08-28T22:34:14+05:30,thermal_zone1,pch_cannonlake,53000,120000
2026-08-28T22:34:14+05:30,thermal_zone2,INT3400 Thermal,20000,0
2026-08-28T22:34:14+05:30,thermal_zone3,SEN1,1050,103050
2026-08-28T22:34:14+05:30,thermal_zone4,SEN2,41050,80050
2026-08-28T22:34:14+05:30,thermal_zone5,B0D4,48050,110050
2026-08-28T22:34:14+05:30,thermal_zone6,iwlwifi_1,55000,0
2026-08-28T22:34:14+05:30,thermal_zone7,x86_pkg_temp,64000,0
2026-08-28T22:34:15+05:30,thermal_zone0,acpitz,48000,128000
2026-08-28T22:34:15+05:30,thermal_zone1,pch_cannonlake,54000,120000
2026-08-28T22:34:15+05:30,thermal_zone2,INT3400 Thermal,20000,0
2026-08-28T22:34:15+05:30,thermal_zone3,SEN1,1050,103050
2026-08-28T22:34:15+05:30,thermal_zone4,SEN2,41050,80050
2026-08-28T22:34:15+05:30,thermal_zone5,B0D4,48050,110050
2026-08-28T22:34:15+05:30,thermal_zone6,iwlwifi_1,55000,0
2026-08-28T22:34:15+05:30,thermal_zone7,x86_pkg_temp,62000,0
2026-08-28T22:34:17+05:30,thermal_zone0,acpitz,48000,128000
2026-08-28T22:34:17+05:30,thermal_zone1,pch_cannonlake,54000,120000
2026-08-28T22:34:17+05:30,thermal_zone2,INT3400 Thermal,20000,0
2026-08-28T22:34:17+05:30,thermal_zone3,SEN1,1050,103050
2026-08-28T22:34:17+05:30,thermal_zone4,SEN2,41050,80050
2026-08-28T22:34:17+05:30,thermal_zone5,B0D4,48050,110050
2026-08-28T22:34:17+05:30,thermal_zone6,iwlwifi_1,55000,0
2026-08-28T22:34:17+05:30,thermal_zone7,x86_pkg_temp,62000,0
2026-08-28T22:34:18+05:30,thermal_zone0,acpitz,48000,128000
2026-08-28T22:34:18+05:30,thermal_zone1,pch_cannonlake,54000,120000
2026-08-28T22:34:18+05:30,thermal_zone2,INT3400 Thermal,20000,0
2026-08-28T22:34:18+05:30,thermal_zone3,SEN1,1050,103050
2026-08-28T22:34:18+05:30,thermal_zone4,SEN2,40050,80050
2026-08-28T22:34:18+05:30,thermal_zone5,B0D4,48050,110050
2026-08-28T22:34:18+05:30,thermal_zone6,iwlwifi_1,55000,0
2026-08-28T22:34:18+05:30,thermal_zone7,x86_pkg_temp,62000,0
2026-08-28T22:34:19+05:30,thermal_zone0,acpitz,48000,128000
2026-08-28T22:34:19+05:30,thermal_zone1,pch_cannonlake,54000,120000
2026-08-28T22:34:19+05:30,thermal_zone2,INT3400 Thermal,20000,0
2026-08-28T22:34:19+05:30,thermal_zone3,SEN1,1050,103050
2026-08-28T22:34:19+05:30,thermal_zone4,SEN2,40050,80050
2026-08-28T22:34:19+05:30,thermal_zone5,B0D4,48050,110050
2026-08-28T22:34:19+05:30,thermal_zone6,iwlwifi_1,55000,0
2026-08-28T22:34:19+05:30,thermal_zone7,x86_pkg_temp,62000,0
2026-08-28T22:34:20+05:30,thermal_zone0,acpitz,48000,128000
2026-08-28T22:34:20+05:30,thermal_zone1,pch_cannonlake,54000,120000
2026-08-28T22:34:20+05:30,thermal_zone2,INT3400 Thermal,20000,0
2026-08-28T22:34:20+05:30,thermal_zone3,SEN1,1050,103050
2026-08-28T22:34:20+05:30,thermal_zone4,SEN2,40050,80050
2026-08-28T22:34:20+05:30,thermal_zone5,B0D4,48050,110050
2026-08-28T22:34:20+05:30,thermal_zone6,iwlwifi_1,55000,0
2026-08-28T22:34:20+05:30,thermal_zone7,x86_pkg_temp,63000,0
2026-08-28T22:34:22+05:30,thermal_zone0,acpitz,48000,128000
2026-08-28T22:34:22+05:30,thermal_zone1,pch_cannonlake,54000,120000
2026-08-28T22:34:22+05:30,thermal_zone2,INT3400 Thermal,20000,0
2026-08-28T22:34:22+05:30,thermal_zone3,SEN1,1050,103050
2026-08-28T22:34:22+05:30,thermal_zone4,SEN2,40050,80050
2026-08-28T22:34:22+05:30,thermal_zone5,B0D4,48050,110050
2026-08-28T22:34:22+05:30,thermal_zone6,iwlwifi_1,55000,0
2026-08-28T22:34:22+05:30,thermal_zone7,x86_pkg_temp,64000,0
2026-08-28T22:34:23+05:30,thermal_zone0,acpitz,48000,128000
2026-08-28T22:34:23+05:30,thermal_zone1,pch_cannonlake,55000,120000
2026-08-28T22:34:23+05:30,thermal_zone2,INT3400 Thermal,20000,0
2026-08-28T22:34:23+05:30,thermal_zone3,SEN1,1050,103050
2026-08-28T22:34:23+05:30,thermal_zone4,SEN2,40050,80050
2026-08-28T22:34:23+05:30,thermal_zone5,B0D4,48050,110050
2026-08-28T22:34:23+05:30,thermal_zone6,iwlwifi_1,54000,0
2026-08-28T22:34:23+05:30,thermal_zone7,x86_pkg_temp,62000,0
2026-08-28T22:34:24+05:30,thermal_zone0,acpitz,48000,128000
2026-08-28T22:34:24+05:30,thermal_zone1,pch_cannonlake,54000,120000
2026-08-28T22:34:24+05:30,thermal_zone2,INT3400 Thermal,20000,0
2026-08-28T22:34:24+05:30,thermal_zone3,SEN1,1050,103050
2026-08-28T22:34:24+05:30,thermal_zone4,SEN2,40050,80050
2026-08-28T22:34:24+05:30,thermal_zone5,B0D4,48050,110050
2026-08-28T22:34:24+05:30,thermal_zone6,iwlwifi_1,54000,0
2026-08-28T22:34:24+05:30,thermal_zone7,x86_pkg_temp,64000,0
2026-08-28T22:34:26+05:30,thermal_zone0,acpitz,48000,128000
2026-08-28T22:34:26+05:30,thermal_zone1,pch_cannonlake,55000,120000
2026-08-28T22:34:26+05:30,thermal_zone2,INT3400 Thermal,20000,0
2026-08-28T22:34:26+05:30,thermal_zone3,SEN1,1050,103050
2026-08-28T22:34:26+05:30,thermal_zone4,SEN2,40050,80050
2026-08-28T22:34:26+05:30,thermal_zone5,B0D4,48050,110050
2026-08-28T22:34:26+05:30,thermal_zone6,iwlwifi_1,55000,0
2026-08-28T22:34:26+05:30,thermal_zone7,x86_pkg_temp,63000,0
2026-08-28T22:34:27+05:30,thermal_zone0,acpitz,48000,128000
2026-08-28T22:34:27+05:30,thermal_zone1,pch_cannonlake,55000,120000
2026-08-28T22:34:27+05:30,thermal_zone2,INT3400 Thermal,20000,0
2026-08-28T22:34:27+05:30,thermal_zone3,SEN1,1050,103050
2026-08-28T22:34:27+05:30,thermal_zone4,SEN2,40050,80050
2026-08-28T22:34:27+05:30,thermal_zone5,B0D4,48050,110050
2026-08-28T22:34:27+05:30,thermal_zone6,iwlwifi_1,54000,0
2026-08-28T22:34:27+05:30,thermal_zone7,x86_pkg_temp,62000,0
2026-08-28T22:34:28+05:30,thermal_zone0,acpitz,48000,128000
2026-08-28T22:34:28+05:30,thermal_zone1,pch_cannonlake,54000,120000
2026-08-28T22:34:28+05:30,thermal_zone2,INT3400 Thermal,20000,0
2026-08-28T22:34:28+05:30,thermal_zone3,SEN1,1050,103050
2026-08-28T22:34:28+05:30,thermal_zone4,SEN2,40050,80050
2026-08-28T22:34:28+05:30,thermal_zone5,B0D4,48050,110050
2026-08-28T22:34:28+05:30,thermal_zone6,iwlwifi_1,55000,0
2026-08-28T22:34:28+05:30,thermal_zone7,x86_pkg_temp,64000,0
2026-08-28T22:34:30+05:30,thermal_zone0,acpitz,48000,128000
2026-08-28T22:34:30+05:30,thermal_zone1,pch_cannonlake,53000,120000
2026-08-28T22:34:30+05:30,thermal_zone2,INT3400 Thermal,20000,0
2026-08-28T22:34:30+05:30,thermal_zone3,SEN1,1050,103050
2026-08-28T22:34:30+05:30,thermal_zone4,SEN2,40050,80050
2026-08-28T22:34:30+05:30,thermal_zone5,B0D4,48050,110050
2026-08-28T22:34:30+05:30,thermal_zone6,iwlwifi_1,54000,0
2026-08-28T22:34:30+05:30,thermal_zone7,x86_pkg_temp,63000,0
2026-08-28T22:34:31+05:30,thermal_zone0,acpitz,48000,128000
2026-08-28T22:34:31+05:30,thermal_zone1,pch_cannonlake,53000,120000
2026-08-28T22:34:31+05:30,thermal_zone2,INT3400 Thermal,20000,0
2026-08-28T22:34:31+05:30,thermal_zone3,SEN1,1050,103050
2026-08-28T22:34:31+05:30,thermal_zone4,SEN2,40050,80050
2026-08-28T22:34:31+05:30,thermal_zone5,B0D4,48050,110050
2026-08-28T22:34:31+05:30,thermal_zone6,iwlwifi_1,54000,0
2026-08-28T22:34:31+05:30,thermal_zone7,x86_pkg_temp,62000,0
2026-08-28T22:34:32+05:30,thermal_zone0,acpitz,48000,128000
2026-08-28T22:34:32+05:30,thermal_zone1,pch_cannonlake,54000,120000
2026-08-28T22:34:32+05:30,thermal_zone2,INT3400 Thermal,20000,0
2026-08-28T22:34:32+05:30,thermal_zone3,SEN1,1050,103050
2026-08-28T22:34:32+05:30,thermal_zone4,SEN2,40050,80050
2026-08-28T22:34:32+05:30,thermal_zone5,B0D4,48050,110050
2026-08-28T22:34:32+05:30,thermal_zone6,iwlwifi_1,54000,0
2026-08-28T22:34:32+05:30,thermal_zone7,x86_pkg_temp,62000,0
2026-08-28T22:34:33+05:30,thermal_zone0,acpitz,48000,128000
2026-08-28T22:34:33+05:30,thermal_zone1,pch_cannonlake,54000,120000
2026-08-28T22:34:33+05:30,thermal_zone2,INT3400 Thermal,20000,0
2026-08-28T22:34:33+05:30,thermal_zone3,SEN1,1050,103050
2026-08-28T22:34:33+05:30,thermal_zone4,SEN2,40050,80050
2026-08-28T22:34:33+05:30,thermal_zone5,B0D4,48050,110050
2026-08-28T22:34:33+05:30,thermal_zone6,iwlwifi_1,55000,0
2026-08-28T22:34:33+05:30,thermal_zone7,x86_pkg_temp,62000,0
2026-08-28T22:34:35+05:30,thermal_zone0,acpitz,48000,128000
2026-08-28T22:34:35+05:30,thermal_zone1,pch_cannonlake,54000,120000
2026-08-28T22:34:35+05:30,thermal_zone2,INT3400 Thermal,20000,0
2026-08-28T22:34:35+05:30,thermal_zone3,SEN1,1050,103050
2026-08-28T22:34:35+05:30,thermal_zone4,SEN2,41050,80050
2026-08-28T22:34:35+05:30,thermal_zone5,B0D4,48050,110050
2026-08-28T22:34:35+05:30,thermal_zone6,iwlwifi_1,55000,0
2026-08-28T22:34:35+05:30,thermal_zone7,x86_pkg_temp,63000,0
2026-08-28T22:34:36+05:30,thermal_zone0,acpitz,48000,128000
2026-08-28T22:34:36+05:30,thermal_zone1,pch_cannonlake,54000,120000
2026-08-28T22:34:36+05:30,thermal_zone2,INT3400 Thermal,20000,0
2026-08-28T22:34:36+05:30,thermal_zone3,SEN1,1050,103050
2026-08-28T22:34:36+05:30,thermal_zone4,SEN2,41050,80050
2026-08-28T22:34:36+05:30,thermal_zone5,B0D4,48050,110050
2026-08-28T22:34:36+05:30,thermal_zone6,iwlwifi_1,57000,0
2026-08-28T22:34:36+05:30,thermal_zone7,x86_pkg_temp,64000,0
2026-08-28T22:34:37+05:30,thermal_zone0,acpitz,48000,128000
2026-08-28T22:34:37+05:30,thermal_zone1,pch_cannonlake,53000,120000
2026-08-28T22:34:37+05:30,thermal_zone2,INT3400 Thermal,20000,0
2026-08-28T22:34:37+05:30,thermal_zone3,SEN1,1050,103050
2026-08-28T22:34:37+05:30,thermal_zone4,SEN2,41050,80050
2026-08-28T22:34:37+05:30,thermal_zone5,B0D4,48050,110050
2026-08-28T22:34:37+05:30,thermal_zone6,iwlwifi_1,57000,0
2026-08-28T22:34:37+05:30,thermal_zone7,x86_pkg_temp,62000,0
2026-08-28T22:34:39+05:30,thermal_zone0,acpitz,48000,128000
2026-08-28T22:34:39+05:30,thermal_zone1,pch_cannonlake,53000,120000
2026-08-28T22:34:39+05:30,thermal_zone2,INT3400 Thermal,20000,0
2026-08-28T22:34:39+05:30,thermal_zone3,SEN1,1050,103050
2026-08-28T22:34:39+05:30,thermal_zone4,SEN2,41050,80050
2026-08-28T22:34:39+05:30,thermal_zone5,B0D4,48050,110050
2026-08-28T22:34:39+05:30,thermal_zone6,iwlwifi_1,55000,0
2026-08-28T22:34:39+05:30,thermal_zone7,x86_pkg_temp,62000,0
2026-08-28T22:34:40+05:30,thermal_zone0,acpitz,48000,128000
2026-08-28T22:34:40+05:30,thermal_zone1,pch_cannonlake,53000,120000
2026-08-28T22:34:40+05:30,thermal_zone2,INT3400 Thermal,20000,0
2026-08-28T22:34:40+05:30,thermal_zone3,SEN1,1050,103050
2026-08-28T22:34:40+05:30,thermal_zone4,SEN2,41050,80050
2026-08-28T22:34:40+05:30,thermal_zone5,B0D4,48050,110050
2026-08-28T22:34:40+05:30,thermal_zone6,iwlwifi_1,56000,0
2026-08-28T22:34:40+05:30,thermal_zone7,x86_pkg_temp,64000,0
2026-08-28T22:34:41+05:30,thermal_zone0,acpitz,48000,128000
2026-08-28T22:34:41+05:30,thermal_zone1,pch_cannonlake,54000,120000
2026-08-28T22:34:41+05:30,thermal_zone2,INT3400 Thermal,20000,0
2026-08-28T22:34:41+05:30,thermal_zone3,SEN1,1050,103050
2026-08-28T22:34:41+05:30,thermal_zone4,SEN2,41050,80050
2026-08-28T22:34:41+05:30,thermal_zone5,B0D4,48050,110050
2026-08-28T22:34:41+05:30,thermal_zone6,iwlwifi_1,55000,0
2026-08-28T22:34:41+05:30,thermal_zone7,x86_pkg_temp,65000,0
2026-08-28T22:34:43+05:30,thermal_zone0,acpitz,48000,128000
2026-08-28T22:34:43+05:30,thermal_zone1,pch_cannonlake,53000,120000
2026-08-28T22:34:43+05:30,thermal_zone2,INT3400 Thermal,20000,0
2026-08-28T22:34:43+05:30,thermal_zone3,SEN1,1050,103050
2026-08-28T22:34:43+05:30,thermal_zone4,SEN2,41050,80050
2026-08-28T22:34:43+05:30,thermal_zone5,B0D4,48050,110050
2026-08-28T22:34:43+05:30,thermal_zone6,iwlwifi_1,55000,0
2026-08-28T22:34:43+05:30,thermal_zone7,x86_pkg_temp,64000,0
2026-08-28T22:34:44+05:30,thermal_zone0,acpitz,48000,128000
2026-08-28T22:34:44+05:30,thermal_zone1,pch_cannonlake,54000,120000
2026-08-28T22:34:44+05:30,thermal_zone2,INT3400 Thermal,20000,0
2026-08-28T22:34:44+05:30,thermal_zone3,SEN1,1050,103050
2026-08-28T22:34:44+05:30,thermal_zone4,SEN2,41050,80050
2026-08-28T22:34:44+05:30,thermal_zone5,B0D4,48050,110050
2026-08-28T22:34:44+05:30,thermal_zone6,iwlwifi_1,55000,0
2026-08-28T22:34:44+05:30,thermal_zone7,x86_pkg_temp,66000,0
2026-08-28T22:34:45+05:30,thermal_zone0,acpitz,48000,128000
2026-08-28T22:34:45+05:30,thermal_zone1,pch_cannonlake,54000,120000
2026-08-28T22:34:45+05:30,thermal_zone2,INT3400 Thermal,20000,0
2026-08-28T22:34:45+05:30,thermal_zone3,SEN1,1050,103050
2026-08-28T22:34:45+05:30,thermal_zone4,SEN2,41050,80050
2026-08-28T22:34:45+05:30,thermal_zone5,B0D4,48050,110050
2026-08-28T22:34:45+05:30,thermal_zone6,iwlwifi_1,55000,0
2026-08-28T22:34:45+05:30,thermal_zone7,x86_pkg_temp,64000,0
2026-08-28T22:34:46+05:30,thermal_zone0,acpitz,48000,128000
2026-08-28T22:34:46+05:30,thermal_zone1,pch_cannonlake,54000,120000
2026-08-28T22:34:46+05:30,thermal_zone2,INT3400 Thermal,20000,0
2026-08-28T22:34:46+05:30,thermal_zone3,SEN1,1050,103050
2026-08-28T22:34:46+05:30,thermal_zone4,SEN2,41050,80050
2026-08-28T22:34:46+05:30,thermal_zone5,B0D4,48050,110050
2026-08-28T22:34:46+05:30,thermal_zone6,iwlwifi_1,55000,0
2026-08-28T22:34:46+05:30,thermal_zone7,x86_pkg_temp,63000,0
